Sample Name,solute_smiles,RT,Solvent,Solubility,solvent_smiles
(1-BROMOETHYL)BENZENE,CC(C1=CC=CC=C1)Br,5.607,MeOH,1,CO
"(2,6-Dioxo-piperidin-4-yl)-acetic_acid",C1C(CC(=O)NC1=O)CC(=O)O,1.146,MeOH,0,CO
(2-BENZYLOXYCARBONYLAMINO-ACETYLAMINO)-ACETIC_ACID,C1=CC=C(C=C1)COC(=O)NCC(=O)NCC(=O)O,4.021,MeOH,0,CO
(2S)-2-{[(9H-fluoren-9-ylmethoxy)carbonyl]amino}-4-hydroxybutanoic acid,C1=CC=C2C(=C1)C(C3=CC=CC=C32)COC(=O)N[C@@H](CCO)C(=O)O,3.327,MeOH,0,CO
"(2S,5S)-1-Hydroxy-2,5-diphenylphospholane 1-oxide",C1C[C@H](P(=O)([C@@H]1C2=CC=CC=C2)O)C3=CC=CC=C3,5.678,MeOH,0,CO
"(?S)-4-(1,1-Dimethylethoxy)-?-[[(9H-fluoren-9-ylmethoxy)carbonyl]amino]benzenebutanoic_acid",CC(C)(C)OC1=CC=C(C=C1)CC[C@@H](C(=O)O)NC(=O)OCC2C3=CC=CC=C3C4=CC=CC=C24,6.019,MeOH,0,CO
(R)-(-)-2-Methoxy-2-phenylethanol,CO[C@@H](CO)C1=CC=CC=C1,3.983,MeOH,1,CO
"(S)-(-)-2-Amino-3-methyl-1,1-diphenyl-1-butanol",CC(C)[C@@H](C(C1=CC=CC=C1)(C2=CC=CC=C2)O)N,3.412,MeOH,0,CO
(S)-Benzyl 2-(((S)-1-methoxy-4-methyl-1-oxopentan-2-yl)carbamoyl)pyrrolidine-1-carboxylate,CC(C)C[C@@H](C(=O)OC)NC(=O)[C@@H]1CCCN1C(=O)OCC2=CC=CC=C2,5.141,MeOH,1,CO
"1,1,1-Tris(4-hydroxyphenyl)ethane",CC(C1=CC=C(C=C1)O)(C2=CC=C(C=C2)O)C3=CC=C(C=C3)O,4.627,MeOH,1,CO
"1,1,3-Triphenylpropargyl alcohol",C1=CC=C(C=C1)C#CC(C2=CC=CC=C2)(C3=CC=CC=C3)O,5.897,MeOH,1,CO
"1,2-Bis(4-hydroxyphenyl)ethane-1,2-dione",C1=CC(=CC=C1C(=O)C(=O)C2=CC=C(C=C2)O)O,4.482,MeOH,1,CO
"1,3-Bis(trifluoromethyl)-5-bromobenzene",C1=C(C=C(C=C1C(F)(F)F)Br)C(F)(F)F,6.098,MeOH,1,CO
"1,3-Butanediol-diacrylate",CC(CCOC(=O)C=C)OC(=O)C=C,5.0,MeOH,1,CO
"1,3-Dimethyl 2-[(4-methoxyphenyl)methylene]propanedioate",COC1=CC=C(C=C1)C=C(C(=O)OC)C(=O)OC,5.161,MeOH,1,CO
"1,3-Diphenylacetone_p-tosylhydrazone",CC1=CC=C(C=C1)S(=O)(=O)NN=C(CC2=CC=CC=C2)CC3=CC=CC=C3,5.892,MeOH,0,CO
"1,4-Bis(bromomethyl)-2,3,5,6-tetrafluorobenzene_",C(C1=C(C(=C(C(=C1F)F)CBr)F)F)Br,5.895,MeOH,0,CO
"1,4-Cyclohexanedicarboxylic-acid",C1CC(CCC1C(=O)O)C(=O)O,3.53,MeOH,1,CO
"1,4-Dibromo-2,3-butanedione",C(C(=O)C(=O)CBr)Br,3.506,MeOH,1,CO
1-(4-Biphenyl)-1-ethanol,CC(C1=CC=C(C=C1)C2=CC=CC=C2)O,5.167,MeOH,1,CO
"1-(9H-Fluoren-9-ylmethyl) (2S,4S)-4-[[(1,1-dimethylethoxy)carbonyl]amino]-1,2-pyrrolidinedicarboxylate_",CC(C)(C)OC(=O)N[C@H]1C[C@H](N(C1)C(=O)OCC2C3=CC=CC=C3C4=CC=CC=C24)C(=O)O,5.559,MeOH,1,CO
1-(tert-Butoxycarbonyl)-4-[(9H-fluoren-9-ylmethoxy)carbonyl]-2-piperazinecarboxylic_acid,CC(C)(C)OC(=O)N1CCN(CC1C(=O)O)C(=O)OCC2C3=CC=CC=C3C4=CC=CC=C24,5.7,MeOH,0,CO
1-BROMO-3-METHYLBUTANE,CC(C)CCBr,0.0,MeOH,1,CO
1-Benzofuran-5-carboxylic_acid,C1=CC2=C(C=CO2)C=C1C(=O)O,4.429,MeOH,0,CO
1-Benzylpiperidine,C1CCN(CC1)CC2=CC=CC=C2,0.0,MeOH,1,CO
1-Bromo-4-(trifluoromethoxy)benzene,C1=CC(=CC=C1OC(F)(F)F)Br,5.937,MeOH,1,CO
1-Bromopentanemethylbenzene,CC1=C(C(=C(C(=C1C)C)Br)C)C,6.696,MeOH,0,CO
1-Phenyl-5-(trifluoromethyl)-1H-pyrazole-4-carboxylic_acid,C1=CC=C(C=C1)N2C(=C(C=N2)C(=O)O)C(F)(F)F,4.911,MeOH,1,CO
1-Pyrenemethanol,C1=CC2=C3C(=C1)C=CC4=C(C=CC(=C43)C=C2)CO,5.4,MeOH,0,CO
"1-Tosyl-2,5-dihydro-1H-pyrrole",CC1=CC=C(C=C1)S(=O)(=O)N2CC=CC2,5.089,MeOH,0,CO
"2,2"",4,4""-Tetramethylbenzophenone",CC1=CC(=C(C=C1)C(=O)C2=C(C=C(C=C2)C)C)C,6.309,MeOH,1,CO
"2,2,2-TRIFLUOROACETOPHENONE",C1=CC=C(C=C1)C(=O)C(F)(F)F,4.383,MeOH,1,CO
"2,3,4-Trifluorobenzoic acid",C1=CC(=C(C(=C1C(=O)O)F)F)F,4.672,MeOH,1,CO
"2,3,6,7,10,11-Hexamethoxytriphenylene",COC1=C(C=C2C(=C1)C3=CC(=C(C=C3C4=CC(=C(C=C24)OC)OC)OC)OC)OC,5.531,MeOH,0,CO
"2,4,6-Tris(bromomethyl)mesitylene",CC1=C(C(=C(C(=C1CBr)C)CBr)C)CBr,6.232,MeOH,0,CO
"2,4-Dichlorophenol",C1=CC(=C(C=C1Cl)Cl)O,4.997,MeOH,1,CO
"2,6-Bis[(4S)-4-phenyl-2-oxazolinyl]pyridine",C1[C@@H](N=C(O1)C2=NC(=CC=C2)C3=N[C@H](CO3)C4=CC=CC=C4)C5=CC=CC=C5,5.362,MeOH,0,CO
"2,6-Dichloroiodobenzene",C1=CC(=C(C(=C1)Cl)I)Cl,6.045,MeOH,1,CO
"2,6-Diisopropylphenol",CC(C)C1=C(C(=CC=C1)C(C)C)O,5.797,MeOH,1,CO
"2,6-Dimethoxy-1,4-benzoquinone",COC1=CC(=O)C=C(C1=O)OC,3.493,MeOH,0,CO
"2,6-Dimethoxybenzoyl_chloride",COC1=C(C(=CC=C1)OC)C(=O)Cl,3.843,MeOH,0,CO
2-(3-Chlorophenoxy)propionic-acid,CC(C(=O)O)OC1=CC(=CC=C1)Cl,4.927,MeOH,1,CO
2-(4-Chlorobenzoyl)benzoic_acid,C1=CC=C(C(=C1)C(=O)C2=CC=C(C=C2)Cl)C(=O)O,5.135,MeOH,1,CO
2-(Diphenylphosphino)benzoic-acid,C1=CC=C(C=C1)P(C2=CC=CC=C2)C3=CC=CC=C3C(=O)O,5.731,MeOH,0,CO
2-(Trifluoromethyl)pyridine-4-carboxylic_acid,C1=CN=C(C=C1C(=O)O)C(F)(F)F,4.521,MeOH,1,CO
2-Amino-4-phenylphenol,C1=CC=C(C=C1)C2=CC(=C(C=C2)O)N,4.231,MeOH,0,CO
2-Amino-6-bromopyridine,C1=CC(=NC(=C1)Br)N,4.028,MeOH,1,CO
2-Benzyloxybenzoic_acid ,C1=CC=C(C=C1)COC2=CC=CC=C2C(=O)O,5.023,MeOH,1,CO
"2-Bromo-2',6'-diisopropoxy-1,1'-biphenyl",CC(C)OC1=C(C(=CC=C1)OC(C)C)C2=CC=CC=C2Br,6.433,MeOH,1,CO
2-Bromo-5-(trifluoromethyl)benzaldehyde,C1=CC(=C(C=C1C(F)(F)F)C=O)Br,5.538,MeOH,1,CO
2-Bromo-5-chlorotoluene,CC1=C(C=CC(=C1)Cl)Br,6.108,MeOH,1,CO
2-Bromoanthraquinone,C1=CC=C2C(=C1)C(=O)C3=C(C2=O)C=C(C=C3)Br,6.069,MeOH,0,CO
2-Bromonaphthalen-1-ol,C1=CC=C2C(=C1)C=CC(=C2O)Br,5.391,MeOH,1,CO
2-Bromophenethylamine,C1=CC=C(C(=C1)CCN)Br,1.793,MeOH,1,CO
2-Bromotoluene,CC1=CC=CC=C1Br,5.8,MeOH,1,CO
2-Hydroxy-4-(trifluoromethyl)aniline,C1=CC(=C(C=C1C(F)(F)F)O)N,5.242,MeOH,0,CO
2-Iodobenzaldehyde,C1=CC=C(C(=C1)C=O)I,5.212,MeOH,1,CO
2-Iodobenzyl_bromide,C1=CC=C(C(=C1)CBr)I,5.787,MeOH,0,CO
2-Iodopyridine,C1=CC=NC(=C1)I,4.373,MeOH,1,CO
2-Isopropylthioxanthone,CC(C)C1=CC2=C(C=C1)SC3=CC=CC=C3C2=O,6.361,MeOH,0,CO
"2-Methyl-5-(trifluoromethyl)-1,3-benzoxazole",CC1=NC2=C(O1)C=CC(=C2)C(F)(F)F,5.205,MeOH,1,CO
"3,3-Dimethyl-1-indanone",CC1(CC(=O)C2=CC=CC=C21)C,5.04,MeOH,1,CO
"3,4,5-TRIBROMO-1H-PYRAZOLE",C1(=C(NN=C1Br)Br)Br,4.899,MeOH,1,CO
"3,4,7,8-Tetramethyl-1,10-phenanthroline",CC1=CN=C2C(=C1C)C=CC3=C(C(=CN=C32)C)C,3.473,MeOH,0,CO
"3,5-Di-tert-butylbenzoic acid",CC(C)(C)C1=CC(=CC(=C1)C(=O)O)C(C)(C)C,5.809,MeOH,1,CO
"3,5-Dibromotoluene",CC1=CC(=CC(=C1)Br)Br,6.23,MeOH,1,CO
"3,5-Dimethylbenzoyl_chloride",CC1=CC(=CC(=C1)C(=O)Cl)C,4.754,MeOH,1,CO
"3,6-Dimethoxy-9H-carbazole",COC1=CC2=C(C=C1)NC3=C2C=C(C=C3)OC,5.255,MeOH,0,CO
3-(2-Naphthyl)acrylic_acid,C1=CC=C2C=C(C=CC2=C1)/C=C/C(=O)O,5.054,MeOH,0,CO
3-(Phenylthio)propanoic-acid,C1=CC=C(C=C1)SCCC(=O)O,4.682,MeOH,1,CO
3-(tert-Butoxycarbonyl)benzoic_acid,CC(C)(C)OC(=O)C1=CC=CC(=C1)C(=O)O,5.126,MeOH,1,CO
3-Bromobenzoyl_chloride,C1=CC(=CC(=C1)Br)C(=O)Cl,4.835,MeOH,1,CO
3-Bromopropionyl_chloride,C(CBr)C(=O)Cl,2.918,MeOH,1,CO
3-Chloro-4-methoxyaniline,COC1=C(C=C(C=C1)N)Cl,3.019,MeOH,1,CO
3-[[(9H-Fluoren-9-ylmethoxy)carbonyl]amino]-2-naphthalenecarboxylic acid,C1=CC=C2C=C(C(=CC2=C1)C(=O)O)NC(=O)OCC3C4=CC=CC=C4C5=CC=CC=C35,6.491,MeOH,0,CO
"4,4',4''-Trimethoxytrityl chloride",COC1=CC=C(C=C1)C(C2=CC=C(C=C2)OC)(C3=CC=C(C=C3)OC)Cl,5.641,MeOH,1,CO
"4,4'-Dihydroxybiphenyl",C1=CC(=CC=C1C2=CC=C(C=C2)O)O,4.374,MeOH,0,CO
"4,4'-Dimethoxybenzophenone",COC1=CC=C(C=C1)C(=O)C2=CC=C(C=C2)OC,5.396,MeOH,0,CO
"4,4?,4??-(1,3,5-TRIAZINE-2,4,6-TRIYL)TRIBENZALDEHYDE",C1=CC(=CC=C1C=O)C2=NC(=NC(=N2)C3=CC=C(C=C3)C=O)C4=CC=C(C=C4)C=O,5.238,MeOH,0,CO
4-(Bromomethyl)benzoic_acid,C1=CC(=CC=C1CBr)C(=O)O,4.688,MeOH,0,CO
4-(Hydroxymethyl)phenylacetic-acid,C1=CC(=CC=C1CC(=O)O)CO,3.398,MeOH,1,CO
4-(Trifluoroacetyl)phenacyl-bromide,C1=CC(=CC=C1C(=O)CBr)C(=O)C(F)(F)F,4.708,MeOH,1,CO
4-(Trifluoromethyl)benzylamine,C1=CC(=CC=C1CN)C(F)(F)F,0.0,MeOH,1,CO
"4-Bromo-3,5-dimethoxybenzoic acid",COC1=CC(=CC(=C1Br)OC)C(=O)O,4.778,MeOH,0,CO
4-Bromo-L-phenylalanine,C1=CC(=CC=C1C[C@@H](C(=O)O)N)Br,3.24,MeOH,0,CO
4-Chlorobenzenesulfonic_acid,C1=CC(=CC=C1S(=O)(=O)O)Cl,4.811,MeOH,1,CO
4-Chloropyridine-3-carboxylic_acid,C1=CN=CC(=C1Cl)C(=O)O,1.327,MeOH,0,CO
"4-Hydroxy-3,5-diiodobenzoic acid",C1=C(C=C(C(=C1I)O)I)C(=O)O,4.728,MeOH,0,CO
4-Hydroxyphthalic_acid,C1=CC(=C(C=C1O)C(=O)O)C(=O)O,3.49,MeOH,1,CO
4-Methoxybiphenyl,COC1=CC=C(C=C1)C2=CC=CC=C2,5.826,MeOH,0,CO
4-Methoxytriphenylamine,COC1=CC=C(C=C1)N(C2=CC=CC=C2)C3=CC=CC=C3,6.436,MeOH,0,CO
4-tert-Butylbenzoyl_chloride,CC(C)(C)C1=CC=C(C=C1)C(=O)Cl,5.176,MeOH,1,CO
"5,7-Dimethyl-[1,2,4]triazolo[1,5-a]pyrimidine-2-carboxylic acid",CC1=CC(=NC2=NC(=NN12)C(=O)O)C,3.115,MeOH,0,CO
5-(Trifluoromethyl)indole,C1=CC2=C(C=CN2)C=C1C(F)(F)F,5.375,MeOH,1,CO
5-(Trifluoromethyl)pyridine-2-carboxaldehyde,C1=CC(=NC=C1C(F)(F)F)C=O,3.629,MeOH,1,CO
5-Bromo-2-furoic_acid,C1=C(OC(=C1)Br)C(=O)O,4.122,MeOH,1,CO
5-Bromo-2-phenylpyridine,C1=CC=C(C=C1)C2=NC=C(C=C2)Br,5.763,MeOH,1,CO
"6,6'-Dibromo-1,1'-bi-2-naphthol",C1=CC2=C(C=CC(=C2C3=C(C=CC4=C3C=CC(=C4)Br)O)O)C=C1Br,6.045,MeOH,0,CO
8-Isoquinolinecarboxaldehyde,C1=CC2=C(C=NC=C2)C(=C1)C=O,3.063,MeOH,1,CO
Allyl-alpha-D-glucopyranoside,C=CCO[C@@H]1[C@@H]([C@H]([C@@H]([C@H](O1)CO)O)O)O,0.0,MeOH,1,CO
Aniline-2-sulfonic_acid,C1=CC=C(C(=C1)N)S(=O)(=O)O,3.11,MeOH,0,CO
Bis(diphenylphosphino)methane,C1=CC=C(C=C1)P(CP(C2=CC=CC=C2)C3=CC=CC=C3)C4=CC=CC=C4,6.727,MeOH,0,CO
DL-beta-Phenylalanine,C1=CC=C(C=C1)C(CC(=O)O)N,1.093,MeOH,0,CO
Di-tert-butylcyclopentadiene,CC(C)(C)C1C=CC(=C1)C(C)(C)C,0.0,MeOH,1,CO
Dibenzyl-malonate,C1=CC=C(C=C1)COC(=O)CC(=O)OCC2=CC=CC=C2,5.638,MeOH,1,CO
Dibromomaleic-acid,C(=C(\C(=O)O)/Br)(\C(=O)O)/Br,4.937,MeOH,1,CO
Diethyl 4-Methoxyphenylphosphonate,CCOP(=O)(C1=CC=C(C=C1)OC)OCC,4.596,MeOH,1,CO
Diethyl_dibutylmalonate,CCCCC(CCCC)(C(=O)OCC)C(=O)OCC,0.0,MeOH,1,CO
Diethyl_phenylmalonate,CCOC(=O)C(C1=CC=CC=C1)C(=O)OCC,5.385,MeOH,1,CO
"Dimethyl 1,3-cyclohexadiene-1,4-dicarboxylate",COC(=O)C1=CC=C(CC1)C(=O)OC,5.028,MeOH,0,CO
"Dimethyl 2,2'-bipyridine-4,4'-dicarboxylate",COC(=O)C1=CC(=NC=C1)C2=NC=CC(=C2)C(=O)OC,5.269,MeOH,0,CO
Dimethyl-propargylmalonate,COC(=O)C(CC#C)C(=O)OC,0.0,MeOH,1,CO
Ethyl 2-cyclohexanoneacetate,CCOC(=O)CC1CCCCC1=O,4.697,MeOH,1,CO
Ethyl 3-thiopheneacetate,CCOC(=O)CC1=CSC=C1,5.044,MeOH,1,CO
"Ethyl 4,4,4-trifluoroacetoacetate",CCOC(=O)CC(=O)C(F)(F)F,3.849,MeOH,1,CO
Ethyl mesitylglyoxylate,CCOC(=O)C(=O)C1=C(C=C(C=C1C)C)C,5.691,MeOH,1,CO
Ethyl-3-oxohexanoate,CCCC(=O)CC(=O)OCC,4.619,MeOH,1,CO
Ethyl-4-bromocrotonate,CCOC(=O)/C=C/CBr,4.986,MeOH,1,CO
Ethyl-4-iodobenzoate,CCOC(=O)C1=CC=C(C=C1)I,5.872,MeOH,1,CO
FMOC-D-ORN(ALOC)-OH,C=CCOC(=O)NCCC[C@H](C(=O)O)NC(=O)OCC1C2=CC=CC=C2C3=CC=CC=C13,5.271,MeOH,1,CO
Flavanone,C1C(OC2=CC=CC=C2C1=O)C3=CC=CC=C3,5.511,MeOH,0,CO
Flufenamic-acid,C1=CC=C(C(=C1)C(=O)O)NC2=CC=CC(=C2)C(F)(F)F,5.775,MeOH,1,CO
Hematein,C1C2=CC(=C(C=C2C3=C4C=CC(=O)C(=C4OCC31O)O)O)O,4.766,MeOH,0,CO
METHYL 2-PHTHALIMIDOACETATE,COC(=O)CN1C(=O)C2=CC=CC=C2C1=O,4.552,MeOH,0,CO
"Methyl 6-oxo-1,6-dihydropyridine-2-carboxylate",COC(=O)C1=CC=CC(=O)N1,2.95,MeOH,1,CO
"Methyl-2,6-dimethoxybenzoate",COC1=C(C(=CC=C1)OC)C(=O)OC,4.678,MeOH,1,CO
Methyl-3-bromo-4-iodobenzoate,COC(=O)C1=CC(=C(C=C1)I)Br,5.904,MeOH,0,CO
"Methyl-6-Oxo-1,6-dihydropyridazine-3-carboxylate",COC(=O)C1=NNC(=O)C=C1,2.406,MeOH,0,CO
Methyl-diethylphosphonoacetate,CCOP(=O)(CC(=O)OC)OCC,3.718,MeOH,1,CO
N(im)-Trityl-L-histidine,C1=CC=C(C=C1)C(C2=CC=CC=C2)(C3=CC=CC=C3)N4C=C(N=C4)C[C@@H](C(=O)O)N,3.928,MeOH,0,CO
"N,N-Dimethyl-L-phenylalanine",CN(C)[C@@H](CC1=CC=CC=C1)C(=O)O,2.119,MeOH,0,CO
N-Acetyl-L-tryptophan,CC(=O)N[C@@H](CC1=CNC2=CC=CC=C21)C(=O)O,3.949,MeOH,1,CO
N-Benzylidenebenzylamine,C1=CC=C(C=C1)CN=CC2=CC=CC=C2,4.377,MeOH,1,CO
N-Phthaloylglycine,C1=CC=C2C(=C1)C(=O)N(C2=O)CC(=O)O,4.073,MeOH,1,CO
"N-[(1,1-Dimethylethoxy)carbonyl]-L-histidine methyl_ester",CC(C)(C)OC(=O)N[C@@H](CC1=CN=CN1)C(=O)OC,1.875,MeOH,1,CO
N-[(Phenylmethoxy)carbonyl]-O-(phenylmethyl)-L-serine_,C1=CC=C(C=C1)COC[C@@H](C(=O)O)NC(=O)OCC2=CC=CC=C2,5.197,MeOH,1,CO
"N6-[(1,1-Dimethylethoxy)carbonyl]-N2-[(9H-fluoren-9-ylmethoxy)carbonyl]-2-methyl-D-lysine",C[C@@](CCCCNC(=O)OC(C)(C)C)(C(=O)O)NC(=O)OCC1C2=CC=CC=C2C3=CC=CC=C13,5.699,MeOH,0,CO
"N6-[(1,1-Dimethylethoxy)carbonyl]-N2-[(phenylmethoxy)carbonyl]-L-lysine",CC(C)(C)OC(=O)NCCCC[C@@H](C(=O)O)NC(=O)OCC1=CC=CC=C1,5.033,MeOH,1,CO
Nalpha-[(9H-Fluoren-9-ylmethoxy)carbonyl]-L-threonine tert-Butyl-Ester,C[C@H]([C@@H](C(=O)OC(C)(C)C)NC(=O)OCC1C2=CC=CC=C2C3=CC=CC=C13)O,5.649,MeOH,1,CO
Phenyl-benzoate,C1=CC=C(C=C1)C(=O)OC2=CC=CC=C2,5.68,MeOH,1,CO
Pindolol,CC(C)NCC(COC1=CC=CC2=C1C=CN2)O,2.175,MeOH,0,CO
Protocatechuic_acid,C1=CC(=C(C=C1C(=O)O)O)O,2.834,MeOH,1,CO
Suberic_acid_monomethyl_ester,COC(=O)CCCCCCC(=O)O,4.292,MeOH,1,CO
Z-D-Glu-OBzl,C1=CC=C(C=C1)COC(=O)[C@@H](CCC(=O)O)NC(=O)OCC2=CC=CC=C2,5.091,MeOH,0,CO
Z-D-Phg-OH,C1=CC=C(C=C1)COC(=O)N[C@H](C2=CC=CC=C2)C(=O)O,5.081,MeOH,1,CO
"meso-1,2-Dibromo-1,2-diphenylethane",C1=CC=C(C=C1)C(C(C2=CC=CC=C2)Br)Br,5.994,MeOH,0,CO
mono-tert-Butyl_succinate,CC(C)(C)OC(=O)CCC(=O)O,4.186,MeOH,1,CO
pentafluorobenzyl-bromide,C(C1=C(C(=C(C(=C1F)F)F)F)F)Br,5.716,MeOH,1,CO
"trans-1,2-Bis(phenylsulfonyl)ethylene",C1=CC=C(C=C1)S(=O)(=O)/C=C/S(=O)(=O)C2=CC=CC=C2,5.192,MeOH,0,CO
trans-4-(9-Fluorenylmethyloxycarbonylaminomethyl)-cyclohexanoic_acid,C1CC(CCC1CNC(=O)OCC2C3=CC=CC=C3C4=CC=CC=C24)C(=O)O,5.311,MeOH,0,CO
trans-Aconitic-acid,C(/C(=C\C(=O)O)/C(=O)O)C(=O)O,1.606,MeOH,1,CO
(1-BROMOETHYL)BENZENE,CC(C1=CC=CC=C1)Br,3.927,MeOH,1,CO
"(2,6-Dioxo-piperidin-4-yl)-acetic_acid",C1C(CC(=O)NC1=O)CC(=O)O,0.0,MeOH,0,CO
(2-BENZYLOXYCARBONYLAMINO-ACETYLAMINO)-ACETIC_ACID,C1=CC=C(C=C1)COC(=O)NCC(=O)NCC(=O)O,3.676,MeOH,0,CO
(2S)-2-{[(9H-fluoren-9-ylmethoxy)carbonyl]amino}-4-hydroxybutanoic acid,C1=CC=C2C(=C1)C(C3=CC=CC=C32)COC(=O)N[C@@H](CCO)C(=O)O,3.301,MeOH,0,CO
"(2S,5S)-1-Hydroxy-2,5-diphenylphospholane 1-oxide",C1C[C@H](P(=O)([C@@H]1C2=CC=CC=C2)O)C3=CC=CC=C3,0.0,MeOH,0,CO
"(?S)-4-(1,1-Dimethylethoxy)-?-[[(9H-fluoren-9-ylmethoxy)carbonyl]amino]benzenebutanoic_acid",CC(C)(C)OC1=CC=C(C=C1)CC[C@@H](C(=O)O)NC(=O)OCC2C3=CC=CC=C3C4=CC=CC=C24,5.566,MeOH,0,CO
(R)-(-)-2-Methoxy-2-phenylethanol,CO[C@@H](CO)C1=CC=CC=C1,5.464,MeOH,1,CO
"(S)-(-)-2-Amino-3-methyl-1,1-diphenyl-1-butanol",CC(C)[C@@H](C(C1=CC=CC=C1)(C2=CC=CC=C2)O)N,3.94,MeOH,0,CO
(S)-Benzyl 2-(((S)-1-methoxy-4-methyl-1-oxopentan-2-yl)carbamoyl)pyrrolidine-1-carboxylate,CC(C)C[C@@H](C(=O)OC)NC(=O)[C@@H]1CCCN1C(=O)OCC2=CC=CC=C2,4.985,MeOH,1,CO
"1,1,1-Tris(4-hydroxyphenyl)ethane",CC(C1=CC=C(C=C1)O)(C2=CC=C(C=C2)O)C3=CC=C(C=C3)O,4.585,MeOH,1,CO
"1,1,3-Triphenylpropargyl alcohol",C1=CC=C(C=C1)C#CC(C2=CC=CC=C2)(C3=CC=CC=C3)O,4.48,MeOH,1,CO
"1,2-Bis(4-hydroxyphenyl)ethane-1,2-dione",C1=CC(=CC=C1C(=O)C(=O)C2=CC=C(C=C2)O)O,5.79,MeOH,1,CO
"1,3-Bis(trifluoromethyl)-5-bromobenzene",C1=C(C=C(C=C1C(F)(F)F)Br)C(F)(F)F,5.872,MeOH,1,CO
"1,3-Butanediol-diacrylate",CC(CCOC(=O)C=C)OC(=O)C=C,5.198,MeOH,1,CO
"1,3-Dimethyl 2-[(4-methoxyphenyl)methylene]propanedioate",COC1=CC=C(C=C1)C=C(C(=O)OC)C(=O)OC,3.099,MeOH,1,CO
"1,3-Diphenylacetone_p-tosylhydrazone",CC1=CC=C(C=C1)S(=O)(=O)NN=C(CC2=CC=CC=C2)CC3=CC=CC=C3,5.264,MeOH,0,CO
"1,4-Bis(bromomethyl)-2,3,5,6-tetrafluorobenzene_",C(C1=C(C(=C(C(=C1F)F)CBr)F)F)Br,5.595,MeOH,0,CO
"1,4-Cyclohexanedicarboxylic-acid",C1CC(CCC1C(=O)O)C(=O)O,4.829,MeOH,1,CO
"1,4-Dibromo-2,3-butanedione",C(C(=O)C(=O)CBr)Br,3.027,MeOH,1,CO
1-(4-Biphenyl)-1-ethanol,CC(C1=CC=C(C=C1)C2=CC=CC=C2)O,4.951,MeOH,1,CO
"1-(9H-Fluoren-9-ylmethyl) (2S,4S)-4-[[(1,1-dimethylethoxy)carbonyl]amino]-1,2-pyrrolidinedicarboxylate_",CC(C)(C)OC(=O)N[C@H]1C[C@H](N(C1)C(=O)OCC2C3=CC=CC=C3C4=CC=CC=C24)C(=O)O,5.201,MeOH,1,CO
1-(tert-Butoxycarbonyl)-4-[(9H-fluoren-9-ylmethoxy)carbonyl]-2-piperazinecarboxylic_acid,CC(C)(C)OC(=O)N1CCN(CC1C(=O)O)C(=O)OCC2C3=CC=CC=C3C4=CC=CC=C24,5.347,MeOH,0,CO
1-BROMO-3-METHYLBUTANE,CC(C)CCBr,0.0,MeOH,1,CO
1-Benzofuran-5-carboxylic_acid,C1=CC2=C(C=CO2)C=C1C(=O)O,4.373,MeOH,0,CO
1-Benzylpiperidine,C1CCN(CC1)CC2=CC=CC=C2,2.972,MeOH,1,CO
1-Bromo-4-(trifluoromethoxy)benzene,C1=CC(=CC=C1OC(F)(F)F)Br,5.208,MeOH,1,CO
1-Bromopentanemethylbenzene,CC1=C(C(=C(C(=C1C)C)Br)C)C,6.202,MeOH,0,CO
1-Phenyl-5-(trifluoromethyl)-1H-pyrazole-4-carboxylic_acid,C1=CC=C(C=C1)N2C(=C(C=N2)C(=O)O)C(F)(F)F,4.674,MeOH,1,CO
1-Pyrenemethanol,C1=CC2=C3C(=C1)C=CC4=C(C=CC(=C43)C=C2)CO,5.041,MeOH,0,CO
"1-Tosyl-2,5-dihydro-1H-pyrrole",CC1=CC=C(C=C1)S(=O)(=O)N2CC=CC2,4.944,MeOH,0,CO
"2,2"",4,4""-Tetramethylbenzophenone",CC1=CC(=C(C=C1)C(=O)C2=C(C=C(C=C2)C)C)C,5.821,MeOH,1,CO
"2,2,2-TRIFLUOROACETOPHENONE",C1=CC=C(C=C1)C(=O)C(F)(F)F,4.355,MeOH,1,CO
"2,3,4-Trifluorobenzoic acid",C1=CC(=C(C(=C1C(=O)O)F)F)F,4.155,MeOH,1,CO
"2,3,6,7,10,11-Hexamethoxytriphenylene",COC1=C(C=C2C(=C1)C3=CC(=C(C=C3C4=CC(=C(C=C24)OC)OC)OC)OC)OC,5.448,MeOH,0,CO
"2,4,6-Tris(bromomethyl)mesitylene",CC1=C(C(=C(C(=C1CBr)C)CBr)C)CBr,5.683,MeOH,0,CO
"2,4-Dichlorophenol",C1=CC(=C(C=C1Cl)Cl)O,4.854,MeOH,1,CO
"2,6-Bis[(4S)-4-phenyl-2-oxazolinyl]pyridine",C1[C@@H](N=C(O1)C2=NC(=CC=C2)C3=N[C@H](CO3)C4=CC=CC=C4)C5=CC=CC=C5,5.172,MeOH,0,CO
"2,6-Dichloroiodobenzene",C1=CC(=C(C(=C1)Cl)I)Cl,5.586,MeOH,1,CO
"2,6-Diisopropylphenol",CC(C)C1=C(C(=CC=C1)C(C)C)O,5.459,MeOH,1,CO
"2,6-Dimethoxy-1,4-benzoquinone",COC1=CC(=O)C=C(C1=O)OC,3.447,MeOH,0,CO
"2,6-Dimethoxybenzoyl_chloride",COC1=C(C(=CC=C1)OC)C(=O)Cl,3.663,MeOH,0,CO
2-(3-Chlorophenoxy)propionic-acid,CC(C(=O)O)OC1=CC(=CC=C1)Cl,4.514,MeOH,1,CO
2-(4-Chlorobenzoyl)benzoic_acid,C1=CC=C(C(=C1)C(=O)C2=CC=C(C=C2)Cl)C(=O)O,4.882,MeOH,1,CO
2-(Diphenylphosphino)benzoic-acid,C1=CC=C(C=C1)P(C2=CC=CC=C2)C3=CC=CC=C3C(=O)O,5.34,MeOH,0,CO
2-(Trifluoromethyl)pyridine-4-carboxylic_acid,C1=CN=C(C=C1C(=O)O)C(F)(F)F,3.656,MeOH,1,CO
2-Amino-4-phenylphenol,C1=CC=C(C=C1)C2=CC(=C(C=C2)O)N,5.338,MeOH,0,CO
2-Amino-6-bromopyridine,C1=CC(=NC(=C1)Br)N,3.885,MeOH,1,CO
2-Benzyloxybenzoic_acid,C1=CC=C(C=C1)COC2=CC=CC=C2C(=O)O,4.889,MeOH,1,CO
"2-Bromo-2',6'-diisopropoxy-1,1'-biphenyl",CC(C)OC1=C(C(=CC=C1)OC(C)C)C2=CC=CC=C2Br,6.072,MeOH,1,CO
2-Bromo-5-(trifluoromethyl)benzaldehyde,C1=CC(=C(C=C1C(F)(F)F)C=O)Br,5.384,MeOH,1,CO
2-Bromo-5-chlorotoluene,CC1=C(C=CC(=C1)Cl)Br,3.237,MeOH,1,CO
2-Bromoanthraquinone,C1=CC=C2C(=C1)C(=O)C3=C(C2=O)C=C(C=C3)Br,5.589,MeOH,0,CO
2-Bromonaphthalen-1-ol,C1=CC=C2C(=C1)C=CC(=C2O)Br,5.236,MeOH,1,CO
2-Bromophenethylamine,C1=CC=C(C(=C1)CCN)Br,3.177,MeOH,1,CO
2-Bromotoluene,CC1=CC=CC=C1Br,5.409,MeOH,1,CO
2-Hydroxy-4-(trifluoromethyl)aniline,C1=CC(=C(C=C1C(F)(F)F)O)N,4.598,MeOH,0,CO
2-Iodobenzaldehyde,C1=CC=C(C(=C1)C=O)I,4.958,MeOH,1,CO
2-Iodobenzyl_bromide,C1=CC=C(C(=C1)CBr)I,3.862,MeOH,0,CO
2-Iodopyridine,C1=CC=NC(=C1)I,4.131,MeOH,1,CO
2-Isopropylthioxanthone,CC(C)C1=CC2=C(C=C1)SC3=CC=CC=C3C2=O,5.888,MeOH,0,CO
"2-Methyl-5-(trifluoromethyl)-1,3-benzoxazole",CC1=NC2=C(O1)C=CC(=C2)C(F)(F)F,5.112,MeOH,1,CO
"3,3-Dimethyl-1-indanone",CC1(CC(=O)C2=CC=CC=C21)C,4.854,MeOH,1,CO
"3,4,5-TRIBROMO-1H-PYRAZOLE",C1(=C(NN=C1Br)Br)Br,4.747,MeOH,1,CO
"3,4,7,8-Tetramethyl-1,10-phenanthroline",CC1=CN=C2C(=C1C)C=CC3=C(C(=CN=C32)C)C,3.915,MeOH,0,CO
"3,5-Di-tert-butylbenzoic acid",CC(C)(C)C1=CC(=CC(=C1)C(=O)O)C(C)(C)C,5.448,MeOH,1,CO
"3,5-Dibromotoluene",CC1=CC(=CC(=C1)Br)Br,3.23,MeOH,1,CO
"3,5-Dimethylbenzoyl_chloride",CC1=CC(=CC(=C1)C(=O)Cl)C,4.64,MeOH,1,CO
"3,6-Dimethoxy-9H-carbazole",COC1=CC2=C(C=C1)NC3=C2C=C(C=C3)OC,5.178,MeOH,0,CO
3-(2-Naphthyl)acrylic_acid,C1=CC=C2C=C(C=CC2=C1)/C=C/C(=O)O,4.88,MeOH,0,CO
3-(Phenylthio)propanoic-acid,C1=CC=C(C=C1)SCCC(=O)O,4.525,MeOH,1,CO
3-(tert-Butoxycarbonyl)benzoic_acid,CC(C)(C)OC(=O)C1=CC=CC(=C1)C(=O)O,4.895,MeOH,1,CO
3-Bromobenzoyl_chloride,C1=CC(=CC(=C1)Br)C(=O)Cl,4.514,MeOH,1,CO
3-Bromopropionyl_chloride,C(CBr)C(=O)Cl,5.916,MeOH,1,CO
3-Chloro-4-methoxyaniline,COC1=C(C=C(C=C1)N)Cl,3.047,MeOH,1,CO
3-[[(9H-Fluoren-9-ylmethoxy)carbonyl]amino]-2-naphthalenecarboxylic acid,C1=CC=C2C=C(C(=CC2=C1)C(=O)O)NC(=O)OCC3C4=CC=CC=C4C5=CC=CC=C35,5.821,MeOH,0,CO
"4,4',4''-Trimethoxytrityl chloride",COC1=CC=C(C=C1)C(C2=CC=C(C=C2)OC)(C3=CC=C(C=C3)OC)Cl,5.637,MeOH,1,CO
"4,4'-Dihydroxybiphenyl",C1=CC(=CC=C1C2=CC=C(C=C2)O)O,4.349,MeOH,0,CO
"4,4'-Dimethoxybenzophenone",COC1=CC=C(C=C1)C(=O)C2=CC=C(C=C2)OC,5.198,MeOH,0,CO
"4,4?,4??-(1,3,5-TRIAZINE-2,4,6-TRIYL)TRIBENZALDEHYDE",C1=CC(=CC=C1C=O)C2=NC(=NC(=N2)C3=CC=C(C=C3)C=O)C4=CC=C(C=C4)C=O,5.079,MeOH,0,CO
4-(Bromomethyl)benzoic_acid,C1=CC(=CC=C1CBr)C(=O)O,4.519,MeOH,0,CO
4-(Hydroxymethyl)phenylacetic-acid,C1=CC(=CC=C1CC(=O)O)CO,5.497,MeOH,1,CO
4-(Trifluoroacetyl)phenacyl-bromide,C1=CC(=CC=C1C(=O)CBr)C(=O)C(F)(F)F,4.658,MeOH,1,CO
4-(Trifluoromethyl)benzylamine,C1=CC(=CC=C1CN)C(F)(F)F,3.315,MeOH,1,CO
"4-Bromo-3,5-dimethoxybenzoic acid",COC1=CC(=CC(=C1Br)OC)C(=O)O,4.615,MeOH,0,CO
4-Bromo-L-phenylalanine,C1=CC(=CC=C1C[C@@H](C(=O)O)N)Br,0.0,MeOH,0,CO
4-Chlorobenzenesulfonic_acid,C1=CC(=CC=C1S(=O)(=O)O)Cl,2.148,MeOH,1,CO
4-Chloropyridine-3-carboxylic_acid,C1=CN=CC(=C1Cl)C(=O)O,1.342,MeOH,0,CO
"4-Hydroxy-3,5-diiodobenzoic acid",C1=C(C=C(C(=C1I)O)I)C(=O)O,4.482,MeOH,0,CO
4-Hydroxyphthalic_acid,C1=CC(=C(C=C1O)C(=O)O)C(=O)O,1.768,MeOH,1,CO
4-Methoxybiphenyl,COC1=CC=C(C=C1)C2=CC=CC=C2,5.52,MeOH,0,CO
4-Methoxytriphenylamine,COC1=CC=C(C=C1)N(C2=CC=CC=C2)C3=CC=CC=C3,5.874,MeOH,0,CO
4-tert-Butylbenzoyl_chloride,CC(C)(C)C1=CC=C(C=C1)C(=O)Cl,4.945,MeOH,1,CO
"5,7-Dimethyl-[1,2,4]triazolo[1,5-a]pyrimidine-2-carboxylic acid",CC1=CC(=NC2=NC(=NN12)C(=O)O)C,0.0,MeOH,0,CO
5-(Trifluoromethyl)indole,C1=CC2=C(C=CN2)C=C1C(F)(F)F,5.318,MeOH,1,CO
5-(Trifluoromethyl)pyridine-2-carboxaldehyde,C1=CC(=NC=C1C(F)(F)F)C=O,3.624,MeOH,1,CO
5-Bromo-2-furoic_acid,C1=C(OC(=C1)Br)C(=O)O,3.206,MeOH,1,CO
5-Bromo-2-phenylpyridine,C1=CC=C(C=C1)C2=NC=C(C=C2)Br,5.416,MeOH,1,CO
"6,6'-Dibromo-1,1'-bi-2-naphthol",C1=CC2=C(C=CC(=C2C3=C(C=CC4=C3C=CC(=C4)Br)O)O)C=C1Br,5.583,MeOH,0,CO
8-Isoquinolinecarboxaldehyde,C1=CC2=C(C=NC=C2)C(=C1)C=O,4.702,MeOH,1,CO
Allyl-alpha-D-glucopyranoside,C=CCO[C@@H]1[C@@H]([C@H]([C@@H]([C@H](O1)CO)O)O)O,0.0,MeOH,1,CO
Aniline-2-sulfonic_acid,C1=CC=C(C(=C1)N)S(=O)(=O)O,0.0,MeOH,0,CO
Bis(diphenylphosphino)methane,C1=CC=C(C=C1)P(CP(C2=CC=CC=C2)C3=CC=CC=C3)C4=CC=CC=C4,6.087,MeOH,0,CO
DL-beta-Phenylalanine,C1=CC=C(C=C1)C(CC(=O)O)N,0.0,MeOH,0,CO
Di-tert-butylcyclopentadiene,CC(C)(C)C1C=CC(=C1)C(C)(C)C,4.495,MeOH,1,CO
Dibenzyl-malonate,C1=CC=C(C=C1)COC(=O)CC(=O)OCC2=CC=CC=C2,5.438,MeOH,1,CO
Dibromomaleic-acid,C(=C(\C(=O)O)/Br)(\C(=O)O)/Br,2.41,MeOH,1,CO
Diethyl 4-Methoxyphenylphosphonate,CCOP(=O)(C1=CC=C(C=C1)OC)OCC,5.367,MeOH,1,CO
Diethyl_dibutylmalonate,CCCCC(CCCC)(C(=O)OCC)C(=O)OCC,5.916,MeOH,1,CO
Diethyl_phenylmalonate,CCOC(=O)C(C1=CC=CC=C1)C(=O)OCC,5.198,MeOH,1,CO
"Dimethyl 1,3-cyclohexadiene-1,4-dicarboxylate",COC(=O)C1=CC=C(CC1)C(=O)OC,5.562,MeOH,0,CO
"Dimethyl 2,2'-bipyridine-4,4'-dicarboxylate",COC(=O)C1=CC(=NC=C1)C2=NC=CC(=C2)C(=O)OC,4.999,MeOH,0,CO
Dimethyl-propargylmalonate,COC(=O)C(CC#C)C(=O)OC,4.303,MeOH,1,CO
Ethyl 2-cyclohexanoneacetate,CCOC(=O)CC1CCCCC1=O,4.504,MeOH,1,CO
Ethyl 3-thiopheneacetate,CCOC(=O)CC1=CSC=C1,4.873,MeOH,1,CO
"Ethyl 4,4,4-trifluoroacetoacetate",CCOC(=O)CC(=O)C(F)(F)F,3.766,MeOH,1,CO
Ethyl mesitylglyoxylate,CCOC(=O)C(=O)C1=C(C=C(C=C1C)C)C,4.246,MeOH,1,CO
Ethyl-3-oxohexanoate,CCCC(=O)CC(=O)OCC,4.475,MeOH,1,CO
Ethyl-4-bromocrotonate,CCOC(=O)/C=C/CBr,4.813,MeOH,1,CO
Ethyl-4-iodobenzoate,CCOC(=O)C1=CC=C(C=C1)I,5.45,MeOH,1,CO
FMOC-D-ORN(ALOC)-OH,C=CCOC(=O)NCCC[C@H](C(=O)O)NC(=O)OCC1C2=CC=CC=C2C3=CC=CC=C13,5.026,MeOH,1,CO
Flavanone,C1C(OC2=CC=CC=C2C1=O)C3=CC=CC=C3,5.282,MeOH,0,CO
Flufenamic-acid,C1=CC=C(C(=C1)C(=O)O)NC2=CC=CC(=C2)C(F)(F)F,5.47,MeOH,1,CO
Hematein,C1C2=CC(=C(C=C2C3=C4C=CC(=O)C(=C4OCC31O)O)O)O,4.551,MeOH,0,CO
METHYL 2-PHTHALIMIDOACETATE,COC(=O)CN1C(=O)C2=CC=CC=C2C1=O,4.468,MeOH,0,CO
"Methyl 6-oxo-1,6-dihydropyridine-2-carboxylate",COC(=O)C1=CC=CC(=O)N1,2.625,MeOH,1,CO
"Methyl-2,6-dimethoxybenzoate",COC1=C(C(=CC=C1)OC)C(=O)OC,4.622,MeOH,1,CO
Methyl-3-bromo-4-iodobenzoate,COC(=O)C1=CC(=C(C=C1)I)Br,5.478,MeOH,0,CO
"Methyl-6-Oxo-1,6-dihydropyridazine-3-carboxylate",COC(=O)C1=NNC(=O)C=C1,2.019,MeOH,0,CO
Methyl-diethylphosphonoacetate,CCOP(=O)(CC(=O)OC)OCC,3.649,MeOH,1,CO
N(im)-Trityl-L-histidine,C1=CC=C(C=C1)C(C2=CC=CC=C2)(C3=CC=CC=C3)N4C=C(N=C4)C[C@@H](C(=O)O)N,4.144,MeOH,0,CO
"N,N-Dimethyl-L-phenylalanine",CN(C)[C@@H](CC1=CC=CC=C1)C(=O)O,1.754,MeOH,0,CO
N-Acetyl-L-tryptophan,CC(=O)N[C@@H](CC1=CNC2=CC=CC=C21)C(=O)O,3.804,MeOH,1,CO
N-Benzylidenebenzylamine,C1=CC=C(C=C1)CN=CC2=CC=CC=C2,4.253,MeOH,1,CO
N-Phthaloylglycine,C1=CC=C2C(=C1)C(=O)N(C2=O)CC(=O)O,3.537,MeOH,1,CO
"N-[(1,1-Dimethylethoxy)carbonyl]-L-histidine methyl_ester",CC(C)(C)OC(=O)N[C@@H](CC1=CN=CN1)C(=O)OC,3.194,MeOH,1,CO
N-[(Phenylmethoxy)carbonyl]-O-(phenylmethyl)-L-serine_,C1=CC=C(C=C1)COC[C@@H](C(=O)O)NC(=O)OCC2=CC=CC=C2,4.91,MeOH,1,CO
"N6-[(1,1-Dimethylethoxy)carbonyl]-N2-[(9H-fluoren-9-ylmethoxy)carbonyl]-2-methyl-D-lysine",C[C@@](CCCCNC(=O)OC(C)(C)C)(C(=O)O)NC(=O)OCC1C2=CC=CC=C2C3=CC=CC=C13,5.359,MeOH,0,CO
"N6-[(1,1-Dimethylethoxy)carbonyl]-N2-[(phenylmethoxy)carbonyl]-L-lysine",CC(C)(C)OC(=O)NCCCC[C@@H](C(=O)O)NC(=O)OCC1=CC=CC=C1,4.837,MeOH,1,CO
Nalpha-[(9H-Fluoren-9-ylmethoxy)carbonyl]-L-threonine tert-Butyl-Ester,C[C@H]([C@@H](C(=O)OC(C)(C)C)NC(=O)OCC1C2=CC=CC=C2C3=CC=CC=C13)O,5.403,MeOH,1,CO
Phenyl-benzoate,C1=CC=C(C=C1)C(=O)OC2=CC=CC=C2,5.429,MeOH,1,CO
Pindolol,CC(C)NCC(COC1=CC=CC2=C1C=CN2)O,3.378,MeOH,0,CO
Protocatechuic_acid,C1=CC(=C(C=C1C(=O)O)O)O,2.706,MeOH,1,CO
Suberic_acid_monomethyl_ester,COC(=O)CCCCCCC(=O)O,4.178,MeOH,1,CO
Z-D-Glu-OBzl,C1=CC=C(C=C1)COC(=O)[C@@H](CCC(=O)O)NC(=O)OCC2=CC=CC=C2,4.963,MeOH,0,CO
Z-D-Phg-OH,C1=CC=C(C=C1)COC(=O)N[C@H](C2=CC=CC=C2)C(=O)O,4.698,MeOH,1,CO
"meso-1,2-Dibromo-1,2-diphenylethane",C1=CC=C(C=C1)C(C(C2=CC=CC=C2)Br)Br,5.646,MeOH,0,CO
mono-tert-Butyl_succinate,CC(C)(C)OC(=O)CCC(=O)O,4.07,MeOH,1,CO
pentafluorobenzyl-bromide,C(C1=C(C(=C(C(=C1F)F)F)F)F)Br,3.384,MeOH,1,CO
"trans-1,2-Bis(phenylsulfonyl)ethylene",C1=CC=C(C=C1)S(=O)(=O)/C=C/S(=O)(=O)C2=CC=CC=C2,5.132,MeOH,0,CO
trans-4-(9-Fluorenylmethyloxycarbonylaminomethyl)-cyclohexanoic_acid,C1CC(CCC1CNC(=O)OCC2C3=CC=CC=C3C4=CC=CC=C24)C(=O)O,5.095,MeOH,0,CO
trans-Aconitic-acid,C(/C(=C\C(=O)O)/C(=O)O)C(=O)O,0.0,MeOH,1,CO
(1-BROMOETHYL)BENZENE,CC(C1=CC=CC=C1)Br,0.0,MeOH,1,CO
"(2,6-Dioxo-piperidin-4-yl)-acetic_acid",C1C(CC(=O)NC1=O)CC(=O)O,3.569,MeOH,0,CO
(2-BENZYLOXYCARBONYLAMINO-ACETYLAMINO)-ACETIC_ACID,C1=CC=C(C=C1)COC(=O)NCC(=O)NCC(=O)O,0.0,MeOH,0,CO
(2S)-2-{[(9H-fluoren-9-ylmethoxy)carbonyl]amino}-4-hydroxybutanoic acid,C1=CC=C2C(=C1)C(C3=CC=CC=C32)COC(=O)N[C@@H](CCO)C(=O)O,3.732,MeOH,0,CO
"(2S,5S)-1-Hydroxy-2,5-diphenylphospholane 1-oxide",C1C[C@H](P(=O)([C@@H]1C2=CC=CC=C2)O)C3=CC=CC=C3,0.0,MeOH,0,CO
"(?S)-4-(1,1-Dimethylethoxy)-?-[[(9H-fluoren-9-ylmethoxy)carbonyl]amino]benzenebutanoic_acid",CC(C)(C)OC1=CC=C(C=C1)CC[C@@H](C(=O)O)NC(=O)OCC2C3=CC=CC=C3C4=CC=CC=C24,6.277,MeOH,0,CO
(R)-(-)-2-Methoxy-2-phenylethanol,CO[C@@H](CO)C1=CC=CC=C1,4.365,MeOH,1,CO
"(S)-(-)-2-Amino-3-methyl-1,1-diphenyl-1-butanol",CC(C)[C@@H](C(C1=CC=CC=C1)(C2=CC=CC=C2)O)N,3.014,MeOH,0,CO
(S)-Benzyl 2-(((S)-1-methoxy-4-methyl-1-oxopentan-2-yl)carbamoyl)pyrrolidine-1-carboxylate,CC(C)C[C@@H](C(=O)OC)NC(=O)[C@@H]1CCCN1C(=O)OCC2=CC=CC=C2,5.47,MeOH,1,CO
"1,1,1-Tris(4-hydroxyphenyl)ethane",CC(C1=CC=C(C=C1)O)(C2=CC=C(C=C2)O)C3=CC=C(C=C3)O,5.602,MeOH,1,CO
"1,1,3-Triphenylpropargyl alcohol",C1=CC=C(C=C1)C#CC(C2=CC=CC=C2)(C3=CC=CC=C3)O,6.401,MeOH,1,CO
"1,2-Bis(4-hydroxyphenyl)ethane-1,2-dione",C1=CC(=CC=C1C(=O)C(=O)C2=CC=C(C=C2)O)O,5.685,MeOH,1,CO
"1,3-Bis(trifluoromethyl)-5-bromobenzene",C1=C(C=C(C=C1C(F)(F)F)Br)C(F)(F)F,6.506,MeOH,1,CO
"1,3-Butanediol-diacrylate",CC(CCOC(=O)C=C)OC(=O)C=C,5.31,MeOH,1,CO
"1,3-Dimethyl 2-[(4-methoxyphenyl)methylene]propanedioate",COC1=CC=C(C=C1)C=C(C(=O)OC)C(=O)OC,5.496,MeOH,1,CO
"1,3-Diphenylacetone_p-tosylhydrazone",CC1=CC=C(C=C1)S(=O)(=O)NN=C(CC2=CC=CC=C2)CC3=CC=CC=C3,6.301,MeOH,0,CO
"1,4-Bis(bromomethyl)-2,3,5,6-tetrafluorobenzene_",C(C1=C(C(=C(C(=C1F)F)CBr)F)F)Br,6.311,MeOH,0,CO
"1,4-Cyclohexanedicarboxylic-acid",C1CC(CCC1C(=O)O)C(=O)O,5.063,MeOH,1,CO
"1,4-Dibromo-2,3-butanedione",C(C(=O)C(=O)CBr)Br,4.258,MeOH,1,CO
1-(4-Biphenyl)-1-ethanol,CC(C1=CC=C(C=C1)C2=CC=CC=C2)O,5.763,MeOH,1,CO
"1-(9H-Fluoren-9-ylmethyl) (2S,4S)-4-[[(1,1-dimethylethoxy)carbonyl]amino]-1,2-pyrrolidinedicarboxylate_",CC(C)(C)OC(=O)N[C@H]1C[C@H](N(C1)C(=O)OCC2C3=CC=CC=C3C4=CC=CC=C24)C(=O)O,0.0,MeOH,1,CO
1-(tert-Butoxycarbonyl)-4-[(9H-fluoren-9-ylmethoxy)carbonyl]-2-piperazinecarboxylic_acid,CC(C)(C)OC(=O)N1CCN(CC1C(=O)O)C(=O)OCC2C3=CC=CC=C3C4=CC=CC=C24,0.0,MeOH,0,CO
1-BROMO-3-METHYLBUTANE,CC(C)CCBr,6.308,MeOH,1,CO
1-Benzofuran-5-carboxylic_acid,C1=CC2=C(C=CO2)C=C1C(=O)O,0.0,MeOH,0,CO
1-Benzylpiperidine,C1CCN(CC1)CC2=CC=CC=C2,0.0,MeOH,1,CO
1-Bromo-4-(trifluoromethoxy)benzene,C1=CC(=CC=C1OC(F)(F)F)Br,6.395,MeOH,1,CO
1-Bromopentanemethylbenzene,CC1=C(C(=C(C(=C1C)C)Br)C)C,0.0,MeOH,0,CO
1-Phenyl-5-(trifluoromethyl)-1H-pyrazole-4-carboxylic_acid,C1=CC=C(C=C1)N2C(=C(C=N2)C(=O)O)C(F)(F)F,6.759,MeOH,1,CO
1-Pyrenemethanol,C1=CC2=C3C(=C1)C=CC4=C(C=CC(=C43)C=C2)CO,6.426,MeOH,0,CO
"1-Tosyl-2,5-dihydro-1H-pyrrole",CC1=CC=C(C=C1)S(=O)(=O)N2CC=CC2,5.458,MeOH,0,CO
"2,2"",4,4""-Tetramethylbenzophenone",CC1=CC(=C(C=C1)C(=O)C2=C(C=C(C=C2)C)C)C,0.0,MeOH,1,CO
"2,2,2-TRIFLUOROACETOPHENONE",C1=CC=C(C=C1)C(=O)C(F)(F)F,4.892,MeOH,1,CO
"2,3,4-Trifluorobenzoic acid",C1=CC(=C(C(=C1C(=O)O)F)F)F,0.0,MeOH,1,CO
"2,3,6,7,10,11-Hexamethoxytriphenylene",COC1=C(C=C2C(=C1)C3=CC(=C(C=C3C4=CC(=C(C=C24)OC)OC)OC)OC)OC,6.081,MeOH,0,CO
"2,4,6-Tris(bromomethyl)mesitylene",CC1=C(C(=C(C(=C1CBr)C)CBr)C)CBr,6.749,MeOH,0,CO
"2,4-Dichlorophenol",C1=CC(=C(C=C1Cl)Cl)O,6.191,MeOH,1,CO
"2,6-Bis[(4S)-4-phenyl-2-oxazolinyl]pyridine",C1[C@@H](N=C(O1)C2=NC(=CC=C2)C3=N[C@H](CO3)C4=CC=CC=C4)C5=CC=CC=C5,5.752,MeOH,0,CO
"2,6-Dichloroiodobenzene",C1=CC(=C(C(=C1)Cl)I)Cl,6.749,MeOH,1,CO
"2,6-Diisopropylphenol",CC(C)C1=C(C(=CC=C1)C(C)C)O,6.456,MeOH,1,CO
"2,6-Dimethoxy-1,4-benzoquinone",COC1=CC(=O)C=C(C1=O)OC,3.784,MeOH,0,CO
"2,6-Dimethoxybenzoyl_chloride",COC1=C(C(=CC=C1)OC)C(=O)Cl,0.0,MeOH,0,CO
2-(3-Chlorophenoxy)propionic-acid,CC(C(=O)O)OC1=CC(=CC=C1)Cl,0.0,MeOH,1,CO
2-(4-Chlorobenzoyl)benzoic_acid,C1=CC=C(C(=C1)C(=O)C2=CC=C(C=C2)Cl)C(=O)O,0.0,MeOH,1,CO
2-(Diphenylphosphino)benzoic-acid,C1=CC=C(C=C1)P(C2=CC=CC=C2)C3=CC=CC=C3C(=O)O,0.0,MeOH,0,CO
2-(Trifluoromethyl)pyridine-4-carboxylic_acid,C1=CN=C(C=C1C(=O)O)C(F)(F)F,0.0,MeOH,1,CO
2-Amino-4-phenylphenol,C1=CC=C(C=C1)C2=CC(=C(C=C2)O)N,4.969,MeOH,0,CO
2-Amino-6-bromopyridine,C1=CC(=NC(=C1)Br)N,4.595,MeOH,1,CO
2-Benzyloxybenzoic_acid ,C1=CC=C(C=C1)COC2=CC=CC=C2C(=O)O,6.665,MeOH,1,CO
"2-Bromo-2',6'-diisopropoxy-1,1'-biphenyl",CC(C)OC1=C(C(=CC=C1)OC(C)C)C2=CC=CC=C2Br,0.0,MeOH,1,CO
2-Bromo-5-(trifluoromethyl)benzaldehyde,C1=CC(=C(C=C1C(F)(F)F)C=O)Br,6.015,MeOH,1,CO
2-Bromo-5-chlorotoluene,CC1=C(C=CC(=C1)Cl)Br,6.784,MeOH,1,CO
2-Bromoanthraquinone,C1=CC=C2C(=C1)C(=O)C3=C(C2=O)C=C(C=C3)Br,0.0,MeOH,0,CO
2-Bromonaphthalen-1-ol,C1=CC=C2C(=C1)C=CC(=C2O)Br,6.324,MeOH,1,CO
2-Bromophenethylamine,C1=CC=C(C(=C1)CCN)Br,0.0,MeOH,1,CO
2-Bromotoluene,CC1=CC=CC=C1Br,6.386,MeOH,1,CO
2-Hydroxy-4-(trifluoromethyl)aniline,C1=CC(=C(C=C1C(F)(F)F)O)N,5.296,MeOH,0,CO
2-Iodobenzaldehyde,C1=CC=C(C(=C1)C=O)I,5.768,MeOH,1,CO
2-Iodobenzyl_bromide,C1=CC=C(C(=C1)CBr)I,6.329,MeOH,0,CO
2-Iodopyridine,C1=CC=NC(=C1)I,4.887,MeOH,1,CO
2-Isopropylthioxanthone,CC(C)C1=CC2=C(C=C1)SC3=CC=CC=C3C2=O,0.0,MeOH,0,CO
"2-Methyl-5-(trifluoromethyl)-1,3-benzoxazole",CC1=NC2=C(O1)C=CC(=C2)C(F)(F)F,5.575,MeOH,1,CO
"3,3-Dimethyl-1-indanone",CC1(CC(=O)C2=CC=CC=C21)C,5.447,MeOH,1,CO
"3,4,5-TRIBROMO-1H-PYRAZOLE",C1(=C(NN=C1Br)Br)Br,6.39,MeOH,1,CO
"3,4,7,8-Tetramethyl-1,10-phenanthroline",CC1=CN=C2C(=C1C)C=CC3=C(C(=CN=C32)C)C,3.501,MeOH,0,CO
"3,5-Di-tert-butylbenzoic acid",CC(C)(C)C1=CC(=CC(=C1)C(=O)O)C(C)(C)C,0.0,MeOH,1,CO
"3,5-Dibromotoluene",CC1=CC(=CC(=C1)Br)Br,0.0,MeOH,1,CO
"3,5-Dimethylbenzoyl_chloride",CC1=CC(=CC(=C1)C(=O)Cl)C,0.0,MeOH,1,CO
"3,6-Dimethoxy-9H-carbazole",COC1=CC2=C(C=C1)NC3=C2C=C(C=C3)OC,5.86,MeOH,0,CO
3-(2-Naphthyl)acrylic_acid,C1=CC=C2C=C(C=CC2=C1)/C=C/C(=O)O,0.0,MeOH,0,CO
3-(Phenylthio)propanoic-acid,C1=CC=C(C=C1)SCCC(=O)O,0.0,MeOH,1,CO
3-(tert-Butoxycarbonyl)benzoic_acid,CC(C)(C)OC(=O)C1=CC=CC(=C1)C(=O)O,0.0,MeOH,1,CO
3-Bromobenzoyl_chloride,C1=CC(=CC(=C1)Br)C(=O)Cl,0.0,MeOH,1,CO
3-Bromopropionyl_chloride,C(CBr)C(=O)Cl,0.0,MeOH,1,CO
3-Chloro-4-methoxyaniline,COC1=C(C=C(C=C1)N)Cl,3.349,MeOH,1,CO
3-[[(9H-Fluoren-9-ylmethoxy)carbonyl]amino]-2-naphthalenecarboxylic acid,C1=CC=C2C=C(C(=CC2=C1)C(=O)O)NC(=O)OCC3C4=CC=CC=C4C5=CC=CC=C35,5.672,MeOH,0,CO
"4,4',4''-Trimethoxytrityl chloride",COC1=CC=C(C=C1)C(C2=CC=C(C=C2)OC)(C3=CC=C(C=C3)OC)Cl,6.038,MeOH,1,CO
"4,4'-Dihydroxybiphenyl",C1=CC(=CC=C1C2=CC=C(C=C2)O)O,5.345,MeOH,0,CO
"4,4'-Dimethoxybenzophenone",COC1=CC=C(C=C1)C(=O)C2=CC=C(C=C2)OC,5.848,MeOH,0,CO
"4,4?,4??-(1,3,5-TRIAZINE-2,4,6-TRIYL)TRIBENZALDEHYDE",C1=CC(=CC=C1C=O)C2=NC(=NC(=N2)C3=CC=C(C=C3)C=O)C4=CC=C(C=C4)C=O,5.916,MeOH,0,CO
4-(Bromomethyl)benzoic_acid,C1=CC(=CC=C1CBr)C(=O)O,0.0,MeOH,0,CO
4-(Hydroxymethyl)phenylacetic-acid,C1=CC(=CC=C1CC(=O)O)CO,4.948,MeOH,1,CO
4-(Trifluoroacetyl)phenacyl-bromide,C1=CC(=CC=C1C(=O)CBr)C(=O)C(F)(F)F,5.209,MeOH,1,CO
4-(Trifluoromethyl)benzylamine,C1=CC(=CC=C1CN)C(F)(F)F,0.0,MeOH,1,CO
"4-Bromo-3,5-dimethoxybenzoic acid",COC1=CC(=CC(=C1Br)OC)C(=O)O,0.0,MeOH,0,CO
4-Bromo-L-phenylalanine,C1=CC(=CC=C1C[C@@H](C(=O)O)N)Br,3.583,MeOH,0,CO
4-Chlorobenzenesulfonic_acid,C1=CC(=CC=C1S(=O)(=O)O)Cl,0.0,MeOH,1,CO
4-Chloropyridine-3-carboxylic_acid,C1=CN=CC(=C1Cl)C(=O)O,2.319,MeOH,0,CO
"4-Hydroxy-3,5-diiodobenzoic acid",C1=C(C=C(C(=C1I)O)I)C(=O)O,0.0,MeOH,0,CO
4-Hydroxyphthalic_acid,C1=CC(=C(C=C1O)C(=O)O)C(=O)O,0.0,MeOH,1,CO
4-Methoxybiphenyl,COC1=CC=C(C=C1)C2=CC=CC=C2,6.312,MeOH,0,CO
4-Methoxytriphenylamine,COC1=CC=C(C=C1)N(C2=CC=CC=C2)C3=CC=CC=C3,0.0,MeOH,0,CO
4-tert-Butylbenzoyl_chloride,CC(C)(C)C1=CC=C(C=C1)C(=O)Cl,0.0,MeOH,1,CO
"5,7-Dimethyl-[1,2,4]triazolo[1,5-a]pyrimidine-2-carboxylic acid",CC1=CC(=NC2=NC(=NN12)C(=O)O)C,0.0,MeOH,0,CO
5-(Trifluoromethyl)indole,C1=CC2=C(C=CN2)C=C1C(F)(F)F,6.048,MeOH,1,CO
5-(Trifluoromethyl)pyridine-2-carboxaldehyde,C1=CC(=NC=C1C(F)(F)F)C=O,0.0,MeOH,1,CO
5-Bromo-2-furoic_acid,C1=C(OC(=C1)Br)C(=O)O,0.0,MeOH,1,CO
5-Bromo-2-phenylpyridine,C1=CC=C(C=C1)C2=NC=C(C=C2)Br,6.401,MeOH,1,CO
"6,6'-Dibromo-1,1'-bi-2-naphthol",C1=CC2=C(C=CC(=C2C3=C(C=CC4=C3C=CC(=C4)Br)O)O)C=C1Br,6.717,MeOH,0,CO
8-Isoquinolinecarboxaldehyde,C1=CC2=C(C=NC=C2)C(=C1)C=O,3.313,MeOH,1,CO
Allyl-alpha-D-glucopyranoside,C=CCO[C@@H]1[C@@H]([C@H]([C@@H]([C@H](O1)CO)O)O)O,1.204,MeOH,1,CO
Aniline-2-sulfonic_acid,C1=CC=C(C(=C1)N)S(=O)(=O)O,6.718,MeOH,0,CO
Bis(diphenylphosphino)methane,C1=CC=C(C=C1)P(CP(C2=CC=CC=C2)C3=CC=CC=C3)C4=CC=CC=C4,0.0,MeOH,0,CO
DL-beta-Phenylalanine,C1=CC=C(C=C1)C(CC(=O)O)N,1.658,MeOH,0,CO
Di-tert-butylcyclopentadiene,CC(C)(C)C1C=CC(=C1)C(C)(C)C,0.0,MeOH,1,CO
Dibenzyl-malonate,C1=CC=C(C=C1)COC(=O)CC(=O)OCC2=CC=CC=C2,5.942,MeOH,1,CO
Dibromomaleic-acid,C(=C(\C(=O)O)/Br)(\C(=O)O)/Br,0.0,MeOH,1,CO
Diethyl 4-Methoxyphenylphosphonate,CCOP(=O)(C1=CC=C(C=C1)OC)OCC,4.853,MeOH,1,CO
Diethyl_dibutylmalonate,CCCCC(CCCC)(C(=O)OCC)C(=O)OCC,0.0,MeOH,1,CO
Diethyl_phenylmalonate,CCOC(=O)C(C1=CC=CC=C1)C(=O)OCC,5.921,MeOH,1,CO
"Dimethyl 1,3-cyclohexadiene-1,4-dicarboxylate",COC(=O)C1=CC=C(CC1)C(=O)OC,5.288,MeOH,0,CO
"Dimethyl 2,2'-bipyridine-4,4'-dicarboxylate",COC(=O)C1=CC(=NC=C1)C2=NC=CC(=C2)C(=O)OC,5.764,MeOH,0,CO
Dimethyl-propargylmalonate,COC(=O)C(CC#C)C(=O)OC,0.0,MeOH,1,CO
Ethyl 2-cyclohexanoneacetate,CCOC(=O)CC1CCCCC1=O,5.042,MeOH,1,CO
Ethyl 3-thiopheneacetate,CCOC(=O)CC1=CSC=C1,5.455,MeOH,1,CO
"Ethyl 4,4,4-trifluoroacetoacetate",CCOC(=O)CC(=O)C(F)(F)F,4.325,MeOH,1,CO
Ethyl mesitylglyoxylate,CCOC(=O)C(=O)C1=C(C=C(C=C1C)C)C,6.07,MeOH,1,CO
Ethyl-3-oxohexanoate,CCCC(=O)CC(=O)OCC,4.983,MeOH,1,CO
Ethyl-4-bromocrotonate,CCOC(=O)/C=C/CBr,5.389,MeOH,1,CO
Ethyl-4-iodobenzoate,CCOC(=O)C1=CC=C(C=C1)I,6.432,MeOH,1,CO
FMOC-D-ORN(ALOC)-OH,C=CCOC(=O)NCCC[C@H](C(=O)O)NC(=O)OCC1C2=CC=CC=C2C3=CC=CC=C13,0.0,MeOH,1,CO
Flavanone,C1C(OC2=CC=CC=C2C1=O)C3=CC=CC=C3,5.947,MeOH,0,CO
Flufenamic-acid,C1=CC=C(C(=C1)C(=O)O)NC2=CC=CC(=C2)C(F)(F)F,0.0,MeOH,1,CO
Hematein,C1C2=CC(=C(C=C2C3=C4C=CC(=O)C(=C4OCC31O)O)O)O,5.585,MeOH,0,CO
METHYL 2-PHTHALIMIDOACETATE,COC(=O)CN1C(=O)C2=CC=CC=C2C1=O,5.872,MeOH,0,CO
"Methyl 6-oxo-1,6-dihydropyridine-2-carboxylate",COC(=O)C1=CC=CC(=O)N1,3.265,MeOH,1,CO
"Methyl-2,6-dimethoxybenzoate",COC1=C(C(=CC=C1)OC)C(=O)OC,4.99,MeOH,1,CO
Methyl-3-bromo-4-iodobenzoate,COC(=O)C1=CC(=C(C=C1)I)Br,6.546,MeOH,0,CO
"Methyl-6-Oxo-1,6-dihydropyridazine-3-carboxylate",COC(=O)C1=NNC(=O)C=C1,3.114,MeOH,0,CO
Methyl-diethylphosphonoacetate,CCOP(=O)(CC(=O)OC)OCC,3.921,MeOH,1,CO
N(im)-Trityl-L-histidine,C1=CC=C(C=C1)C(C2=CC=CC=C2)(C3=CC=CC=C3)N4C=C(N=C4)C[C@@H](C(=O)O)N,4.065,MeOH,0,CO
"N,N-Dimethyl-L-phenylalanine",CN(C)[C@@H](CC1=CC=CC=C1)C(=O)O,2.647,MeOH,0,CO
N-Acetyl-L-tryptophan,CC(=O)N[C@@H](CC1=CNC2=CC=CC=C21)C(=O)O,0.0,MeOH,1,CO
N-Benzylidenebenzylamine,C1=CC=C(C=C1)CN=CC2=CC=CC=C2,4.87,MeOH,1,CO
N-Phthaloylglycine,C1=CC=C2C(=C1)C(=O)N(C2=O)CC(=O)O,0.0,MeOH,1,CO
"N-[(1,1-Dimethylethoxy)carbonyl]-L-histidine methyl_ester",CC(C)(C)OC(=O)N[C@@H](CC1=CN=CN1)C(=O)OC,0.0,MeOH,1,CO
N-[(Phenylmethoxy)carbonyl]-O-(phenylmethyl)-L-serine_,C1=CC=C(C=C1)COC[C@@H](C(=O)O)NC(=O)OCC2=CC=CC=C2,0.0,MeOH,1,CO
"N6-[(1,1-Dimethylethoxy)carbonyl]-N2-[(9H-fluoren-9-ylmethoxy)carbonyl]-2-methyl-D-lysine",C[C@@](CCCCNC(=O)OC(C)(C)C)(C(=O)O)NC(=O)OCC1C2=CC=CC=C2C3=CC=CC=C13,6.201,MeOH,0,CO
"N6-[(1,1-Dimethylethoxy)carbonyl]-N2-[(phenylmethoxy)carbonyl]-L-lysine",CC(C)(C)OC(=O)NCCCC[C@@H](C(=O)O)NC(=O)OCC1=CC=CC=C1,0.0,MeOH,1,CO
Nalpha-[(9H-Fluoren-9-ylmethoxy)carbonyl]-L-threonine tert-Butyl-Ester,C[C@H]([C@@H](C(=O)OC(C)(C)C)NC(=O)OCC1C2=CC=CC=C2C3=CC=CC=C13)O,6.179,MeOH,1,CO
Phenyl-benzoate,C1=CC=C(C=C1)C(=O)OC2=CC=CC=C2,6.129,MeOH,1,CO
Pindolol,CC(C)NCC(COC1=CC=CC2=C1C=CN2)O,0.0,MeOH,0,CO
Protocatechuic_acid,C1=CC(=C(C=C1C(=O)O)O)O,4.331,MeOH,1,CO
Suberic_acid_monomethyl_ester,COC(=O)CCCCCCC(=O)O,5.205,MeOH,1,CO
Z-D-Glu-OBzl,C1=CC=C(C=C1)COC(=O)[C@@H](CCC(=O)O)NC(=O)OCC2=CC=CC=C2,6.478,MeOH,0,CO
Z-D-Phg-OH,C1=CC=C(C=C1)COC(=O)N[C@H](C2=CC=CC=C2)C(=O)O,0.0,MeOH,1,CO
"meso-1,2-Dibromo-1,2-diphenylethane",C1=CC=C(C=C1)C(C(C2=CC=CC=C2)Br)Br,6.378,MeOH,0,CO
mono-tert-Butyl_succinate,CC(C)(C)OC(=O)CCC(=O)O,5.562,MeOH,1,CO
pentafluorobenzyl-bromide,C(C1=C(C(=C(C(=C1F)F)F)F)F)Br,6.149,MeOH,1,CO
"trans-1,2-Bis(phenylsulfonyl)ethylene",C1=CC=C(C=C1)S(=O)(=O)/C=C/S(=O)(=O)C2=CC=CC=C2,5.493,MeOH,0,CO
trans-4-(9-Fluorenylmethyloxycarbonylaminomethyl)-cyclohexanoic_acid,C1CC(CCC1CNC(=O)OCC2C3=CC=CC=C3C4=CC=CC=C24)C(=O)O,6.639,MeOH,0,CO
trans-Aconitic-acid,C(/C(=C\C(=O)O)/C(=O)O)C(=O)O,0.0,MeOH,1,CO
(1-BROMOETHYL)BENZENE,CC(C1=CC=CC=C1)Br,5.717,MeOH,1,CO
"(2,6-Dioxo-piperidin-4-yl)-acetic_acid",C1C(CC(=O)NC1=O)CC(=O)O,0.0,MeOH,0,CO
(2-BENZYLOXYCARBONYLAMINO-ACETYLAMINO)-ACETIC_ACID,C1=CC=C(C=C1)COC(=O)NCC(=O)NCC(=O)O,3.685,MeOH,0,CO
(2S)-2-{[(9H-fluoren-9-ylmethoxy)carbonyl]amino}-4-hydroxybutanoic acid,C1=CC=C2C(=C1)C(C3=CC=CC=C32)COC(=O)N[C@@H](CCO)C(=O)O,3.196,MeOH,0,CO
"(2S,5S)-1-Hydroxy-2,5-diphenylphospholane 1-oxide",C1C[C@H](P(=O)([C@@H]1C2=CC=CC=C2)O)C3=CC=CC=C3,4.103,MeOH,0,CO
"(?S)-4-(1,1-Dimethylethoxy)-?-[[(9H-fluoren-9-ylmethoxy)carbonyl]amino]benzenebutanoic_acid",CC(C)(C)OC1=CC=C(C=C1)CC[C@@H](C(=O)O)NC(=O)OCC2C3=CC=CC=C3C4=CC=CC=C24,6.069,MeOH,0,CO
(R)-(-)-2-Methoxy-2-phenylethanol,CO[C@@H](CO)C1=CC=CC=C1,3.954,MeOH,1,CO
"(S)-(-)-2-Amino-3-methyl-1,1-diphenyl-1-butanol",CC(C)[C@@H](C(C1=CC=CC=C1)(C2=CC=CC=C2)O)N,3.579,MeOH,0,CO
(S)-Benzyl 2-(((S)-1-methoxy-4-methyl-1-oxopentan-2-yl)carbamoyl)pyrrolidine-1-carboxylate,CC(C)C[C@@H](C(=O)OC)NC(=O)[C@@H]1CCCN1C(=O)OCC2=CC=CC=C2,5.166,MeOH,1,CO
"1,1,1-Tris(4-hydroxyphenyl)ethane",CC(C1=CC=C(C=C1)O)(C2=CC=C(C=C2)O)C3=CC=C(C=C3)O,4.516,MeOH,1,CO
"1,1,3-Triphenylpropargyl alcohol",C1=CC=C(C=C1)C#CC(C2=CC=CC=C2)(C3=CC=CC=C3)O,6.022,MeOH,1,CO
"1,2-Bis(4-hydroxyphenyl)ethane-1,2-dione",C1=CC(=CC=C1C(=O)C(=O)C2=CC=C(C=C2)O)O,4.356,MeOH,1,CO
"1,3-Bis(trifluoromethyl)-5-bromobenzene",C1=C(C=C(C=C1C(F)(F)F)Br)C(F)(F)F,6.316,MeOH,1,CO
"1,3-Butanediol-diacrylate",CC(CCOC(=O)C=C)OC(=O)C=C,4.994,MeOH,1,CO
"1,3-Dimethyl 2-[(4-methoxyphenyl)methylene]propanedioate",COC1=CC=C(C=C1)C=C(C(=O)OC)C(=O)OC,5.146,MeOH,1,CO
"1,3-Diphenylacetone_p-tosylhydrazone",CC1=CC=C(C=C1)S(=O)(=O)NN=C(CC2=CC=CC=C2)CC3=CC=CC=C3,5.997,MeOH,0,CO
"1,4-Bis(bromomethyl)-2,3,5,6-tetrafluorobenzene_",C(C1=C(C(=C(C(=C1F)F)CBr)F)F)Br,5.996,MeOH,0,CO
"1,4-Cyclohexanedicarboxylic-acid",C1CC(CCC1C(=O)O)C(=O)O,3.453,MeOH,1,CO
"1,4-Dibromo-2,3-butanedione",C(C(=O)C(=O)CBr)Br,3.548,MeOH,1,CO
1-(4-Biphenyl)-1-ethanol,CC(C1=CC=C(C=C1)C2=CC=CC=C2)O,5.219,MeOH,1,CO
"1-(9H-Fluoren-9-ylmethyl) (2S,4S)-4-[[(1,1-dimethylethoxy)carbonyl]amino]-1,2-pyrrolidinedicarboxylate_",CC(C)(C)OC(=O)N[C@H]1C[C@H](N(C1)C(=O)OCC2C3=CC=CC=C3C4=CC=CC=C24)C(=O)O,5.46,MeOH,1,CO
1-(tert-Butoxycarbonyl)-4-[(9H-fluoren-9-ylmethoxy)carbonyl]-2-piperazinecarboxylic_acid,CC(C)(C)OC(=O)N1CCN(CC1C(=O)O)C(=O)OCC2C3=CC=CC=C3C4=CC=CC=C24,5.698,MeOH,0,CO
1-BROMO-3-METHYLBUTANE,CC(C)CCBr,0.0,MeOH,1,CO
1-Benzofuran-5-carboxylic_acid,C1=CC2=C(C=CO2)C=C1C(=O)O,4.328,MeOH,0,CO
1-Benzylpiperidine,C1CCN(CC1)CC2=CC=CC=C2,2.932,MeOH,1,CO
1-Bromo-4-(trifluoromethoxy)benzene,C1=CC(=CC=C1OC(F)(F)F)Br,6.126,MeOH,1,CO
1-Bromopentanemethylbenzene,CC1=C(C(=C(C(=C1C)C)Br)C)C,0.0,MeOH,0,CO
1-Phenyl-5-(trifluoromethyl)-1H-pyrazole-4-carboxylic_acid,C1=CC=C(C=C1)N2C(=C(C=N2)C(=O)O)C(F)(F)F,4.692,MeOH,1,CO
1-Pyrenemethanol,C1=CC2=C3C(=C1)C=CC4=C(C=CC(=C43)C=C2)CO,5.493,MeOH,0,CO
"1-Tosyl-2,5-dihydro-1H-pyrrole",CC1=CC=C(C=C1)S(=O)(=O)N2CC=CC2,5.084,MeOH,0,CO
"2,2"",4,4""-Tetramethylbenzophenone",CC1=CC(=C(C=C1)C(=O)C2=C(C=C(C=C2)C)C)C,6.666,MeOH,1,CO
"2,2,2-TRIFLUOROACETOPHENONE",C1=CC=C(C=C1)C(=O)C(F)(F)F,4.321,MeOH,1,CO
"2,3,4-Trifluorobenzoic acid",C1=CC(=C(C(=C1C(=O)O)F)F)F,4.217,MeOH,1,CO
"2,3,6,7,10,11-Hexamethoxytriphenylene",COC1=C(C=C2C(=C1)C3=CC(=C(C=C3C4=CC(=C(C=C24)OC)OC)OC)OC)OC,5.479,MeOH,0,CO
"2,4,6-Tris(bromomethyl)mesitylene",CC1=C(C(=C(C(=C1CBr)C)CBr)C)CBr,6.441,MeOH,0,CO
"2,4-Dichlorophenol",C1=CC(=C(C=C1Cl)Cl)O,5.002,MeOH,1,CO
"2,6-Bis[(4S)-4-phenyl-2-oxazolinyl]pyridine",C1[C@@H](N=C(O1)C2=NC(=CC=C2)C3=N[C@H](CO3)C4=CC=CC=C4)C5=CC=CC=C5,5.388,MeOH,0,CO
"2,6-Dichloroiodobenzene",C1=CC(=C(C(=C1)Cl)I)Cl,6.278,MeOH,1,CO
"2,6-Diisopropylphenol",CC(C)C1=C(C(=CC=C1)C(C)C)O,5.934,MeOH,1,CO
"2,6-Dimethoxy-1,4-benzoquinone",COC1=CC(=O)C=C(C1=O)OC,3.382,MeOH,0,CO
"2,6-Dimethoxybenzoyl_chloride",COC1=C(C(=CC=C1)OC)C(=O)Cl,3.697,MeOH,0,CO
2-(3-Chlorophenoxy)propionic-acid,CC(C(=O)O)OC1=CC(=CC=C1)Cl,4.625,MeOH,1,CO
2-(4-Chlorobenzoyl)benzoic_acid,C1=CC=C(C(=C1)C(=O)C2=CC=C(C=C2)Cl)C(=O)O,4.998,MeOH,1,CO
2-(Diphenylphosphino)benzoic-acid,C1=CC=C(C=C1)P(C2=CC=CC=C2)C3=CC=CC=C3C(=O)O,5.797,MeOH,0,CO
2-(Trifluoromethyl)pyridine-4-carboxylic_acid,C1=CN=C(C=C1C(=O)O)C(F)(F)F,3.635,MeOH,1,CO
2-Amino-4-phenylphenol,C1=CC=C(C=C1)C2=CC(=C(C=C2)O)N,4.249,MeOH,0,CO
2-Amino-6-bromopyridine,C1=CC(=NC(=C1)Br)N,3.979,MeOH,1,CO
2-Benzyloxybenzoic_acid ,C1=CC=C(C=C1)COC2=CC=CC=C2C(=O)O,4.952,MeOH,1,CO
"2-Bromo-2',6'-diisopropoxy-1,1'-biphenyl",CC(C)OC1=C(C(=CC=C1)OC(C)C)C2=CC=CC=C2Br,6.768,MeOH,1,CO
2-Bromo-5-(trifluoromethyl)benzaldehyde,C1=CC(=C(C=C1C(F)(F)F)C=O)Br,5.646,MeOH,1,CO
2-Bromo-5-chlorotoluene,CC1=C(C=CC(=C1)Cl)Br,6.471,MeOH,1,CO
2-Bromoanthraquinone,C1=CC=C2C(=C1)C(=O)C3=C(C2=O)C=C(C=C3)Br,6.357,MeOH,0,CO
2-Bromonaphthalen-1-ol,C1=CC=C2C(=C1)C=CC(=C2O)Br,5.492,MeOH,1,CO
2-Bromophenethylamine,C1=CC=C(C(=C1)CCN)Br,3.228,MeOH,1,CO
2-Bromotoluene,CC1=CC=CC=C1Br,6.087,MeOH,1,CO
2-Hydroxy-4-(trifluoromethyl)aniline,C1=CC(=C(C=C1C(F)(F)F)O)N,4.516,MeOH,0,CO
2-Iodobenzaldehyde,C1=CC=C(C(=C1)C=O)I,5.318,MeOH,1,CO
2-Iodobenzyl_bromide,C1=CC=C(C(=C1)CBr)I,5.97,MeOH,0,CO
2-Iodopyridine,C1=CC=NC(=C1)I,4.355,MeOH,1,CO
2-Isopropylthioxanthone,CC(C)C1=CC2=C(C=C1)SC3=CC=CC=C3C2=O,6.747,MeOH,0,CO
"2-Methyl-5-(trifluoromethyl)-1,3-benzoxazole",CC1=NC2=C(O1)C=CC(=C2)C(F)(F)F,5.228,MeOH,1,CO
"3,3-Dimethyl-1-indanone",CC1(CC(=O)C2=CC=CC=C21)C,5.052,MeOH,1,CO
"3,4,5-TRIBROMO-1H-PYRAZOLE",C1(=C(NN=C1Br)Br)Br,4.913,MeOH,1,CO
"3,4,7,8-Tetramethyl-1,10-phenanthroline",CC1=CN=C2C(=C1C)C=CC3=C(C(=CN=C32)C)C,3.691,MeOH,0,CO
"3,5-Di-tert-butylbenzoic acid",CC(C)(C)C1=CC(=CC(=C1)C(=O)O)C(C)(C)C,6.004,MeOH,1,CO
"3,5-Dibromotoluene",CC1=CC(=CC(=C1)Br)Br,6.643,MeOH,1,CO
"3,5-Dimethylbenzoyl_chloride",CC1=CC(=CC(=C1)C(=O)Cl)C,4.74,MeOH,1,CO
"3,6-Dimethoxy-9H-carbazole",COC1=CC2=C(C=C1)NC3=C2C=C(C=C3)OC,5.201,MeOH,0,CO
3-(2-Naphthyl)acrylic_acid,C1=CC=C2C=C(C=CC2=C1)/C=C/C(=O)O,5.0,MeOH,0,CO
3-(Phenylthio)propanoic-acid,C1=CC=C(C=C1)SCCC(=O)O,4.613,MeOH,1,CO
3-(tert-Butoxycarbonyl)benzoic_acid,CC(C)(C)OC(=O)C1=CC=CC(=C1)C(=O)O,5.044,MeOH,1,CO
3-Bromobenzoyl_chloride,C1=CC(=CC(=C1)Br)C(=O)Cl,6.034,MeOH,1,CO
3-Bromopropionyl_chloride,C(CBr)C(=O)Cl,2.905,MeOH,1,CO
3-Chloro-4-methoxyaniline,COC1=C(C=C(C=C1)N)Cl,3.239,MeOH,1,CO
3-[[(9H-Fluoren-9-ylmethoxy)carbonyl]amino]-2-naphthalenecarboxylic acid,C1=CC=C2C=C(C(=CC2=C1)C(=O)O)NC(=O)OCC3C4=CC=CC=C4C5=CC=CC=C35,6.295,MeOH,0,CO
"4,4',4''-Trimethoxytrityl chloride",COC1=CC=C(C=C1)C(C2=CC=C(C=C2)OC)(C3=CC=C(C=C3)OC)Cl,5.708,MeOH,1,CO
"4,4'-Dihydroxybiphenyl",C1=CC(=CC=C1C2=CC=C(C=C2)O)O,4.206,MeOH,0,CO
"4,4'-Dimethoxybenzophenone",COC1=CC=C(C=C1)C(=O)C2=CC=C(C=C2)OC,5.439,MeOH,0,CO
"4,4?,4??-(1,3,5-TRIAZINE-2,4,6-TRIYL)TRIBENZALDEHYDE",C1=CC(=CC=C1C=O)C2=NC(=NC(=N2)C3=CC=C(C=C3)C=O)C4=CC=C(C=C4)C=O,5.0,MeOH,0,CO
4-(Bromomethyl)benzoic_acid,C1=CC(=CC=C1CBr)C(=O)O,4.555,MeOH,0,CO
4-(Hydroxymethyl)phenylacetic-acid,C1=CC(=CC=C1CC(=O)O)CO,3.294,MeOH,1,CO
4-(Trifluoroacetyl)phenacyl-bromide,C1=CC(=CC=C1C(=O)CBr)C(=O)C(F)(F)F,4.66,MeOH,1,CO
4-(Trifluoromethyl)benzylamine,C1=CC(=CC=C1CN)C(F)(F)F,3.284,MeOH,1,CO
"4-Bromo-3,5-dimethoxybenzoic acid",COC1=CC(=CC(=C1Br)OC)C(=O)O,4.586,MeOH,0,CO
4-Bromo-L-phenylalanine,C1=CC(=CC=C1C[C@@H](C(=O)O)N)Br,3.259,MeOH,0,CO
4-Chlorobenzenesulfonic_acid,C1=CC(=CC=C1S(=O)(=O)O)Cl,2.93,MeOH,1,CO
4-Chloropyridine-3-carboxylic_acid,C1=CN=CC(=C1Cl)C(=O)O,0.0,MeOH,0,CO
"4-Hydroxy-3,5-diiodobenzoic acid",C1=C(C=C(C(=C1I)O)I)C(=O)O,4.476,MeOH,0,CO
4-Hydroxyphthalic_acid,C1=CC(=C(C=C1O)C(=O)O)C(=O)O,1.493,MeOH,1,CO
4-Methoxybiphenyl,COC1=CC=C(C=C1)C2=CC=CC=C2,5.974,MeOH,0,CO
4-Methoxytriphenylamine,COC1=CC=C(C=C1)N(C2=CC=CC=C2)C3=CC=CC=C3,6.687,MeOH,0,CO
4-tert-Butylbenzoyl_chloride,CC(C)(C)C1=CC=C(C=C1)C(=O)Cl,5.189,MeOH,1,CO
"5,7-Dimethyl-[1,2,4]triazolo[1,5-a]pyrimidine-2-carboxylic acid",CC1=CC(=NC2=NC(=NN12)C(=O)O)C,1.395,MeOH,0,CO
5-(Trifluoromethyl)indole,C1=CC2=C(C=CN2)C=C1C(F)(F)F,5.41,MeOH,1,CO
5-(Trifluoromethyl)pyridine-2-carboxaldehyde,C1=CC(=NC=C1C(F)(F)F)C=O,3.586,MeOH,1,CO
5-Bromo-2-furoic_acid,C1=C(OC(=C1)Br)C(=O)O,3.478,MeOH,1,CO
5-Bromo-2-phenylpyridine,C1=CC=C(C=C1)C2=NC=C(C=C2)Br,5.999,MeOH,1,CO
"6,6'-Dibromo-1,1'-bi-2-naphthol",C1=CC2=C(C=CC(=C2C3=C(C=CC4=C3C=CC(=C4)Br)O)O)C=C1Br,6.251,MeOH,0,CO
8-Isoquinolinecarboxaldehyde,C1=CC2=C(C=NC=C2)C(=C1)C=O,3.029,MeOH,1,CO
Allyl-alpha-D-glucopyranoside,C=CCO[C@@H]1[C@@H]([C@H]([C@@H]([C@H](O1)CO)O)O)O,0.0,MeOH,1,CO
Aniline-2-sulfonic_acid,C1=CC=C(C(=C1)N)S(=O)(=O)O,0.0,MeOH,0,CO
Bis(diphenylphosphino)methane,C1=CC=C(C=C1)P(CP(C2=CC=CC=C2)C3=CC=CC=C3)C4=CC=CC=C4,0.0,MeOH,0,CO
DL-beta-Phenylalanine,C1=CC=C(C=C1)C(CC(=O)O)N,1.085,MeOH,0,CO
Di-tert-butylcyclopentadiene,CC(C)(C)C1C=CC(=C1)C(C)(C)C,0.0,MeOH,1,CO
Dibenzyl-malonate,C1=CC=C(C=C1)COC(=O)CC(=O)OCC2=CC=CC=C2,5.676,MeOH,1,CO
Dibromomaleic-acid,C(=C(\C(=O)O)/Br)(\C(=O)O)/Br,3.282,MeOH,1,CO
Diethyl 4-Methoxyphenylphosphonate,CCOP(=O)(C1=CC=C(C=C1)OC)OCC,4.523,MeOH,1,CO
Diethyl_dibutylmalonate,CCCCC(CCCC)(C(=O)OCC)C(=O)OCC,6.757,MeOH,1,CO
Diethyl_phenylmalonate,CCOC(=O)C(C1=CC=CC=C1)C(=O)OCC,5.407,MeOH,1,CO
"Dimethyl 1,3-cyclohexadiene-1,4-dicarboxylate",COC(=O)C1=CC=C(CC1)C(=O)OC,4.897,MeOH,0,CO
"Dimethyl 2,2'-bipyridine-4,4'-dicarboxylate",COC(=O)C1=CC(=NC=C1)C2=NC=CC(=C2)C(=O)OC,5.278,MeOH,0,CO
Dimethyl-propargylmalonate,COC(=O)C(CC#C)C(=O)OC,0.0,MeOH,1,CO
Ethyl 2-cyclohexanoneacetate,CCOC(=O)CC1CCCCC1=O,4.689,MeOH,1,CO
Ethyl 3-thiopheneacetate,CCOC(=O)CC1=CSC=C1,5.098,MeOH,1,CO
"Ethyl 4,4,4-trifluoroacetoacetate",CCOC(=O)CC(=O)C(F)(F)F,3.859,MeOH,1,CO
Ethyl mesitylglyoxylate,CCOC(=O)C(=O)C1=C(C=C(C=C1C)C)C,5.827,MeOH,1,CO
Ethyl-3-oxohexanoate,CCCC(=O)CC(=O)OCC,4.603,MeOH,1,CO
Ethyl-4-bromocrotonate,CCOC(=O)/C=C/CBr,5.037,MeOH,1,CO
Ethyl-4-iodobenzoate,CCOC(=O)C1=CC=C(C=C1)I,6.075,MeOH,1,CO
FMOC-D-ORN(ALOC)-OH,C=CCOC(=O)NCCC[C@H](C(=O)O)NC(=O)OCC1C2=CC=CC=C2C3=CC=CC=C13,5.147,MeOH,1,CO
Flavanone,C1C(OC2=CC=CC=C2C1=O)C3=CC=CC=C3,5.607,MeOH,0,CO
Flufenamic-acid,C1=CC=C(C(=C1)C(=O)O)NC2=CC=CC(=C2)C(F)(F)F,5.77,MeOH,1,CO
Hematein,C1C2=CC(=C(C=C2C3=C4C=CC(=O)C(=C4OCC31O)O)O)O,4.566,MeOH,0,CO
METHYL 2-PHTHALIMIDOACETATE,COC(=O)CN1C(=O)C2=CC=CC=C2C1=O,4.476,MeOH,0,CO
"Methyl 6-oxo-1,6-dihydropyridine-2-carboxylate",COC(=O)C1=CC=CC(=O)N1,2.879,MeOH,1,CO
"Methyl-2,6-dimethoxybenzoate",COC1=C(C(=CC=C1)OC)C(=O)OC,4.625,MeOH,1,CO
Methyl-3-bromo-4-iodobenzoate,COC(=O)C1=CC(=C(C=C1)I)Br,6.145,MeOH,0,CO
"Methyl-6-Oxo-1,6-dihydropyridazine-3-carboxylate",COC(=O)C1=NNC(=O)C=C1,2.341,MeOH,0,CO
Methyl-diethylphosphonoacetate,CCOP(=O)(CC(=O)OC)OCC,3.635,MeOH,1,CO
N(im)-Trityl-L-histidine,C1=CC=C(C=C1)C(C2=CC=CC=C2)(C3=CC=CC=C3)N4C=C(N=C4)C[C@@H](C(=O)O)N,4.033,MeOH,0,CO
"N,N-Dimethyl-L-phenylalanine",CN(C)[C@@H](CC1=CC=CC=C1)C(=O)O,2.393,MeOH,0,CO
N-Acetyl-L-tryptophan,CC(=O)N[C@@H](CC1=CNC2=CC=CC=C21)C(=O)O,3.707,MeOH,1,CO
N-Benzylidenebenzylamine,C1=CC=C(C=C1)CN=CC2=CC=CC=C2,4.383,MeOH,1,CO
N-Phthaloylglycine,C1=CC=C2C(=C1)C(=O)N(C2=O)CC(=O)O,3.573,MeOH,1,CO
"N-[(1,1-Dimethylethoxy)carbonyl]-L-histidine methyl_ester",CC(C)(C)OC(=O)N[C@@H](CC1=CN=CN1)C(=O)OC,3.209,MeOH,1,CO
N-[(Phenylmethoxy)carbonyl]-O-(phenylmethyl)-L-serine_,C1=CC=C(C=C1)COC[C@@H](C(=O)O)NC(=O)OCC2=CC=CC=C2,5.044,MeOH,1,CO
"N6-[(1,1-Dimethylethoxy)carbonyl]-N2-[(9H-fluoren-9-ylmethoxy)carbonyl]-2-methyl-D-lysine",C[C@@](CCCCNC(=O)OC(C)(C)C)(C(=O)O)NC(=O)OCC1C2=CC=CC=C2C3=CC=CC=C13,5.667,MeOH,0,CO
"N6-[(1,1-Dimethylethoxy)carbonyl]-N2-[(phenylmethoxy)carbonyl]-L-lysine",CC(C)(C)OC(=O)NCCCC[C@@H](C(=O)O)NC(=O)OCC1=CC=CC=C1,4.943,MeOH,1,CO
Nalpha-[(9H-Fluoren-9-ylmethoxy)carbonyl]-L-threonine tert-Butyl-Ester,C[C@H]([C@@H](C(=O)OC(C)(C)C)NC(=O)OCC1C2=CC=CC=C2C3=CC=CC=C13)O,5.789,MeOH,1,CO
Phenyl-benzoate,C1=CC=C(C=C1)C(=O)OC2=CC=CC=C2,5.81,MeOH,1,CO
Pindolol,CC(C)NCC(COC1=CC=CC2=C1C=CN2)O,3.149,MeOH,0,CO
Protocatechuic_acid,C1=CC(=C(C=C1C(=O)O)O)O,2.458,MeOH,1,CO
Suberic_acid_monomethyl_ester,COC(=O)CCCCCCC(=O)O,4.207,MeOH,1,CO
Z-D-Glu-OBzl,C1=CC=C(C=C1)COC(=O)[C@@H](CCC(=O)O)NC(=O)OCC2=CC=CC=C2,5.043,MeOH,0,CO
Z-D-Phg-OH,C1=CC=C(C=C1)COC(=O)N[C@H](C2=CC=CC=C2)C(=O)O,4.772,MeOH,1,CO
"meso-1,2-Dibromo-1,2-diphenylethane",C1=CC=C(C=C1)C(C(C2=CC=CC=C2)Br)Br,6.089,MeOH,0,CO
mono-tert-Butyl_succinate,CC(C)(C)OC(=O)CCC(=O)O,4.127,MeOH,1,CO
pentafluorobenzyl-bromide,C(C1=C(C(=C(C(=C1F)F)F)F)F)Br,5.876,MeOH,1,CO
"trans-1,2-Bis(phenylsulfonyl)ethylene",C1=CC=C(C=C1)S(=O)(=O)/C=C/S(=O)(=O)C2=CC=CC=C2,5.113,MeOH,0,CO
trans-4-(9-Fluorenylmethyloxycarbonylaminomethyl)-cyclohexanoic_acid,C1CC(CCC1CNC(=O)OCC2C3=CC=CC=C3C4=CC=CC=C24)C(=O)O,5.288,MeOH,0,CO
trans-Aconitic-acid,C(/C(=C\C(=O)O)/C(=O)O)C(=O)O,0.0,MeOH,1,CO
(1-BROMOETHYL)BENZENE,CC(C1=CC=CC=C1)Br,0.0,MeOH,1,CO
"(2,6-Dioxo-piperidin-4-yl)-acetic_acid",C1C(CC(=O)NC1=O)CC(=O)O,0.0,MeOH,0,CO
(2-BENZYLOXYCARBONYLAMINO-ACETYLAMINO)-ACETIC_ACID,C1=CC=C(C=C1)COC(=O)NCC(=O)NCC(=O)O,1.036,MeOH,0,CO
(2S)-2-{[(9H-fluoren-9-ylmethoxy)carbonyl]amino}-4-hydroxybutanoic acid,C1=CC=C2C(=C1)C(C3=CC=CC=C32)COC(=O)N[C@@H](CCO)C(=O)O,3.166,MeOH,0,CO
"(2S,5S)-1-Hydroxy-2,5-diphenylphospholane 1-oxide",C1C[C@H](P(=O)([C@@H]1C2=CC=CC=C2)O)C3=CC=CC=C3,2.987,MeOH,0,CO
"(?S)-4-(1,1-Dimethylethoxy)-?-[[(9H-fluoren-9-ylmethoxy)carbonyl]amino]benzenebutanoic_acid",CC(C)(C)OC1=CC=C(C=C1)CC[C@@H](C(=O)O)NC(=O)OCC2C3=CC=CC=C3C4=CC=CC=C24,6.089,MeOH,0,CO
(R)-(-)-2-Methoxy-2-phenylethanol,CO[C@@H](CO)C1=CC=CC=C1,3.918,MeOH,1,CO
"(S)-(-)-2-Amino-3-methyl-1,1-diphenyl-1-butanol",CC(C)[C@@H](C(C1=CC=CC=C1)(C2=CC=CC=C2)O)N,5.745,MeOH,0,CO
(S)-Benzyl 2-(((S)-1-methoxy-4-methyl-1-oxopentan-2-yl)carbamoyl)pyrrolidine-1-carboxylate,CC(C)C[C@@H](C(=O)OC)NC(=O)[C@@H]1CCCN1C(=O)OCC2=CC=CC=C2,5.188,MeOH,1,CO
"1,1,1-Tris(4-hydroxyphenyl)ethane",CC(C1=CC=C(C=C1)O)(C2=CC=C(C=C2)O)C3=CC=C(C=C3)O,4.517,MeOH,1,CO
"1,1,3-Triphenylpropargyl alcohol",C1=CC=C(C=C1)C#CC(C2=CC=CC=C2)(C3=CC=CC=C3)O,5.918,MeOH,1,CO
"1,2-Bis(4-hydroxyphenyl)ethane-1,2-dione",C1=CC(=CC=C1C(=O)C(=O)C2=CC=C(C=C2)O)O,0.0,MeOH,1,CO
"1,3-Bis(trifluoromethyl)-5-bromobenzene",C1=C(C=C(C=C1C(F)(F)F)Br)C(F)(F)F,6.328,MeOH,1,CO
"1,3-Butanediol-diacrylate",CC(CCOC(=O)C=C)OC(=O)C=C,4.985,MeOH,1,CO
"1,3-Dimethyl 2-[(4-methoxyphenyl)methylene]propanedioate",COC1=CC=C(C=C1)C=C(C(=O)OC)C(=O)OC,5.076,MeOH,1,CO
"1,3-Diphenylacetone_p-tosylhydrazone",CC1=CC=C(C=C1)S(=O)(=O)NN=C(CC2=CC=CC=C2)CC3=CC=CC=C3,5.841,MeOH,0,CO
"1,4-Bis(bromomethyl)-2,3,5,6-tetrafluorobenzene_",C(C1=C(C(=C(C(=C1F)F)CBr)F)F)Br,6.007,MeOH,0,CO
"1,4-Cyclohexanedicarboxylic-acid",C1CC(CCC1C(=O)O)C(=O)O,0.0,MeOH,1,CO
"1,4-Dibromo-2,3-butanedione",C(C(=O)C(=O)CBr)Br,3.147,MeOH,1,CO
1-(4-Biphenyl)-1-ethanol,CC(C1=CC=C(C=C1)C2=CC=CC=C2)O,5.138,MeOH,1,CO
"1-(9H-Fluoren-9-ylmethyl) (2S,4S)-4-[[(1,1-dimethylethoxy)carbonyl]amino]-1,2-pyrrolidinedicarboxylate_",CC(C)(C)OC(=O)N[C@H]1C[C@H](N(C1)C(=O)OCC2C3=CC=CC=C3C4=CC=CC=C24)C(=O)O,5.506,MeOH,1,CO
1-(tert-Butoxycarbonyl)-4-[(9H-fluoren-9-ylmethoxy)carbonyl]-2-piperazinecarboxylic_acid,CC(C)(C)OC(=O)N1CCN(CC1C(=O)O)C(=O)OCC2C3=CC=CC=C3C4=CC=CC=C24,5.725,MeOH,0,CO
1-BROMO-3-METHYLBUTANE,CC(C)CCBr,0.0,MeOH,1,CO
1-Benzofuran-5-carboxylic_acid,C1=CC2=C(C=CO2)C=C1C(=O)O,0.0,MeOH,0,CO
1-Benzylpiperidine,C1CCN(CC1)CC2=CC=CC=C2,0.0,MeOH,1,CO
1-Bromo-4-(trifluoromethoxy)benzene,C1=CC(=CC=C1OC(F)(F)F)Br,6.13,MeOH,1,CO
1-Bromopentanemethylbenzene,CC1=C(C(=C(C(=C1C)C)Br)C)C,0.0,MeOH,0,CO
1-Phenyl-5-(trifluoromethyl)-1H-pyrazole-4-carboxylic_acid,C1=CC=C(C=C1)N2C(=C(C=N2)C(=O)O)C(F)(F)F,1.535,MeOH,1,CO
1-Pyrenemethanol,C1=CC2=C3C(=C1)C=CC4=C(C=CC(=C43)C=C2)CO,5.412,MeOH,0,CO
"1-Tosyl-2,5-dihydro-1H-pyrrole",CC1=CC=C(C=C1)S(=O)(=O)N2CC=CC2,5.012,MeOH,0,CO
"2,2"",4,4""-Tetramethylbenzophenone",CC1=CC(=C(C=C1)C(=O)C2=C(C=C(C=C2)C)C)C,6.702,MeOH,1,CO
"2,2,2-TRIFLUOROACETOPHENONE",C1=CC=C(C=C1)C(=O)C(F)(F)F,4.336,MeOH,1,CO
"2,3,4-Trifluorobenzoic acid",C1=CC(=C(C(=C1C(=O)O)F)F)F,0.0,MeOH,1,CO
"2,3,6,7,10,11-Hexamethoxytriphenylene",COC1=C(C=C2C(=C1)C3=CC(=C(C=C3C4=CC(=C(C=C24)OC)OC)OC)OC)OC,5.502,MeOH,0,CO
"2,4,6-Tris(bromomethyl)mesitylene",CC1=C(C(=C(C(=C1CBr)C)CBr)C)CBr,6.321,MeOH,0,CO
"2,4-Dichlorophenol",C1=CC(=C(C=C1Cl)Cl)O,4.973,MeOH,1,CO
"2,6-Bis[(4S)-4-phenyl-2-oxazolinyl]pyridine",C1[C@@H](N=C(O1)C2=NC(=CC=C2)C3=N[C@H](CO3)C4=CC=CC=C4)C5=CC=CC=C5,5.315,MeOH,0,CO
"2,6-Dichloroiodobenzene",C1=CC(=C(C(=C1)Cl)I)Cl,6.307,MeOH,1,CO
"2,6-Diisopropylphenol",CC(C)C1=C(C(=CC=C1)C(C)C)O,5.957,MeOH,1,CO
"2,6-Dimethoxy-1,4-benzoquinone",COC1=CC(=O)C=C(C1=O)OC,3.37,MeOH,0,CO
"2,6-Dimethoxybenzoyl_chloride",COC1=C(C(=CC=C1)OC)C(=O)Cl,0.0,MeOH,0,CO
2-(3-Chlorophenoxy)propionic-acid,CC(C(=O)O)OC1=CC(=CC=C1)Cl,1.262,MeOH,1,CO
2-(4-Chlorobenzoyl)benzoic_acid,C1=CC=C(C(=C1)C(=O)C2=CC=C(C=C2)Cl)C(=O)O,3.206,MeOH,1,CO
2-(Diphenylphosphino)benzoic-acid,C1=CC=C(C=C1)P(C2=CC=CC=C2)C3=CC=CC=C3C(=O)O,3.53,MeOH,0,CO
2-(Trifluoromethyl)pyridine-4-carboxylic_acid,C1=CN=C(C=C1C(=O)O)C(F)(F)F,0.0,MeOH,1,CO
2-Amino-4-phenylphenol,C1=CC=C(C=C1)C2=CC(=C(C=C2)O)N,4.572,MeOH,0,CO
2-Amino-6-bromopyridine,C1=CC(=NC(=C1)Br)N,3.972,MeOH,1,CO
2-Benzyloxybenzoic_acid ,C1=CC=C(C=C1)COC2=CC=CC=C2C(=O)O,2.663,MeOH,1,CO
"2-Bromo-2',6'-diisopropoxy-1,1'-biphenyl",CC(C)OC1=C(C(=CC=C1)OC(C)C)C2=CC=CC=C2Br,6.612,MeOH,1,CO
2-Bromo-5-(trifluoromethyl)benzaldehyde,C1=CC(=C(C=C1C(F)(F)F)C=O)Br,5.656,MeOH,1,CO
2-Bromo-5-chlorotoluene,CC1=C(C=CC(=C1)Cl)Br,6.353,MeOH,1,CO
2-Bromoanthraquinone,C1=CC=C2C(=C1)C(=O)C3=C(C2=O)C=C(C=C3)Br,6.246,MeOH,0,CO
2-Bromonaphthalen-1-ol,C1=CC=C2C(=C1)C=CC(=C2O)Br,5.31,MeOH,1,CO
2-Bromophenethylamine,C1=CC=C(C(=C1)CCN)Br,4.393,MeOH,1,CO
2-Bromotoluene,CC1=CC=CC=C1Br,5.988,MeOH,1,CO
2-Hydroxy-4-(trifluoromethyl)aniline,C1=CC(=C(C=C1C(F)(F)F)O)N,4.393,MeOH,0,CO
2-Iodobenzaldehyde,C1=CC=C(C(=C1)C=O)I,5.335,MeOH,1,CO
2-Iodobenzyl_bromide,C1=CC=C(C(=C1)CBr)I,5.878,MeOH,0,CO
2-Iodopyridine,C1=CC=NC(=C1)I,4.366,MeOH,1,CO
2-Isopropylthioxanthone,CC(C)C1=CC2=C(C=C1)SC3=CC=CC=C3C2=O,6.761,MeOH,0,CO
"2-Methyl-5-(trifluoromethyl)-1,3-benzoxazole",CC1=NC2=C(O1)C=CC(=C2)C(F)(F)F,5.238,MeOH,1,CO
"3,3-Dimethyl-1-indanone",CC1(CC(=O)C2=CC=CC=C21)C,5.065,MeOH,1,CO
"3,4,5-TRIBROMO-1H-PYRAZOLE",C1(=C(NN=C1Br)Br)Br,3.923,MeOH,1,CO
"3,4,7,8-Tetramethyl-1,10-phenanthroline",CC1=CN=C2C(=C1C)C=CC3=C(C(=CN=C32)C)C,5.008,MeOH,0,CO
"3,5-Di-tert-butylbenzoic acid",CC(C)(C)C1=CC(=CC(=C1)C(=O)O)C(C)(C)C,3.669,MeOH,1,CO
"3,5-Dibromotoluene",CC1=CC(=CC(=C1)Br)Br,6.506,MeOH,1,CO
"3,5-Dimethylbenzoyl_chloride",CC1=CC(=CC(=C1)C(=O)Cl)C,6.252,MeOH,1,CO
"3,6-Dimethoxy-9H-carbazole",COC1=CC2=C(C=C1)NC3=C2C=C(C=C3)OC,5.212,MeOH,0,CO
3-(2-Naphthyl)acrylic_acid,C1=CC=C2C=C(C=CC2=C1)/C=C/C(=O)O,5.009,MeOH,0,CO
3-(Phenylthio)propanoic-acid,C1=CC=C(C=C1)SCCC(=O)O,0.0,MeOH,1,CO
3-(tert-Butoxycarbonyl)benzoic_acid,CC(C)(C)OC(=O)C1=CC=CC(=C1)C(=O)O,3.134,MeOH,1,CO
3-Bromobenzoyl_chloride,C1=CC(=CC(=C1)Br)C(=O)Cl,6.056,MeOH,1,CO
3-Bromopropionyl_chloride,C(CBr)C(=O)Cl,0.0,MeOH,1,CO
3-Chloro-4-methoxyaniline,COC1=C(C=C(C=C1)N)Cl,4.215,MeOH,1,CO
3-[[(9H-Fluoren-9-ylmethoxy)carbonyl]amino]-2-naphthalenecarboxylic acid,C1=CC=C2C=C(C(=CC2=C1)C(=O)O)NC(=O)OCC3C4=CC=CC=C4C5=CC=CC=C35,4.126,MeOH,0,CO
"4,4',4''-Trimethoxytrityl chloride",COC1=CC=C(C=C1)C(C2=CC=C(C=C2)OC)(C3=CC=C(C=C3)OC)Cl,5.629,MeOH,1,CO
"4,4'-Dihydroxybiphenyl",C1=CC(=CC=C1C2=CC=C(C=C2)O)O,4.214,MeOH,0,CO
"4,4'-Dimethoxybenzophenone",COC1=CC=C(C=C1)C(=O)C2=CC=C(C=C2)OC,5.466,MeOH,0,CO
"4,4?,4??-(1,3,5-TRIAZINE-2,4,6-TRIYL)TRIBENZALDEHYDE",C1=CC(=CC=C1C=O)C2=NC(=NC(=N2)C3=CC=C(C=C3)C=O)C4=CC=C(C=C4)C=O,5.013,MeOH,0,CO
4-(Bromomethyl)benzoic_acid,C1=CC(=CC=C1CBr)C(=O)O,4.563,MeOH,0,CO
4-(Hydroxymethyl)phenylacetic-acid,C1=CC(=CC=C1CC(=O)O)CO,0.0,MeOH,1,CO
4-(Trifluoroacetyl)phenacyl-bromide,C1=CC(=CC=C1C(=O)CBr)C(=O)C(F)(F)F,4.599,MeOH,1,CO
4-(Trifluoromethyl)benzylamine,C1=CC(=CC=C1CN)C(F)(F)F,5.479,MeOH,1,CO
"4-Bromo-3,5-dimethoxybenzoic acid",COC1=CC(=CC(=C1Br)OC)C(=O)O,1.681,MeOH,0,CO
4-Bromo-L-phenylalanine,C1=CC(=CC=C1C[C@@H](C(=O)O)N)Br,3.078,MeOH,0,CO
4-Chlorobenzenesulfonic_acid,C1=CC(=CC=C1S(=O)(=O)O)Cl,0.0,MeOH,1,CO
4-Chloropyridine-3-carboxylic_acid,C1=CN=CC(=C1Cl)C(=O)O,0.0,MeOH,0,CO
"4-Hydroxy-3,5-diiodobenzoic acid",C1=C(C=C(C(=C1I)O)I)C(=O)O,0.0,MeOH,0,CO
4-Hydroxyphthalic_acid,C1=CC(=C(C=C1O)C(=O)O)C(=O)O,0.0,MeOH,1,CO
4-Methoxybiphenyl,COC1=CC=C(C=C1)C2=CC=CC=C2,5.992,MeOH,0,CO
4-Methoxytriphenylamine,COC1=CC=C(C=C1)N(C2=CC=CC=C2)C3=CC=CC=C3,6.676,MeOH,0,CO
4-tert-Butylbenzoyl_chloride,CC(C)(C)C1=CC=C(C=C1)C(=O)Cl,3.054,MeOH,1,CO
"5,7-Dimethyl-[1,2,4]triazolo[1,5-a]pyrimidine-2-carboxylic acid",CC1=CC(=NC2=NC(=NN12)C(=O)O)C,0.0,MeOH,0,CO
5-(Trifluoromethyl)indole,C1=CC2=C(C=CN2)C=C1C(F)(F)F,5.434,MeOH,1,CO
5-(Trifluoromethyl)pyridine-2-carboxaldehyde,C1=CC(=NC=C1C(F)(F)F)C=O,0.0,MeOH,1,CO
5-Bromo-2-furoic_acid,C1=C(OC(=C1)Br)C(=O)O,0.0,MeOH,1,CO
5-Bromo-2-phenylpyridine,C1=CC=C(C=C1)C2=NC=C(C=C2)Br,5.916,MeOH,1,CO
"6,6'-Dibromo-1,1'-bi-2-naphthol",C1=CC2=C(C=CC(=C2C3=C(C=CC4=C3C=CC(=C4)Br)O)O)C=C1Br,6.116,MeOH,0,CO
8-Isoquinolinecarboxaldehyde,C1=CC2=C(C=NC=C2)C(=C1)C=O,3.966,MeOH,1,CO
Allyl-alpha-D-glucopyranoside,C=CCO[C@@H]1[C@@H]([C@H]([C@@H]([C@H](O1)CO)O)O)O,0.0,MeOH,1,CO
Aniline-2-sulfonic_acid,C1=CC=C(C(=C1)N)S(=O)(=O)O,0.0,MeOH,0,CO
Bis(diphenylphosphino)methane,C1=CC=C(C=C1)P(CP(C2=CC=CC=C2)C3=CC=CC=C3)C4=CC=CC=C4,0.0,MeOH,0,CO
DL-beta-Phenylalanine,C1=CC=C(C=C1)C(CC(=O)O)N,0.0,MeOH,0,CO
Di-tert-butylcyclopentadiene,CC(C)(C)C1C=CC(=C1)C(C)(C)C,0.0,MeOH,1,CO
Dibenzyl-malonate,C1=CC=C(C=C1)COC(=O)CC(=O)OCC2=CC=CC=C2,5.69,MeOH,1,CO
Dibromomaleic-acid,C(=C(\C(=O)O)/Br)(\C(=O)O)/Br,0.0,MeOH,1,CO
Diethyl 4-Methoxyphenylphosphonate,CCOP(=O)(C1=CC=C(C=C1)OC)OCC,4.482,MeOH,1,CO
Diethyl_dibutylmalonate,CCCCC(CCCC)(C(=O)OCC)C(=O)OCC,0.0,MeOH,1,CO
Diethyl_phenylmalonate,CCOC(=O)C(C1=CC=CC=C1)C(=O)OCC,5.417,MeOH,1,CO
"Dimethyl 1,3-cyclohexadiene-1,4-dicarboxylate",COC(=O)C1=CC=C(CC1)C(=O)OC,4.833,MeOH,0,CO
"Dimethyl 2,2'-bipyridine-4,4'-dicarboxylate",COC(=O)C1=CC(=NC=C1)C2=NC=CC(=C2)C(=O)OC,5.298,MeOH,0,CO
Dimethyl-propargylmalonate,COC(=O)C(CC#C)C(=O)OC,0.0,MeOH,1,CO
Ethyl 2-cyclohexanoneacetate,CCOC(=O)CC1CCCCC1=O,4.698,MeOH,1,CO
Ethyl 3-thiopheneacetate,CCOC(=O)CC1=CSC=C1,5.116,MeOH,1,CO
"Ethyl 4,4,4-trifluoroacetoacetate",CCOC(=O)CC(=O)C(F)(F)F,3.865,MeOH,1,CO
Ethyl mesitylglyoxylate,CCOC(=O)C(=O)C1=C(C=C(C=C1C)C)C,5.739,MeOH,1,CO
Ethyl-3-oxohexanoate,CCCC(=O)CC(=O)OCC,4.617,MeOH,1,CO
Ethyl-4-bromocrotonate,CCOC(=O)/C=C/CBr,5.051,MeOH,1,CO
Ethyl-4-iodobenzoate,CCOC(=O)C1=CC=C(C=C1)I,6.08,MeOH,1,CO
FMOC-D-ORN(ALOC)-OH,C=CCOC(=O)NCCC[C@H](C(=O)O)NC(=O)OCC1C2=CC=CC=C2C3=CC=CC=C13,5.181,MeOH,1,CO
Flavanone,C1C(OC2=CC=CC=C2C1=O)C3=CC=CC=C3,5.629,MeOH,0,CO
Flufenamic-acid,C1=CC=C(C(=C1)C(=O)O)NC2=CC=CC(=C2)C(F)(F)F,3.574,MeOH,1,CO
Hematein,C1C2=CC(=C(C=C2C3=C4C=CC(=O)C(=C4OCC31O)O)O)O,3.426,MeOH,0,CO
METHYL 2-PHTHALIMIDOACETATE,COC(=O)CN1C(=O)C2=CC=CC=C2C1=O,4.424,MeOH,0,CO
"Methyl 6-oxo-1,6-dihydropyridine-2-carboxylate",COC(=O)C1=CC=CC(=O)N1,2.824,MeOH,1,CO
"Methyl-2,6-dimethoxybenzoate",COC1=C(C(=CC=C1)OC)C(=O)OC,4.637,MeOH,1,CO
Methyl-3-bromo-4-iodobenzoate,COC(=O)C1=CC(=C(C=C1)I)Br,6.161,MeOH,0,CO
"Methyl-6-Oxo-1,6-dihydropyridazine-3-carboxylate",COC(=O)C1=NNC(=O)C=C1,1.314,MeOH,0,CO
Methyl-diethylphosphonoacetate,CCOP(=O)(CC(=O)OC)OCC,3.654,MeOH,1,CO
N(im)-Trityl-L-histidine,C1=CC=C(C=C1)C(C2=CC=CC=C2)(C3=CC=CC=C3)N4C=C(N=C4)C[C@@H](C(=O)O)N,0.0,MeOH,0,CO
"N,N-Dimethyl-L-phenylalanine",CN(C)[C@@H](CC1=CC=CC=C1)C(=O)O,1.55,MeOH,0,CO
N-Acetyl-L-tryptophan,CC(=O)N[C@@H](CC1=CNC2=CC=CC=C21)C(=O)O,0.0,MeOH,1,CO
N-Benzylidenebenzylamine,C1=CC=C(C=C1)CN=CC2=CC=CC=C2,5.775,MeOH,1,CO
N-Phthaloylglycine,C1=CC=C2C(=C1)C(=O)N(C2=O)CC(=O)O,0.0,MeOH,1,CO
"N-[(1,1-Dimethylethoxy)carbonyl]-L-histidine methyl_ester",CC(C)(C)OC(=O)N[C@@H](CC1=CN=CN1)C(=O)OC,3.927,MeOH,1,CO
N-[(Phenylmethoxy)carbonyl]-O-(phenylmethyl)-L-serine_,C1=CC=C(C=C1)COC[C@@H](C(=O)O)NC(=O)OCC2=CC=CC=C2,3.41,MeOH,1,CO
"N6-[(1,1-Dimethylethoxy)carbonyl]-N2-[(9H-fluoren-9-ylmethoxy)carbonyl]-2-methyl-D-lysine",C[C@@](CCCCNC(=O)OC(C)(C)C)(C(=O)O)NC(=O)OCC1C2=CC=CC=C2C3=CC=CC=C13,5.694,MeOH,0,CO
"N6-[(1,1-Dimethylethoxy)carbonyl]-N2-[(phenylmethoxy)carbonyl]-L-lysine",CC(C)(C)OC(=O)NCCCC[C@@H](C(=O)O)NC(=O)OCC1=CC=CC=C1,3.484,MeOH,1,CO
Nalpha-[(9H-Fluoren-9-ylmethoxy)carbonyl]-L-threonine tert-Butyl-Ester,C[C@H]([C@@H](C(=O)OC(C)(C)C)NC(=O)OCC1C2=CC=CC=C2C3=CC=CC=C13)O,5.805,MeOH,1,CO
Phenyl-benzoate,C1=CC=C(C=C1)C(=O)OC2=CC=CC=C2,5.715,MeOH,1,CO
Pindolol,CC(C)NCC(COC1=CC=CC2=C1C=CN2)O,0.0,MeOH,0,CO
Protocatechuic_acid,C1=CC(=C(C=C1C(=O)O)O)O,0.0,MeOH,1,CO
Suberic_acid_monomethyl_ester,COC(=O)CCCCCCC(=O)O,0.0,MeOH,1,CO
Z-D-Glu-OBzl,C1=CC=C(C=C1)COC(=O)[C@@H](CCC(=O)O)NC(=O)OCC2=CC=CC=C2,3.573,MeOH,0,CO
Z-D-Phg-OH,C1=CC=C(C=C1)COC(=O)N[C@H](C2=CC=CC=C2)C(=O)O,3.199,MeOH,1,CO
"meso-1,2-Dibromo-1,2-diphenylethane",C1=CC=C(C=C1)C(C(C2=CC=CC=C2)Br)Br,6.104,MeOH,0,CO
mono-tert-Butyl_succinate,CC(C)(C)OC(=O)CCC(=O)O,4.12,MeOH,1,CO
pentafluorobenzyl-bromide,C(C1=C(C(=C(C(=C1F)F)F)F)F)Br,5.778,MeOH,1,CO
"trans-1,2-Bis(phenylsulfonyl)ethylene",C1=CC=C(C=C1)S(=O)(=O)/C=C/S(=O)(=O)C2=CC=CC=C2,5.16,MeOH,0,CO
trans-4-(9-Fluorenylmethyloxycarbonylaminomethyl)-cyclohexanoic_acid,C1CC(CCC1CNC(=O)OCC2C3=CC=CC=C3C4=CC=CC=C24)C(=O)O,3.703,MeOH,0,CO
trans-Aconitic-acid,C(/C(=C\C(=O)O)/C(=O)O)C(=O)O,0.0,MeOH,1,CO
(1-BROMOETHYL)BENZENE,CC(C1=CC=CC=C1)Br,5.96,MeOH,1,CO
"(2,6-Dioxo-piperidin-4-yl)-acetic_acid",C1C(CC(=O)NC1=O)CC(=O)O,1.603,MeOH,0,CO
(2-BENZYLOXYCARBONYLAMINO-ACETYLAMINO)-ACETIC_ACID,C1=CC=C(C=C1)COC(=O)NCC(=O)NCC(=O)O,4.138,MeOH,0,CO
(2S)-2-{[(9H-fluoren-9-ylmethoxy)carbonyl]amino}-4-hydroxybutanoic acid,C1=CC=C2C(=C1)C(C3=CC=CC=C32)COC(=O)N[C@@H](CCO)C(=O)O,3.575,MeOH,0,CO
"(2S,5S)-1-Hydroxy-2,5-diphenylphospholane 1-oxide",C1C[C@H](P(=O)([C@@H]1C2=CC=CC=C2)O)C3=CC=CC=C3,4.587,MeOH,0,CO
"(?S)-4-(1,1-Dimethylethoxy)-?-[[(9H-fluoren-9-ylmethoxy)carbonyl]amino]benzenebutanoic_acid",CC(C)(C)OC1=CC=C(C=C1)CC[C@@H](C(=O)O)NC(=O)OCC2C3=CC=CC=C3C4=CC=CC=C24,6.202,MeOH,0,CO
(R)-(-)-2-Methoxy-2-phenylethanol,CO[C@@H](CO)C1=CC=CC=C1,4.385,MeOH,1,CO
"(S)-(-)-2-Amino-3-methyl-1,1-diphenyl-1-butanol",CC(C)[C@@H](C(C1=CC=CC=C1)(C2=CC=CC=C2)O)N,4.044,MeOH,0,CO
(S)-Benzyl 2-(((S)-1-methoxy-4-methyl-1-oxopentan-2-yl)carbamoyl)pyrrolidine-1-carboxylate,CC(C)C[C@@H](C(=O)OC)NC(=O)[C@@H]1CCCN1C(=O)OCC2=CC=CC=C2,5.522,MeOH,1,CO
"1,1,1-Tris(4-hydroxyphenyl)ethane",CC(C1=CC=C(C=C1)O)(C2=CC=C(C=C2)O)C3=CC=C(C=C3)O,4.962,MeOH,1,CO
"1,1,3-Triphenylpropargyl alcohol",C1=CC=C(C=C1)C#CC(C2=CC=CC=C2)(C3=CC=CC=C3)O,6.308,MeOH,1,CO
"1,2-Bis(4-hydroxyphenyl)ethane-1,2-dione",C1=CC(=CC=C1C(=O)C(=O)C2=CC=C(C=C2)O)O,4.821,MeOH,1,CO
"1,3-Bis(trifluoromethyl)-5-bromobenzene",C1=C(C=C(C=C1C(F)(F)F)Br)C(F)(F)F,6.324,MeOH,1,CO
"1,3-Butanediol-diacrylate",CC(CCOC(=O)C=C)OC(=O)C=C,5.359,MeOH,1,CO
"1,3-Dimethyl 2-[(4-methoxyphenyl)methylene]propanedioate",COC1=CC=C(C=C1)C=C(C(=O)OC)C(=O)OC,5.569,MeOH,1,CO
"1,3-Diphenylacetone_p-tosylhydrazone",CC1=CC=C(C=C1)S(=O)(=O)NN=C(CC2=CC=CC=C2)CC3=CC=CC=C3,6.303,MeOH,0,CO
"1,4-Bis(bromomethyl)-2,3,5,6-tetrafluorobenzene_",C(C1=C(C(=C(C(=C1F)F)CBr)F)F)Br,6.262,MeOH,0,CO
"1,4-Cyclohexanedicarboxylic-acid",C1CC(CCC1C(=O)O)C(=O)O,3.862,MeOH,1,CO
"1,4-Dibromo-2,3-butanedione",C(C(=O)C(=O)CBr)Br,4.114,MeOH,1,CO
1-(4-Biphenyl)-1-ethanol,CC(C1=CC=C(C=C1)C2=CC=CC=C2)O,5.562,MeOH,1,CO
"1-(9H-Fluoren-9-ylmethyl) (2S,4S)-4-[[(1,1-dimethylethoxy)carbonyl]amino]-1,2-pyrrolidinedicarboxylate_",CC(C)(C)OC(=O)N[C@H]1C[C@H](N(C1)C(=O)OCC2C3=CC=CC=C3C4=CC=CC=C24)C(=O)O,5.724,MeOH,1,CO
1-(tert-Butoxycarbonyl)-4-[(9H-fluoren-9-ylmethoxy)carbonyl]-2-piperazinecarboxylic_acid,CC(C)(C)OC(=O)N1CCN(CC1C(=O)O)C(=O)OCC2C3=CC=CC=C3C4=CC=CC=C24,5.934,MeOH,0,CO
1-BROMO-3-METHYLBUTANE,CC(C)CCBr,0.0,MeOH,1,CO
1-Benzofuran-5-carboxylic_acid,C1=CC2=C(C=CO2)C=C1C(=O)O,4.758,MeOH,0,CO
1-Benzylpiperidine,C1CCN(CC1)CC2=CC=CC=C2,3.3,MeOH,1,CO
1-Bromo-4-(trifluoromethoxy)benzene,C1=CC(=CC=C1OC(F)(F)F)Br,6.188,MeOH,1,CO
1-Bromopentanemethylbenzene,CC1=C(C(=C(C(=C1C)C)Br)C)C,0.0,MeOH,0,CO
1-Phenyl-5-(trifluoromethyl)-1H-pyrazole-4-carboxylic_acid,C1=CC=C(C=C1)N2C(=C(C=N2)C(=O)O)C(F)(F)F,5.106,MeOH,1,CO
1-Pyrenemethanol,C1=CC2=C3C(=C1)C=CC4=C(C=CC(=C43)C=C2)CO,5.734,MeOH,0,CO
"1-Tosyl-2,5-dihydro-1H-pyrrole",CC1=CC=C(C=C1)S(=O)(=O)N2CC=CC2,5.542,MeOH,0,CO
"2,2"",4,4""-Tetramethylbenzophenone",CC1=CC(=C(C=C1)C(=O)C2=C(C=C(C=C2)C)C)C,6.671,MeOH,1,CO
"2,2,2-TRIFLUOROACETOPHENONE",C1=CC=C(C=C1)C(=O)C(F)(F)F,4.769,MeOH,1,CO
"2,3,4-Trifluorobenzoic acid",C1=CC(=C(C(=C1C(=O)O)F)F)F,4.677,MeOH,1,CO
"2,3,6,7,10,11-Hexamethoxytriphenylene",COC1=C(C=C2C(=C1)C3=CC(=C(C=C3C4=CC(=C(C=C24)OC)OC)OC)OC)OC,5.87,MeOH,0,CO
"2,4,6-Tris(bromomethyl)mesitylene",CC1=C(C(=C(C(=C1CBr)C)CBr)C)CBr,6.722,MeOH,0,CO
"2,4-Dichlorophenol",C1=CC(=C(C=C1Cl)Cl)O,5.337,MeOH,1,CO
"2,6-Bis[(4S)-4-phenyl-2-oxazolinyl]pyridine",C1[C@@H](N=C(O1)C2=NC(=CC=C2)C3=N[C@H](CO3)C4=CC=CC=C4)C5=CC=CC=C5,5.816,MeOH,0,CO
"2,6-Dichloroiodobenzene",C1=CC(=C(C(=C1)Cl)I)Cl,6.312,MeOH,1,CO
"2,6-Diisopropylphenol",CC(C)C1=C(C(=CC=C1)C(C)C)O,6.114,MeOH,1,CO
"2,6-Dimethoxy-1,4-benzoquinone",COC1=CC(=O)C=C(C1=O)OC,3.943,MeOH,0,CO
"2,6-Dimethoxybenzoyl_chloride",COC1=C(C(=CC=C1)OC)C(=O)Cl,4.229,MeOH,0,CO
2-(3-Chlorophenoxy)propionic-acid,CC(C(=O)O)OC1=CC(=CC=C1)Cl,5.044,MeOH,1,CO
2-(4-Chlorobenzoyl)benzoic_acid,C1=CC=C(C(=C1)C(=O)C2=CC=C(C=C2)Cl)C(=O)O,5.374,MeOH,1,CO
2-(Diphenylphosphino)benzoic-acid,C1=CC=C(C=C1)P(C2=CC=CC=C2)C3=CC=CC=C3C(=O)O,6.127,MeOH,0,CO
2-(Trifluoromethyl)pyridine-4-carboxylic_acid,C1=CN=C(C=C1C(=O)O)C(F)(F)F,4.163,MeOH,1,CO
2-Amino-4-phenylphenol,C1=CC=C(C=C1)C2=CC(=C(C=C2)O)N,4.711,MeOH,0,CO
2-Amino-6-bromopyridine,C1=CC(=NC(=C1)Br)N,4.496,MeOH,1,CO
2-Benzyloxybenzoic_acid ,C1=CC=C(C=C1)COC2=CC=CC=C2C(=O)O,5.359,MeOH,1,CO
"2-Bromo-2',6'-diisopropoxy-1,1'-biphenyl",CC(C)OC1=C(C(=CC=C1)OC(C)C)C2=CC=CC=C2Br,0.0,MeOH,1,CO
2-Bromo-5-(trifluoromethyl)benzaldehyde,C1=CC(=C(C=C1C(F)(F)F)C=O)Br,5.885,MeOH,1,CO
2-Bromo-5-chlorotoluene,CC1=C(C=CC(=C1)Cl)Br,6.454,MeOH,1,CO
2-Bromoanthraquinone,C1=CC=C2C(=C1)C(=O)C3=C(C2=O)C=C(C=C3)Br,6.445,MeOH,0,CO
2-Bromonaphthalen-1-ol,C1=CC=C2C(=C1)C=CC(=C2O)Br,5.757,MeOH,1,CO
2-Bromophenethylamine,C1=CC=C(C(=C1)CCN)Br,3.473,MeOH,1,CO
2-Bromotoluene,CC1=CC=CC=C1Br,6.157,MeOH,1,CO
2-Hydroxy-4-(trifluoromethyl)aniline,C1=CC(=C(C=C1C(F)(F)F)O)N,4.993,MeOH,0,CO
2-Iodobenzaldehyde,C1=CC=C(C(=C1)C=O)I,5.631,MeOH,1,CO
2-Iodobenzyl_bromide,C1=CC=C(C(=C1)CBr)I,6.206,MeOH,0,CO
2-Iodopyridine,C1=CC=NC(=C1)I,4.783,MeOH,1,CO
2-Isopropylthioxanthone,CC(C)C1=CC2=C(C=C1)SC3=CC=CC=C3C2=O,6.677,MeOH,0,CO
"2-Methyl-5-(trifluoromethyl)-1,3-benzoxazole",CC1=NC2=C(O1)C=CC(=C2)C(F)(F)F,5.479,MeOH,1,CO
"3,3-Dimethyl-1-indanone",CC1(CC(=O)C2=CC=CC=C21)C,5.38,MeOH,1,CO
"3,4,5-TRIBROMO-1H-PYRAZOLE",C1(=C(NN=C1Br)Br)Br,5.283,MeOH,1,CO
"3,4,7,8-Tetramethyl-1,10-phenanthroline",CC1=CN=C2C(=C1C)C=CC3=C(C(=CN=C32)C)C,4.057,MeOH,0,CO
"3,5-Di-tert-butylbenzoic acid",CC(C)(C)C1=CC(=CC(=C1)C(=O)O)C(C)(C)C,6.11,MeOH,1,CO
"3,5-Dibromotoluene",CC1=CC(=CC(=C1)Br)Br,6.552,MeOH,1,CO
"3,5-Dimethylbenzoyl_chloride",CC1=CC(=CC(=C1)C(=O)Cl)C,5.091,MeOH,1,CO
"3,6-Dimethoxy-9H-carbazole",COC1=CC2=C(C=C1)NC3=C2C=C(C=C3)OC,5.577,MeOH,0,CO
3-(2-Naphthyl)acrylic_acid,C1=CC=C2C=C(C=CC2=C1)/C=C/C(=O)O,5.297,MeOH,0,CO
3-(Phenylthio)propanoic-acid,C1=CC=C(C=C1)SCCC(=O)O,5.054,MeOH,1,CO
3-(tert-Butoxycarbonyl)benzoic_acid,CC(C)(C)OC(=O)C1=CC=CC(=C1)C(=O)O,5.33,MeOH,1,CO
3-Bromobenzoyl_chloride,C1=CC(=CC(=C1)Br)C(=O)Cl,6.177,MeOH,1,CO
3-Bromopropionyl_chloride,C(CBr)C(=O)Cl,3.625,MeOH,1,CO
3-Chloro-4-methoxyaniline,COC1=C(C=C(C=C1)N)Cl,3.884,MeOH,1,CO
3-[[(9H-Fluoren-9-ylmethoxy)carbonyl]amino]-2-naphthalenecarboxylic acid,C1=CC=C2C=C(C(=CC2=C1)C(=O)O)NC(=O)OCC3C4=CC=CC=C4C5=CC=CC=C35,6.389,MeOH,0,CO
"4,4',4''-Trimethoxytrityl chloride",COC1=CC=C(C=C1)C(C2=CC=C(C=C2)OC)(C3=CC=C(C=C3)OC)Cl,6.063,MeOH,1,CO
"4,4'-Dihydroxybiphenyl",C1=CC(=CC=C1C2=CC=C(C=C2)O)O,4.669,MeOH,0,CO
"4,4'-Dimethoxybenzophenone",COC1=CC=C(C=C1)C(=O)C2=CC=C(C=C2)OC,5.783,MeOH,0,CO
"4,4?,4??-(1,3,5-TRIAZINE-2,4,6-TRIYL)TRIBENZALDEHYDE",C1=CC(=CC=C1C=O)C2=NC(=NC(=N2)C3=CC=C(C=C3)C=O)C4=CC=C(C=C4)C=O,5.449,MeOH,0,CO
4-(Bromomethyl)benzoic_acid,C1=CC(=CC=C1CBr)C(=O)O,4.98,MeOH,0,CO
4-(Hydroxymethyl)phenylacetic-acid,C1=CC(=CC=C1CC(=O)O)CO,3.718,MeOH,1,CO
4-(Trifluoroacetyl)phenacyl-bromide,C1=CC(=CC=C1C(=O)CBr)C(=O)C(F)(F)F,5.142,MeOH,1,CO
4-(Trifluoromethyl)benzylamine,C1=CC(=CC=C1CN)C(F)(F)F,3.509,MeOH,1,CO
"4-Bromo-3,5-dimethoxybenzoic acid",COC1=CC(=CC(=C1Br)OC)C(=O)O,5.027,MeOH,0,CO
4-Bromo-L-phenylalanine,C1=CC(=CC=C1C[C@@H](C(=O)O)N)Br,3.622,MeOH,0,CO
4-Chlorobenzenesulfonic_acid,C1=CC(=CC=C1S(=O)(=O)O)Cl,3.882,MeOH,1,CO
4-Chloropyridine-3-carboxylic_acid,C1=CN=CC(=C1Cl)C(=O)O,1.818,MeOH,0,CO
"4-Hydroxy-3,5-diiodobenzoic acid",C1=C(C=C(C(=C1I)O)I)C(=O)O,4.922,MeOH,0,CO
4-Hydroxyphthalic_acid,C1=CC(=C(C=C1O)C(=O)O)C(=O)O,3.237,MeOH,1,CO
4-Methoxybiphenyl,COC1=CC=C(C=C1)C2=CC=CC=C2,6.123,MeOH,0,CO
4-Methoxytriphenylamine,COC1=CC=C(C=C1)N(C2=CC=CC=C2)C3=CC=CC=C3,6.766,MeOH,0,CO
4-tert-Butylbenzoyl_chloride,CC(C)(C)C1=CC=C(C=C1)C(=O)Cl,5.431,MeOH,1,CO
"5,7-Dimethyl-[1,2,4]triazolo[1,5-a]pyrimidine-2-carboxylic acid",CC1=CC(=NC2=NC(=NN12)C(=O)O)C,3.073,MeOH,0,CO
5-(Trifluoromethyl)indole,C1=CC2=C(C=CN2)C=C1C(F)(F)F,5.722,MeOH,1,CO
5-(Trifluoromethyl)pyridine-2-carboxaldehyde,C1=CC(=NC=C1C(F)(F)F)C=O,3.976,MeOH,1,CO
5-Bromo-2-furoic_acid,C1=C(OC(=C1)Br)C(=O)O,4.056,MeOH,1,CO
5-Bromo-2-phenylpyridine,C1=CC=C(C=C1)C2=NC=C(C=C2)Br,6.116,MeOH,1,CO
"6,6'-Dibromo-1,1'-bi-2-naphthol",C1=CC2=C(C=CC(=C2C3=C(C=CC4=C3C=CC(=C4)Br)O)O)C=C1Br,6.489,MeOH,0,CO
8-Isoquinolinecarboxaldehyde,C1=CC2=C(C=NC=C2)C(=C1)C=O,3.547,MeOH,1,CO
Allyl-alpha-D-glucopyranoside,C=CCO[C@@H]1[C@@H]([C@H]([C@@H]([C@H](O1)CO)O)O)O,1.36,MeOH,1,CO
Aniline-2-sulfonic_acid,C1=CC=C(C(=C1)N)S(=O)(=O)O,2.292,MeOH,0,CO
Bis(diphenylphosphino)methane,C1=CC=C(C=C1)P(CP(C2=CC=CC=C2)C3=CC=CC=C3)C4=CC=CC=C4,0.0,MeOH,0,CO
DL-beta-Phenylalanine,C1=CC=C(C=C1)C(CC(=O)O)N,1.918,MeOH,0,CO
Di-tert-butylcyclopentadiene,CC(C)(C)C1C=CC(=C1)C(C)(C)C,0.0,MeOH,1,CO
Dibenzyl-malonate,C1=CC=C(C=C1)COC(=O)CC(=O)OCC2=CC=CC=C2,5.989,MeOH,1,CO
Dibromomaleic-acid,C(=C(\C(=O)O)/Br)(\C(=O)O)/Br,3.974,MeOH,1,CO
Diethyl 4-Methoxyphenylphosphonate,CCOP(=O)(C1=CC=C(C=C1)OC)OCC,4.937,MeOH,1,CO
Diethyl_dibutylmalonate,CCCCC(CCCC)(C(=O)OCC)C(=O)OCC,0.0,MeOH,1,CO
Diethyl_phenylmalonate,CCOC(=O)C(C1=CC=CC=C1)C(=O)OCC,5.761,MeOH,1,CO
"Dimethyl 1,3-cyclohexadiene-1,4-dicarboxylate",COC(=O)C1=CC=C(CC1)C(=O)OC,5.27,MeOH,0,CO
"Dimethyl 2,2'-bipyridine-4,4'-dicarboxylate",COC(=O)C1=CC(=NC=C1)C2=NC=CC(=C2)C(=O)OC,5.562,MeOH,0,CO
Dimethyl-propargylmalonate,COC(=O)C(CC#C)C(=O)OC,0.0,MeOH,1,CO
Ethyl 2-cyclohexanoneacetate,CCOC(=O)CC1CCCCC1=O,5.103,MeOH,1,CO
Ethyl 3-thiopheneacetate,CCOC(=O)CC1=CSC=C1,5.496,MeOH,1,CO
"Ethyl 4,4,4-trifluoroacetoacetate",CCOC(=O)CC(=O)C(F)(F)F,4.313,MeOH,1,CO
Ethyl mesitylglyoxylate,CCOC(=O)C(=O)C1=C(C=C(C=C1C)C)C,6.088,MeOH,1,CO
Ethyl-3-oxohexanoate,CCCC(=O)CC(=O)OCC,5.04,MeOH,1,CO
Ethyl-4-bromocrotonate,CCOC(=O)/C=C/CBr,5.433,MeOH,1,CO
Ethyl-4-iodobenzoate,CCOC(=O)C1=CC=C(C=C1)I,6.153,MeOH,1,CO
FMOC-D-ORN(ALOC)-OH,C=CCOC(=O)NCCC[C@H](C(=O)O)NC(=O)OCC1C2=CC=CC=C2C3=CC=CC=C13,5.469,MeOH,1,CO
Flavanone,C1C(OC2=CC=CC=C2C1=O)C3=CC=CC=C3,5.939,MeOH,0,CO
Flufenamic-acid,C1=CC=C(C(=C1)C(=O)O)NC2=CC=CC(=C2)C(F)(F)F,6.025,MeOH,1,CO
Hematein,C1C2=CC(=C(C=C2C3=C4C=CC(=O)C(=C4OCC31O)O)O)O,4.919,MeOH,0,CO
METHYL 2-PHTHALIMIDOACETATE,COC(=O)CN1C(=O)C2=CC=CC=C2C1=O,5.022,MeOH,0,CO
"Methyl 6-oxo-1,6-dihydropyridine-2-carboxylate",COC(=O)C1=CC=CC(=O)N1,3.413,MeOH,1,CO
"Methyl-2,6-dimethoxybenzoate",COC1=C(C(=CC=C1)OC)C(=O)OC,5.138,MeOH,1,CO
Methyl-3-bromo-4-iodobenzoate,COC(=O)C1=CC(=C(C=C1)I)Br,6.256,MeOH,0,CO
"Methyl-6-Oxo-1,6-dihydropyridazine-3-carboxylate",COC(=O)C1=NNC(=O)C=C1,3.235,MeOH,0,CO
Methyl-diethylphosphonoacetate,CCOP(=O)(CC(=O)OC)OCC,4.05,MeOH,1,CO
N(im)-Trityl-L-histidine,C1=CC=C(C=C1)C(C2=CC=CC=C2)(C3=CC=CC=C3)N4C=C(N=C4)C[C@@H](C(=O)O)N,4.361,MeOH,0,CO
"N,N-Dimethyl-L-phenylalanine",CN(C)[C@@H](CC1=CC=CC=C1)C(=O)O,3.197,MeOH,0,CO
N-Acetyl-L-tryptophan,CC(=O)N[C@@H](CC1=CNC2=CC=CC=C21)C(=O)O,4.141,MeOH,1,CO
N-Benzylidenebenzylamine,C1=CC=C(C=C1)CN=CC2=CC=CC=C2,4.85,MeOH,1,CO
N-Phthaloylglycine,C1=CC=C2C(=C1)C(=O)N(C2=O)CC(=O)O,4.125,MeOH,1,CO
"N-[(1,1-Dimethylethoxy)carbonyl]-L-histidine methyl_ester",CC(C)(C)OC(=O)N[C@@H](CC1=CN=CN1)C(=O)OC,3.445,MeOH,1,CO
N-[(Phenylmethoxy)carbonyl]-O-(phenylmethyl)-L-serine_,C1=CC=C(C=C1)COC[C@@H](C(=O)O)NC(=O)OCC2=CC=CC=C2,5.432,MeOH,1,CO
"N6-[(1,1-Dimethylethoxy)carbonyl]-N2-[(9H-fluoren-9-ylmethoxy)carbonyl]-2-methyl-D-lysine",C[C@@](CCCCNC(=O)OC(C)(C)C)(C(=O)O)NC(=O)OCC1C2=CC=CC=C2C3=CC=CC=C13,5.893,MeOH,0,CO
"N6-[(1,1-Dimethylethoxy)carbonyl]-N2-[(phenylmethoxy)carbonyl]-L-lysine",CC(C)(C)OC(=O)NCCCC[C@@H](C(=O)O)NC(=O)OCC1=CC=CC=C1,5.311,MeOH,1,CO
Nalpha-[(9H-Fluoren-9-ylmethoxy)carbonyl]-L-threonine tert-Butyl-Ester,C[C@H]([C@@H](C(=O)OC(C)(C)C)NC(=O)OCC1C2=CC=CC=C2C3=CC=CC=C13)O,6.036,MeOH,1,CO
Phenyl-benzoate,C1=CC=C(C=C1)C(=O)OC2=CC=CC=C2,6.089,MeOH,1,CO
Pindolol,CC(C)NCC(COC1=CC=CC2=C1C=CN2)O,3.486,MeOH,0,CO
Protocatechuic_acid,C1=CC(=C(C=C1C(=O)O)O)O,3.331,MeOH,1,CO
Suberic_acid_monomethyl_ester,COC(=O)CCCCCCC(=O)O,4.605,MeOH,1,CO
Z-D-Glu-OBzl,C1=CC=C(C=C1)COC(=O)[C@@H](CCC(=O)O)NC(=O)OCC2=CC=CC=C2,5.408,MeOH,0,CO
Z-D-Phg-OH,C1=CC=C(C=C1)COC(=O)N[C@H](C2=CC=CC=C2)C(=O)O,5.194,MeOH,1,CO
"meso-1,2-Dibromo-1,2-diphenylethane",C1=CC=C(C=C1)C(C(C2=CC=CC=C2)Br)Br,6.367,MeOH,0,CO
mono-tert-Butyl_succinate,CC(C)(C)OC(=O)CCC(=O)O,4.527,MeOH,1,CO
pentafluorobenzyl-bromide,C(C1=C(C(=C(C(=C1F)F)F)F)F)Br,6.171,MeOH,1,CO
"trans-1,2-Bis(phenylsulfonyl)ethylene",C1=CC=C(C=C1)S(=O)(=O)/C=C/S(=O)(=O)C2=CC=CC=C2,5.559,MeOH,0,CO
trans-4-(9-Fluorenylmethyloxycarbonylaminomethyl)-cyclohexanoic_acid,C1CC(CCC1CNC(=O)OCC2C3=CC=CC=C3C4=CC=CC=C24)C(=O)O,5.583,MeOH,0,CO
trans-Aconitic-acid,C(/C(=C\C(=O)O)/C(=O)O)C(=O)O,1.35,MeOH,1,CO
(1-BROMOETHYL)BENZENE,CC(C1=CC=CC=C1)Br,5.967,MeOH,1,CO
"(2,6-Dioxo-piperidin-4-yl)-acetic_acid",C1C(CC(=O)NC1=O)CC(=O)O,0.0,MeOH,0,CO
(2-BENZYLOXYCARBONYLAMINO-ACETYLAMINO)-ACETIC_ACID,C1=CC=C(C=C1)COC(=O)NCC(=O)NCC(=O)O,4.144,MeOH,0,CO
(2S)-2-{[(9H-fluoren-9-ylmethoxy)carbonyl]amino}-4-hydroxybutanoic acid,C1=CC=C2C(=C1)C(C3=CC=CC=C32)COC(=O)N[C@@H](CCO)C(=O)O,3.558,MeOH,0,CO
"(2S,5S)-1-Hydroxy-2,5-diphenylphospholane 1-oxide",C1C[C@H](P(=O)([C@@H]1C2=CC=CC=C2)O)C3=CC=CC=C3,2.549,MeOH,0,CO
"(?S)-4-(1,1-Dimethylethoxy)-?-[[(9H-fluoren-9-ylmethoxy)carbonyl]amino]benzenebutanoic_acid",CC(C)(C)OC1=CC=C(C=C1)CC[C@@H](C(=O)O)NC(=O)OCC2C3=CC=CC=C3C4=CC=CC=C24,3.933,MeOH,0,CO
(R)-(-)-2-Methoxy-2-phenylethanol,CO[C@@H](CO)C1=CC=CC=C1,4.342,MeOH,1,CO
"(S)-(-)-2-Amino-3-methyl-1,1-diphenyl-1-butanol",CC(C)[C@@H](C(C1=CC=CC=C1)(C2=CC=CC=C2)O)N,6.79,MeOH,0,CO
(S)-Benzyl 2-(((S)-1-methoxy-4-methyl-1-oxopentan-2-yl)carbamoyl)pyrrolidine-1-carboxylate,CC(C)C[C@@H](C(=O)OC)NC(=O)[C@@H]1CCCN1C(=O)OCC2=CC=CC=C2,5.557,MeOH,1,CO
"1,1,1-Tris(4-hydroxyphenyl)ethane",CC(C1=CC=C(C=C1)O)(C2=CC=C(C=C2)O)C3=CC=C(C=C3)O,4.966,MeOH,1,CO
"1,1,3-Triphenylpropargyl alcohol",C1=CC=C(C=C1)C#CC(C2=CC=CC=C2)(C3=CC=CC=C3)O,6.219,MeOH,1,CO
"1,2-Bis(4-hydroxyphenyl)ethane-1,2-dione",C1=CC(=CC=C1C(=O)C(=O)C2=CC=C(C=C2)O)O,0.0,MeOH,1,CO
"1,3-Bis(trifluoromethyl)-5-bromobenzene",C1=C(C=C(C=C1C(F)(F)F)Br)C(F)(F)F,6.352,MeOH,1,CO
"1,3-Butanediol-diacrylate",CC(CCOC(=O)C=C)OC(=O)C=C,5.342,MeOH,1,CO
"1,3-Dimethyl 2-[(4-methoxyphenyl)methylene]propanedioate",COC1=CC=C(C=C1)C=C(C(=O)OC)C(=O)OC,5.492,MeOH,1,CO
"1,3-Diphenylacetone_p-tosylhydrazone",CC1=CC=C(C=C1)S(=O)(=O)NN=C(CC2=CC=CC=C2)CC3=CC=CC=C3,6.124,MeOH,0,CO
"1,4-Bis(bromomethyl)-2,3,5,6-tetrafluorobenzene_",C(C1=C(C(=C(C(=C1F)F)CBr)F)F)Br,6.298,MeOH,0,CO
"1,4-Cyclohexanedicarboxylic-acid",C1CC(CCC1C(=O)O)C(=O)O,0.0,MeOH,1,CO
"1,4-Dibromo-2,3-butanedione",C(C(=O)C(=O)CBr)Br,3.62,MeOH,1,CO
1-(4-Biphenyl)-1-ethanol,CC(C1=CC=C(C=C1)C2=CC=CC=C2)O,5.558,MeOH,1,CO
"1-(9H-Fluoren-9-ylmethyl) (2S,4S)-4-[[(1,1-dimethylethoxy)carbonyl]amino]-1,2-pyrrolidinedicarboxylate_",CC(C)(C)OC(=O)N[C@H]1C[C@H](N(C1)C(=O)OCC2C3=CC=CC=C3C4=CC=CC=C24)C(=O)O,3.658,MeOH,1,CO
1-(tert-Butoxycarbonyl)-4-[(9H-fluoren-9-ylmethoxy)carbonyl]-2-piperazinecarboxylic_acid,CC(C)(C)OC(=O)N1CCN(CC1C(=O)O)C(=O)OCC2C3=CC=CC=C3C4=CC=CC=C24,3.705,MeOH,0,CO
1-BROMO-3-METHYLBUTANE,CC(C)CCBr,0.0,MeOH,1,CO
1-Benzofuran-5-carboxylic_acid,C1=CC2=C(C=CO2)C=C1C(=O)O,0.0,MeOH,0,CO
1-Benzylpiperidine,C1CCN(CC1)CC2=CC=CC=C2,0.0,MeOH,1,CO
1-Bromo-4-(trifluoromethoxy)benzene,C1=CC(=CC=C1OC(F)(F)F)Br,0.0,MeOH,1,CO
1-Bromopentanemethylbenzene,CC1=C(C(=C(C(=C1C)C)Br)C)C,0.0,MeOH,0,CO
1-Phenyl-5-(trifluoromethyl)-1H-pyrazole-4-carboxylic_acid,C1=CC=C(C=C1)N2C(=C(C=N2)C(=O)O)C(F)(F)F,1.555,MeOH,1,CO
1-Pyrenemethanol,C1=CC2=C3C(=C1)C=CC4=C(C=CC(=C43)C=C2)CO,5.63,MeOH,0,CO
"1-Tosyl-2,5-dihydro-1H-pyrrole",CC1=CC=C(C=C1)S(=O)(=O)N2CC=CC2,5.568,MeOH,0,CO
"2,2"",4,4""-Tetramethylbenzophenone",CC1=CC(=C(C=C1)C(=O)C2=C(C=C(C=C2)C)C)C,6.718,MeOH,1,CO
"2,2,2-TRIFLUOROACETOPHENONE",C1=CC=C(C=C1)C(=O)C(F)(F)F,4.757,MeOH,1,CO
"2,3,4-Trifluorobenzoic acid",C1=CC(=C(C(=C1C(=O)O)F)F)F,0.0,MeOH,1,CO
"2,3,6,7,10,11-Hexamethoxytriphenylene",COC1=C(C=C2C(=C1)C3=CC(=C(C=C3C4=CC(=C(C=C24)OC)OC)OC)OC)OC,5.892,MeOH,0,CO
"2,4,6-Tris(bromomethyl)mesitylene",CC1=C(C(=C(C(=C1CBr)C)CBr)C)CBr,6.604,MeOH,0,CO
"2,4-Dichlorophenol",C1=CC(=C(C=C1Cl)Cl)O,5.219,MeOH,1,CO
"2,6-Bis[(4S)-4-phenyl-2-oxazolinyl]pyridine",C1[C@@H](N=C(O1)C2=NC(=CC=C2)C3=N[C@H](CO3)C4=CC=CC=C4)C5=CC=CC=C5,5.83,MeOH,0,CO
"2,6-Dichloroiodobenzene",C1=CC(=C(C(=C1)Cl)I)Cl,5.546,MeOH,1,CO
"2,6-Diisopropylphenol",CC(C)C1=C(C(=CC=C1)C(C)C)O,6.125,MeOH,1,CO
"2,6-Dimethoxy-1,4-benzoquinone",COC1=CC(=O)C=C(C1=O)OC,3.926,MeOH,0,CO
"2,6-Dimethoxybenzoyl_chloride",COC1=C(C(=CC=C1)OC)C(=O)Cl,0.0,MeOH,0,CO
2-(3-Chlorophenoxy)propionic-acid,CC(C(=O)O)OC1=CC(=CC=C1)Cl,0.0,MeOH,1,CO
2-(4-Chlorobenzoyl)benzoic_acid,C1=CC=C(C(=C1)C(=O)C2=CC=C(C=C2)Cl)C(=O)O,3.145,MeOH,1,CO
2-(Diphenylphosphino)benzoic-acid,C1=CC=C(C=C1)P(C2=CC=CC=C2)C3=CC=CC=C3C(=O)O,4.301,MeOH,0,CO
2-(Trifluoromethyl)pyridine-4-carboxylic_acid,C1=CN=C(C=C1C(=O)O)C(F)(F)F,0.0,MeOH,1,CO
2-Amino-4-phenylphenol,C1=CC=C(C=C1)C2=CC(=C(C=C2)O)N,4.993,MeOH,0,CO
2-Amino-6-bromopyridine,C1=CC(=NC(=C1)Br)N,4.539,MeOH,1,CO
2-Benzyloxybenzoic_acid ,C1=CC=C(C=C1)COC2=CC=CC=C2C(=O)O,1.02,MeOH,1,CO
"2-Bromo-2',6'-diisopropoxy-1,1'-biphenyl",CC(C)OC1=C(C(=CC=C1)OC(C)C)C2=CC=CC=C2Br,6.718,MeOH,1,CO
2-Bromo-5-(trifluoromethyl)benzaldehyde,C1=CC(=C(C=C1C(F)(F)F)C=O)Br,5.909,MeOH,1,CO
2-Bromo-5-chlorotoluene,CC1=C(C=CC(=C1)Cl)Br,6.34,MeOH,1,CO
2-Bromoanthraquinone,C1=CC=C2C(=C1)C(=O)C3=C(C2=O)C=C(C=C3)Br,6.448,MeOH,0,CO
2-Bromonaphthalen-1-ol,C1=CC=C2C(=C1)C=CC(=C2O)Br,5.471,MeOH,1,CO
2-Bromophenethylamine,C1=CC=C(C(=C1)CCN)Br,4.843,MeOH,1,CO
2-Bromotoluene,CC1=CC=CC=C1Br,6.192,MeOH,1,CO
2-Hydroxy-4-(trifluoromethyl)aniline,C1=CC(=C(C=C1C(F)(F)F)O)N,5.006,MeOH,0,CO
2-Iodobenzaldehyde,C1=CC=C(C(=C1)C=O)I,5.649,MeOH,1,CO
2-Iodobenzyl_bromide,C1=CC=C(C(=C1)CBr)I,6.106,MeOH,0,CO
2-Iodopyridine,C1=CC=NC(=C1)I,4.791,MeOH,1,CO
2-Isopropylthioxanthone,CC(C)C1=CC2=C(C=C1)SC3=CC=CC=C3C2=O,6.709,MeOH,0,CO
"2-Methyl-5-(trifluoromethyl)-1,3-benzoxazole",CC1=NC2=C(O1)C=CC(=C2)C(F)(F)F,5.487,MeOH,1,CO
"3,3-Dimethyl-1-indanone",CC1(CC(=O)C2=CC=CC=C21)C,5.403,MeOH,1,CO
"3,4,5-TRIBROMO-1H-PYRAZOLE",C1(=C(NN=C1Br)Br)Br,4.016,MeOH,1,CO
"3,4,7,8-Tetramethyl-1,10-phenanthroline",CC1=CN=C2C(=C1C)C=CC3=C(C(=CN=C32)C)C,0.0,MeOH,0,CO
"3,5-Di-tert-butylbenzoic acid",CC(C)(C)C1=CC(=CC(=C1)C(=O)O)C(C)(C)C,3.58,MeOH,1,CO
"3,5-Dibromotoluene",CC1=CC(=CC(=C1)Br)Br,6.456,MeOH,1,CO
"3,5-Dimethylbenzoyl_chloride",CC1=CC(=CC(=C1)C(=O)Cl)C,0.0,MeOH,1,CO
"3,6-Dimethoxy-9H-carbazole",COC1=CC2=C(C=C1)NC3=C2C=C(C=C3)OC,5.577,MeOH,0,CO
3-(2-Naphthyl)acrylic_acid,C1=CC=C2C=C(C=CC2=C1)/C=C/C(=O)O,1.842,MeOH,0,CO
3-(Phenylthio)propanoic-acid,C1=CC=C(C=C1)SCCC(=O)O,0.0,MeOH,1,CO
3-(tert-Butoxycarbonyl)benzoic_acid,CC(C)(C)OC(=O)C1=CC=CC(=C1)C(=O)O,2.692,MeOH,1,CO
3-Bromobenzoyl_chloride,C1=CC(=CC(=C1)Br)C(=O)Cl,6.192,MeOH,1,CO
3-Bromopropionyl_chloride,C(CBr)C(=O)Cl,0.0,MeOH,1,CO
3-Chloro-4-methoxyaniline,COC1=C(C=C(C=C1)N)Cl,4.796,MeOH,1,CO
3-[[(9H-Fluoren-9-ylmethoxy)carbonyl]amino]-2-naphthalenecarboxylic acid,C1=CC=C2C=C(C(=CC2=C1)C(=O)O)NC(=O)OCC3C4=CC=CC=C4C5=CC=CC=C35,4.224,MeOH,0,CO
"4,4',4''-Trimethoxytrityl chloride",COC1=CC=C(C=C1)C(C2=CC=C(C=C2)OC)(C3=CC=C(C=C3)OC)Cl,5.956,MeOH,1,CO
"4,4'-Dihydroxybiphenyl",C1=CC(=CC=C1C2=CC=C(C=C2)O)O,4.662,MeOH,0,CO
"4,4'-Dimethoxybenzophenone",COC1=CC=C(C=C1)C(=O)C2=CC=C(C=C2)OC,5.813,MeOH,0,CO
"4,4?,4??-(1,3,5-TRIAZINE-2,4,6-TRIYL)TRIBENZALDEHYDE",C1=CC(=CC=C1C=O)C2=NC(=NC(=N2)C3=CC=C(C=C3)C=O)C4=CC=C(C=C4)C=O,5.452,MeOH,0,CO
4-(Bromomethyl)benzoic_acid,C1=CC(=CC=C1CBr)C(=O)O,0.0,MeOH,0,CO
4-(Hydroxymethyl)phenylacetic-acid,C1=CC(=CC=C1CC(=O)O)CO,0.0,MeOH,1,CO
4-(Trifluoroacetyl)phenacyl-bromide,C1=CC(=CC=C1C(=O)CBr)C(=O)C(F)(F)F,5.13,MeOH,1,CO
4-(Trifluoromethyl)benzylamine,C1=CC(=CC=C1CN)C(F)(F)F,6.592,MeOH,1,CO
"4-Bromo-3,5-dimethoxybenzoic acid",COC1=CC(=CC(=C1Br)OC)C(=O)O,1.023,MeOH,0,CO
4-Bromo-L-phenylalanine,C1=CC(=CC=C1C[C@@H](C(=O)O)N)Br,3.402,MeOH,0,CO
4-Chlorobenzenesulfonic_acid,C1=CC(=CC=C1S(=O)(=O)O)Cl,0.0,MeOH,1,CO
4-Chloropyridine-3-carboxylic_acid,C1=CN=CC(=C1Cl)C(=O)O,0.0,MeOH,0,CO
"4-Hydroxy-3,5-diiodobenzoic acid",C1=C(C=C(C(=C1I)O)I)C(=O)O,0.0,MeOH,0,CO
4-Hydroxyphthalic_acid,C1=CC(=C(C=C1O)C(=O)O)C(=O)O,0.0,MeOH,1,CO
4-Methoxybiphenyl,COC1=CC=C(C=C1)C2=CC=CC=C2,6.133,MeOH,0,CO
4-Methoxytriphenylamine,COC1=CC=C(C=C1)N(C2=CC=CC=C2)C3=CC=CC=C3,0.0,MeOH,0,CO
4-tert-Butylbenzoyl_chloride,CC(C)(C)C1=CC=C(C=C1)C(=O)Cl,1.757,MeOH,1,CO
"5,7-Dimethyl-[1,2,4]triazolo[1,5-a]pyrimidine-2-carboxylic acid",CC1=CC(=NC2=NC(=NN12)C(=O)O)C,0.0,MeOH,0,CO
5-(Trifluoromethyl)indole,C1=CC2=C(C=CN2)C=C1C(F)(F)F,5.736,MeOH,1,CO
5-(Trifluoromethyl)pyridine-2-carboxaldehyde,C1=CC(=NC=C1C(F)(F)F)C=O,4.096,MeOH,1,CO
5-Bromo-2-furoic_acid,C1=C(OC(=C1)Br)C(=O)O,0.0,MeOH,1,CO
5-Bromo-2-phenylpyridine,C1=CC=C(C=C1)C2=NC=C(C=C2)Br,6.024,MeOH,1,CO
"6,6'-Dibromo-1,1'-bi-2-naphthol",C1=CC2=C(C=CC(=C2C3=C(C=CC4=C3C=CC(=C4)Br)O)O)C=C1Br,6.48,MeOH,0,CO
8-Isoquinolinecarboxaldehyde,C1=CC2=C(C=NC=C2)C(=C1)C=O,4.445,MeOH,1,CO
Allyl-alpha-D-glucopyranoside,C=CCO[C@@H]1[C@@H]([C@H]([C@@H]([C@H](O1)CO)O)O)O,1.351,MeOH,1,CO
Aniline-2-sulfonic_acid,C1=CC=C(C(=C1)N)S(=O)(=O)O,0.0,MeOH,0,CO
Bis(diphenylphosphino)methane,C1=CC=C(C=C1)P(CP(C2=CC=CC=C2)C3=CC=CC=C3)C4=CC=CC=C4,0.0,MeOH,0,CO
DL-beta-Phenylalanine,C1=CC=C(C=C1)C(CC(=O)O)N,1.803,MeOH,0,CO
Di-tert-butylcyclopentadiene,CC(C)(C)C1C=CC(=C1)C(C)(C)C,0.0,MeOH,1,CO
Dibenzyl-malonate,C1=CC=C(C=C1)COC(=O)CC(=O)OCC2=CC=CC=C2,6.014,MeOH,1,CO
Dibromomaleic-acid,C(=C(\C(=O)O)/Br)(\C(=O)O)/Br,0.0,MeOH,1,CO
Diethyl 4-Methoxyphenylphosphonate,CCOP(=O)(C1=CC=C(C=C1)OC)OCC,4.883,MeOH,1,CO
Diethyl_dibutylmalonate,CCCCC(CCCC)(C(=O)OCC)C(=O)OCC,6.745,MeOH,1,CO
Diethyl_phenylmalonate,CCOC(=O)C(C1=CC=CC=C1)C(=O)OCC,5.776,MeOH,1,CO
"Dimethyl 1,3-cyclohexadiene-1,4-dicarboxylate",COC(=O)C1=CC=C(CC1)C(=O)OC,5.209,MeOH,0,CO
"Dimethyl 2,2'-bipyridine-4,4'-dicarboxylate",COC(=O)C1=CC(=NC=C1)C2=NC=CC(=C2)C(=O)OC,5.588,MeOH,0,CO
Dimethyl-propargylmalonate,COC(=O)C(CC#C)C(=O)OC,0.0,MeOH,1,CO
Ethyl 2-cyclohexanoneacetate,CCOC(=O)CC1CCCCC1=O,0.0,MeOH,1,CO
Ethyl 3-thiopheneacetate,CCOC(=O)CC1=CSC=C1,5.513,MeOH,1,CO
"Ethyl 4,4,4-trifluoroacetoacetate",CCOC(=O)CC(=O)C(F)(F)F,4.264,MeOH,1,CO
Ethyl mesitylglyoxylate,CCOC(=O)C(=O)C1=C(C=C(C=C1C)C)C,5.994,MeOH,1,CO
Ethyl-3-oxohexanoate,CCCC(=O)CC(=O)OCC,5.922,MeOH,1,CO
Ethyl-4-bromocrotonate,CCOC(=O)/C=C/CBr,5.447,MeOH,1,CO
Ethyl-4-iodobenzoate,CCOC(=O)C1=CC=C(C=C1)I,6.168,MeOH,1,CO
FMOC-D-ORN(ALOC)-OH,C=CCOC(=O)NCCC[C@H](C(=O)O)NC(=O)OCC1C2=CC=CC=C2C3=CC=CC=C13,3.596,MeOH,1,CO
Flavanone,C1C(OC2=CC=CC=C2C1=O)C3=CC=CC=C3,5.964,MeOH,0,CO
Flufenamic-acid,C1=CC=C(C(=C1)C(=O)O)NC2=CC=CC(=C2)C(F)(F)F,3.789,MeOH,1,CO
Hematein,C1C2=CC(=C(C=C2C3=C4C=CC(=O)C(=C4OCC31O)O)O)O,3.47,MeOH,0,CO
METHYL 2-PHTHALIMIDOACETATE,COC(=O)CN1C(=O)C2=CC=CC=C2C1=O,5.027,MeOH,0,CO
"Methyl 6-oxo-1,6-dihydropyridine-2-carboxylate",COC(=O)C1=CC=CC(=O)N1,3.345,MeOH,1,CO
"Methyl-2,6-dimethoxybenzoate",COC1=C(C(=CC=C1)OC)C(=O)OC,5.156,MeOH,1,CO
Methyl-3-bromo-4-iodobenzoate,COC(=O)C1=CC(=C(C=C1)I)Br,6.276,MeOH,0,CO
"Methyl-6-Oxo-1,6-dihydropyridazine-3-carboxylate",COC(=O)C1=NNC(=O)C=C1,1.933,MeOH,0,CO
Methyl-diethylphosphonoacetate,CCOP(=O)(CC(=O)OC)OCC,4.075,MeOH,1,CO
N(im)-Trityl-L-histidine,C1=CC=C(C=C1)C(C2=CC=CC=C2)(C3=CC=CC=C3)N4C=C(N=C4)C[C@@H](C(=O)O)N,0.0,MeOH,0,CO
"N,N-Dimethyl-L-phenylalanine",CN(C)[C@@H](CC1=CC=CC=C1)C(=O)O,2.23,MeOH,0,CO
N-Acetyl-L-tryptophan,CC(=O)N[C@@H](CC1=CNC2=CC=CC=C21)C(=O)O,0.0,MeOH,1,CO
N-Benzylidenebenzylamine,C1=CC=C(C=C1)CN=CC2=CC=CC=C2,6.028,MeOH,1,CO
N-Phthaloylglycine,C1=CC=C2C(=C1)C(=O)N(C2=O)CC(=O)O,0.0,MeOH,1,CO
"N-[(1,1-Dimethylethoxy)carbonyl]-L-histidine methyl_ester",CC(C)(C)OC(=O)N[C@@H](CC1=CN=CN1)C(=O)OC,4.47,MeOH,1,CO
N-[(Phenylmethoxy)carbonyl]-O-(phenylmethyl)-L-serine_,C1=CC=C(C=C1)COC[C@@H](C(=O)O)NC(=O)OCC2=CC=CC=C2,3.575,MeOH,1,CO
"N6-[(1,1-Dimethylethoxy)carbonyl]-N2-[(9H-fluoren-9-ylmethoxy)carbonyl]-2-methyl-D-lysine",C[C@@](CCCCNC(=O)OC(C)(C)C)(C(=O)O)NC(=O)OCC1C2=CC=CC=C2C3=CC=CC=C13,3.778,MeOH,0,CO
"N6-[(1,1-Dimethylethoxy)carbonyl]-N2-[(phenylmethoxy)carbonyl]-L-lysine",CC(C)(C)OC(=O)NCCCC[C@@H](C(=O)O)NC(=O)OCC1=CC=CC=C1,3.45,MeOH,1,CO
Nalpha-[(9H-Fluoren-9-ylmethoxy)carbonyl]-L-threonine tert-Butyl-Ester,C[C@H]([C@@H](C(=O)OC(C)(C)C)NC(=O)OCC1C2=CC=CC=C2C3=CC=CC=C13)O,6.055,MeOH,1,CO
Phenyl-benzoate,C1=CC=C(C=C1)C(=O)OC2=CC=CC=C2,6.025,MeOH,1,CO
Pindolol,CC(C)NCC(COC1=CC=CC2=C1C=CN2)O,0.0,MeOH,0,CO
Protocatechuic_acid,C1=CC(=C(C=C1C(=O)O)O)O,0.0,MeOH,1,CO
Suberic_acid_monomethyl_ester,COC(=O)CCCCCCC(=O)O,0.0,MeOH,1,CO
Z-D-Glu-OBzl,C1=CC=C(C=C1)COC(=O)[C@@H](CCC(=O)O)NC(=O)OCC2=CC=CC=C2,3.553,MeOH,0,CO
Z-D-Phg-OH,C1=CC=C(C=C1)COC(=O)N[C@H](C2=CC=CC=C2)C(=O)O,3.297,MeOH,1,CO
"meso-1,2-Dibromo-1,2-diphenylethane",Did not work,6.381,MeOH,0,CO
mono-tert-Butyl_succinate,CC(C)(C)OC(=O)CCC(=O)O,0.0,MeOH,1,CO
pentafluorobenzyl-bromide,C(C1=C(C(=C(C(=C1F)F)F)F)F)Br,6.066,MeOH,1,CO
"trans-1,2-Bis(phenylsulfonyl)ethylene",C1=CC=C(C=C1)S(=O)(=O)/C=C/S(=O)(=O)C2=CC=CC=C2,5.567,MeOH,0,CO
trans-4-(9-Fluorenylmethyloxycarbonylaminomethyl)-cyclohexanoic_acid,C1CC(CCC1CNC(=O)OCC2C3=CC=CC=C3C4=CC=CC=C24)C(=O)O,3.542,MeOH,0,CO
trans-Aconitic-acid,C(/C(=C\C(=O)O)/C(=O)O)C(=O)O,0.0,MeOH,1,CO
(1-BROMOETHYL)BENZENE,CC(C1=CC=CC=C1)Br,5.607,ACN,1,CC#N
"(2,6-Dioxo-piperidin-4-yl)-acetic_acid",C1C(CC(=O)NC1=O)CC(=O)O,1.146,ACN,0,CC#N
(2-BENZYLOXYCARBONYLAMINO-ACETYLAMINO)-ACETIC_ACID,C1=CC=C(C=C1)COC(=O)NCC(=O)NCC(=O)O,4.021,ACN,0,CC#N
(2S)-2-{[(9H-fluoren-9-ylmethoxy)carbonyl]amino}-4-hydroxybutanoic acid,C1=CC=C2C(=C1)C(C3=CC=CC=C32)COC(=O)N[C@@H](CCO)C(=O)O,3.327,ACN,0,CC#N
"(2S,5S)-1-Hydroxy-2,5-diphenylphospholane 1-oxide",C1C[C@H](P(=O)([C@@H]1C2=CC=CC=C2)O)C3=CC=CC=C3,5.678,ACN,0,CC#N
"(?S)-4-(1,1-Dimethylethoxy)-?-[[(9H-fluoren-9-ylmethoxy)carbonyl]amino]benzenebutanoic_acid",CC(C)(C)OC1=CC=C(C=C1)CC[C@@H](C(=O)O)NC(=O)OCC2C3=CC=CC=C3C4=CC=CC=C24,6.019,ACN,0,CC#N
(R)-(-)-2-Methoxy-2-phenylethanol,CO[C@@H](CO)C1=CC=CC=C1,3.983,ACN,1,CC#N
"(S)-(-)-2-Amino-3-methyl-1,1-diphenyl-1-butanol",CC(C)[C@@H](C(C1=CC=CC=C1)(C2=CC=CC=C2)O)N,3.412,ACN,1,CC#N
(S)-Benzyl 2-(((S)-1-methoxy-4-methyl-1-oxopentan-2-yl)carbamoyl)pyrrolidine-1-carboxylate,CC(C)C[C@@H](C(=O)OC)NC(=O)[C@@H]1CCCN1C(=O)OCC2=CC=CC=C2,5.141,ACN,1,CC#N
"1,1,1-Tris(4-hydroxyphenyl)ethane",CC(C1=CC=C(C=C1)O)(C2=CC=C(C=C2)O)C3=CC=C(C=C3)O,4.627,ACN,1,CC#N
"1,1,3-Triphenylpropargyl alcohol",C1=CC=C(C=C1)C#CC(C2=CC=CC=C2)(C3=CC=CC=C3)O,5.897,ACN,1,CC#N
"1,2-Bis(4-hydroxyphenyl)ethane-1,2-dione",C1=CC(=CC=C1C(=O)C(=O)C2=CC=C(C=C2)O)O,4.482,ACN,0,CC#N
"1,3-Bis(trifluoromethyl)-5-bromobenzene",C1=C(C=C(C=C1C(F)(F)F)Br)C(F)(F)F,6.098,ACN,1,CC#N
"1,3-Butanediol-diacrylate",CC(CCOC(=O)C=C)OC(=O)C=C,5.0,ACN,1,CC#N
"1,3-Dimethyl 2-[(4-methoxyphenyl)methylene]propanedioate",COC1=CC=C(C=C1)C=C(C(=O)OC)C(=O)OC,5.161,ACN,1,CC#N
"1,3-Diphenylacetone_p-tosylhydrazone",CC1=CC=C(C=C1)S(=O)(=O)NN=C(CC2=CC=CC=C2)CC3=CC=CC=C3,5.892,ACN,0,CC#N
"1,4-Bis(bromomethyl)-2,3,5,6-tetrafluorobenzene_",C(C1=C(C(=C(C(=C1F)F)CBr)F)F)Br,5.895,ACN,0,CC#N
"1,4-Cyclohexanedicarboxylic-acid",C1CC(CCC1C(=O)O)C(=O)O,3.53,ACN,0,CC#N
"1,4-Dibromo-2,3-butanedione",C(C(=O)C(=O)CBr)Br,3.506,ACN,1,CC#N
1-(4-Biphenyl)-1-ethanol,CC(C1=CC=C(C=C1)C2=CC=CC=C2)O,5.167,ACN,1,CC#N
"1-(9H-Fluoren-9-ylmethyl) (2S,4S)-4-[[(1,1-dimethylethoxy)carbonyl]amino]-1,2-pyrrolidinedicarboxylate_",CC(C)(C)OC(=O)N[C@H]1C[C@H](N(C1)C(=O)OCC2C3=CC=CC=C3C4=CC=CC=C24)C(=O)O,5.559,ACN,0,CC#N
1-(tert-Butoxycarbonyl)-4-[(9H-fluoren-9-ylmethoxy)carbonyl]-2-piperazinecarboxylic_acid,CC(C)(C)OC(=O)N1CCN(CC1C(=O)O)C(=O)OCC2C3=CC=CC=C3C4=CC=CC=C24,5.7,ACN,0,CC#N
1-BROMO-3-METHYLBUTANE,CC(C)CCBr,0.0,ACN,1,CC#N
1-Benzofuran-5-carboxylic_acid,C1=CC2=C(C=CO2)C=C1C(=O)O,4.429,ACN,0,CC#N
1-Benzylpiperidine,C1CCN(CC1)CC2=CC=CC=C2,0.0,ACN,1,CC#N
1-Bromo-4-(trifluoromethoxy)benzene,C1=CC(=CC=C1OC(F)(F)F)Br,5.937,ACN,1,CC#N
1-Bromopentanemethylbenzene,CC1=C(C(=C(C(=C1C)C)Br)C)C,6.696,ACN,0,CC#N
1-Phenyl-5-(trifluoromethyl)-1H-pyrazole-4-carboxylic_acid,C1=CC=C(C=C1)N2C(=C(C=N2)C(=O)O)C(F)(F)F,4.911,ACN,1,CC#N
1-Pyrenemethanol,C1=CC2=C3C(=C1)C=CC4=C(C=CC(=C43)C=C2)CO,5.4,ACN,0,CC#N
"1-Tosyl-2,5-dihydro-1H-pyrrole",CC1=CC=C(C=C1)S(=O)(=O)N2CC=CC2,5.089,ACN,1,CC#N
"2,2"",4,4""-Tetramethylbenzophenone",CC1=CC(=C(C=C1)C(=O)C2=C(C=C(C=C2)C)C)C,6.309,ACN,1,CC#N
"2,2,2-TRIFLUOROACETOPHENONE",C1=CC=C(C=C1)C(=O)C(F)(F)F,4.383,ACN,1,CC#N
"2,3,4-Trifluorobenzoic acid",C1=CC(=C(C(=C1C(=O)O)F)F)F,4.672,ACN,1,CC#N
"2,3,6,7,10,11-Hexamethoxytriphenylene",COC1=C(C=C2C(=C1)C3=CC(=C(C=C3C4=CC(=C(C=C24)OC)OC)OC)OC)OC,5.531,ACN,0,CC#N
"2,4,6-Tris(bromomethyl)mesitylene",CC1=C(C(=C(C(=C1CBr)C)CBr)C)CBr,6.232,ACN,0,CC#N
"2,4-Dichlorophenol",C1=CC(=C(C=C1Cl)Cl)O,4.997,ACN,1,CC#N
"2,6-Bis[(4S)-4-phenyl-2-oxazolinyl]pyridine",C1[C@@H](N=C(O1)C2=NC(=CC=C2)C3=N[C@H](CO3)C4=CC=CC=C4)C5=CC=CC=C5,5.362,ACN,0,CC#N
"2,6-Dichloroiodobenzene",C1=CC(=C(C(=C1)Cl)I)Cl,6.045,ACN,1,CC#N
"2,6-Diisopropylphenol",CC(C)C1=C(C(=CC=C1)C(C)C)O,5.797,ACN,1,CC#N
"2,6-Dimethoxy-1,4-benzoquinone",COC1=CC(=O)C=C(C1=O)OC,3.493,ACN,0,CC#N
"2,6-Dimethoxybenzoyl_chloride",COC1=C(C(=CC=C1)OC)C(=O)Cl,3.843,ACN,0,CC#N
2-(3-Chlorophenoxy)propionic-acid,CC(C(=O)O)OC1=CC(=CC=C1)Cl,4.927,ACN,1,CC#N
2-(4-Chlorobenzoyl)benzoic_acid,C1=CC=C(C(=C1)C(=O)C2=CC=C(C=C2)Cl)C(=O)O,5.135,ACN,0,CC#N
2-(Diphenylphosphino)benzoic-acid,C1=CC=C(C=C1)P(C2=CC=CC=C2)C3=CC=CC=C3C(=O)O,5.731,ACN,0,CC#N
2-(Trifluoromethyl)pyridine-4-carboxylic_acid,C1=CN=C(C=C1C(=O)O)C(F)(F)F,4.521,ACN,1,CC#N
2-Amino-4-phenylphenol,C1=CC=C(C=C1)C2=CC(=C(C=C2)O)N,4.231,ACN,0,CC#N
2-Amino-6-bromopyridine,C1=CC(=NC(=C1)Br)N,4.028,ACN,1,CC#N
2-Benzyloxybenzoic_acid ,C1=CC=C(C=C1)COC2=CC=CC=C2C(=O)O,5.023,ACN,1,CC#N
"2-Bromo-2',6'-diisopropoxy-1,1'-biphenyl",CC(C)OC1=C(C(=CC=C1)OC(C)C)C2=CC=CC=C2Br,6.433,ACN,1,CC#N
2-Bromo-5-(trifluoromethyl)benzaldehyde,C1=CC(=C(C=C1C(F)(F)F)C=O)Br,5.538,ACN,1,CC#N
2-Bromo-5-chlorotoluene,CC1=C(C=CC(=C1)Cl)Br,6.108,ACN,1,CC#N
2-Bromoanthraquinone,C1=CC=C2C(=C1)C(=O)C3=C(C2=O)C=C(C=C3)Br,6.069,ACN,0,CC#N
2-Bromonaphthalen-1-ol,C1=CC=C2C(=C1)C=CC(=C2O)Br,5.391,ACN,1,CC#N
2-Bromophenethylamine,C1=CC=C(C(=C1)CCN)Br,1.793,ACN,1,CC#N
2-Bromotoluene,CC1=CC=CC=C1Br,5.8,ACN,1,CC#N
2-Hydroxy-4-(trifluoromethyl)aniline,C1=CC(=C(C=C1C(F)(F)F)O)N,5.242,ACN,0,CC#N
2-Iodobenzaldehyde,C1=CC=C(C(=C1)C=O)I,5.212,ACN,1,CC#N
2-Iodobenzyl_bromide,C1=CC=C(C(=C1)CBr)I,5.787,ACN,0,CC#N
2-Iodopyridine,C1=CC=NC(=C1)I,4.373,ACN,1,CC#N
2-Isopropylthioxanthone,CC(C)C1=CC2=C(C=C1)SC3=CC=CC=C3C2=O,6.361,ACN,0,CC#N
"2-Methyl-5-(trifluoromethyl)-1,3-benzoxazole",CC1=NC2=C(O1)C=CC(=C2)C(F)(F)F,5.205,ACN,1,CC#N
"3,3-Dimethyl-1-indanone",CC1(CC(=O)C2=CC=CC=C21)C,5.04,ACN,1,CC#N
"3,4,5-TRIBROMO-1H-PYRAZOLE",C1(=C(NN=C1Br)Br)Br,4.899,ACN,1,CC#N
"3,4,7,8-Tetramethyl-1,10-phenanthroline",CC1=CN=C2C(=C1C)C=CC3=C(C(=CN=C32)C)C,3.473,ACN,0,CC#N
"3,5-Di-tert-butylbenzoic acid",CC(C)(C)C1=CC(=CC(=C1)C(=O)O)C(C)(C)C,5.809,ACN,1,CC#N
"3,5-Dibromotoluene",CC1=CC(=CC(=C1)Br)Br,6.23,ACN,1,CC#N
"3,5-Dimethylbenzoyl_chloride",CC1=CC(=CC(=C1)C(=O)Cl)C,4.754,ACN,1,CC#N
"3,6-Dimethoxy-9H-carbazole",COC1=CC2=C(C=C1)NC3=C2C=C(C=C3)OC,5.255,ACN,1,CC#N
3-(2-Naphthyl)acrylic_acid,C1=CC=C2C=C(C=CC2=C1)/C=C/C(=O)O,5.054,ACN,0,CC#N
3-(Phenylthio)propanoic-acid,C1=CC=C(C=C1)SCCC(=O)O,4.682,ACN,1,CC#N
3-(tert-Butoxycarbonyl)benzoic_acid,CC(C)(C)OC(=O)C1=CC=CC(=C1)C(=O)O,5.126,ACN,0,CC#N
3-Bromobenzoyl_chloride,C1=CC(=CC(=C1)Br)C(=O)Cl,4.835,ACN,1,CC#N
3-Bromopropionyl_chloride,C(CBr)C(=O)Cl,2.918,ACN,1,CC#N
3-Chloro-4-methoxyaniline,COC1=C(C=C(C=C1)N)Cl,3.019,ACN,1,CC#N
3-[[(9H-Fluoren-9-ylmethoxy)carbonyl]amino]-2-naphthalenecarboxylic acid,C1=CC=C2C=C(C(=CC2=C1)C(=O)O)NC(=O)OCC3C4=CC=CC=C4C5=CC=CC=C35,6.491,ACN,0,CC#N
"4,4',4''-Trimethoxytrityl chloride",COC1=CC=C(C=C1)C(C2=CC=C(C=C2)OC)(C3=CC=C(C=C3)OC)Cl,5.641,ACN,0,CC#N
"4,4'-Dihydroxybiphenyl",C1=CC(=CC=C1C2=CC=C(C=C2)O)O,4.374,ACN,0,CC#N
"4,4'-Dimethoxybenzophenone",COC1=CC=C(C=C1)C(=O)C2=CC=C(C=C2)OC,5.396,ACN,0,CC#N
"4,4?,4??-(1,3,5-TRIAZINE-2,4,6-TRIYL)TRIBENZALDEHYDE",C1=CC(=CC=C1C=O)C2=NC(=NC(=N2)C3=CC=C(C=C3)C=O)C4=CC=C(C=C4)C=O,5.238,ACN,0,CC#N
4-(Bromomethyl)benzoic_acid,C1=CC(=CC=C1CBr)C(=O)O,4.688,ACN,0,CC#N
4-(Hydroxymethyl)phenylacetic-acid,C1=CC(=CC=C1CC(=O)O)CO,3.398,ACN,1,CC#N
4-(Trifluoroacetyl)phenacyl-bromide,C1=CC(=CC=C1C(=O)CBr)C(=O)C(F)(F)F,4.708,ACN,1,CC#N
4-(Trifluoromethyl)benzylamine,C1=CC(=CC=C1CN)C(F)(F)F,0.0,ACN,1,CC#N
"4-Bromo-3,5-dimethoxybenzoic acid",COC1=CC(=CC(=C1Br)OC)C(=O)O,4.778,ACN,0,CC#N
4-Bromo-L-phenylalanine,C1=CC(=CC=C1C[C@@H](C(=O)O)N)Br,3.24,ACN,0,CC#N
4-Chlorobenzenesulfonic_acid,C1=CC(=CC=C1S(=O)(=O)O)Cl,4.811,ACN,1,CC#N
4-Chloropyridine-3-carboxylic_acid,C1=CN=CC(=C1Cl)C(=O)O,1.327,ACN,0,CC#N
"4-Hydroxy-3,5-diiodobenzoic acid",C1=C(C=C(C(=C1I)O)I)C(=O)O,4.728,ACN,0,CC#N
4-Hydroxyphthalic_acid,C1=CC(=C(C=C1O)C(=O)O)C(=O)O,3.49,ACN,0,CC#N
4-Methoxybiphenyl,COC1=CC=C(C=C1)C2=CC=CC=C2,5.826,ACN,1,CC#N
4-Methoxytriphenylamine,COC1=CC=C(C=C1)N(C2=CC=CC=C2)C3=CC=CC=C3,6.436,ACN,0,CC#N
4-tert-Butylbenzoyl_chloride,CC(C)(C)C1=CC=C(C=C1)C(=O)Cl,5.176,ACN,1,CC#N
"5,7-Dimethyl-[1,2,4]triazolo[1,5-a]pyrimidine-2-carboxylic acid",CC1=CC(=NC2=NC(=NN12)C(=O)O)C,3.115,ACN,0,CC#N
5-(Trifluoromethyl)indole,C1=CC2=C(C=CN2)C=C1C(F)(F)F,5.375,ACN,1,CC#N
5-(Trifluoromethyl)pyridine-2-carboxaldehyde,C1=CC(=NC=C1C(F)(F)F)C=O,3.629,ACN,1,CC#N
5-Bromo-2-furoic_acid,C1=C(OC(=C1)Br)C(=O)O,4.122,ACN,1,CC#N
5-Bromo-2-phenylpyridine,C1=CC=C(C=C1)C2=NC=C(C=C2)Br,5.763,ACN,1,CC#N
"6,6'-Dibromo-1,1'-bi-2-naphthol",C1=CC2=C(C=CC(=C2C3=C(C=CC4=C3C=CC(=C4)Br)O)O)C=C1Br,6.045,ACN,1,CC#N
8-Isoquinolinecarboxaldehyde,C1=CC2=C(C=NC=C2)C(=C1)C=O,3.063,ACN,0,CC#N
Allyl-alpha-D-glucopyranoside,C=CCO[C@@H]1[C@@H]([C@H]([C@@H]([C@H](O1)CO)O)O)O,0.0,ACN,0,CC#N
Aniline-2-sulfonic_acid,C1=CC=C(C(=C1)N)S(=O)(=O)O,3.11,ACN,0,CC#N
Bis(diphenylphosphino)methane,C1=CC=C(C=C1)P(CP(C2=CC=CC=C2)C3=CC=CC=C3)C4=CC=CC=C4,6.727,ACN,0,CC#N
DL-beta-Phenylalanine,C1=CC=C(C=C1)C(CC(=O)O)N,1.093,ACN,0,CC#N
Di-tert-butylcyclopentadiene,CC(C)(C)C1C=CC(=C1)C(C)(C)C,0.0,ACN,1,CC#N
Dibenzyl-malonate,C1=CC=C(C=C1)COC(=O)CC(=O)OCC2=CC=CC=C2,5.638,ACN,1,CC#N
Dibromomaleic-acid,C(=C(\C(=O)O)/Br)(\C(=O)O)/Br,4.937,ACN,1,CC#N
Diethyl 4-Methoxyphenylphosphonate,CCOP(=O)(C1=CC=C(C=C1)OC)OCC,4.596,ACN,1,CC#N
Diethyl_dibutylmalonate,CCCCC(CCCC)(C(=O)OCC)C(=O)OCC,0.0,ACN,1,CC#N
Diethyl_phenylmalonate,CCOC(=O)C(C1=CC=CC=C1)C(=O)OCC,5.385,ACN,1,CC#N
"Dimethyl 1,3-cyclohexadiene-1,4-dicarboxylate",COC(=O)C1=CC=C(CC1)C(=O)OC,5.028,ACN,0,CC#N
"Dimethyl 2,2'-bipyridine-4,4'-dicarboxylate",COC(=O)C1=CC(=NC=C1)C2=NC=CC(=C2)C(=O)OC,5.269,ACN,0,CC#N
Dimethyl-propargylmalonate,COC(=O)C(CC#C)C(=O)OC,0.0,ACN,1,CC#N
Ethyl 2-cyclohexanoneacetate,CCOC(=O)CC1CCCCC1=O,4.697,ACN,1,CC#N
Ethyl 3-thiopheneacetate,CCOC(=O)CC1=CSC=C1,5.044,ACN,1,CC#N
"Ethyl 4,4,4-trifluoroacetoacetate",CCOC(=O)CC(=O)C(F)(F)F,3.849,ACN,1,CC#N
Ethyl mesitylglyoxylate,CCOC(=O)C(=O)C1=C(C=C(C=C1C)C)C,5.691,ACN,1,CC#N
Ethyl-3-oxohexanoate,CCCC(=O)CC(=O)OCC,4.619,ACN,1,CC#N
Ethyl-4-bromocrotonate,CCOC(=O)/C=C/CBr,4.986,ACN,1,CC#N
Ethyl-4-iodobenzoate,CCOC(=O)C1=CC=C(C=C1)I,5.872,ACN,1,CC#N
FMOC-D-ORN(ALOC)-OH,C=CCOC(=O)NCCC[C@H](C(=O)O)NC(=O)OCC1C2=CC=CC=C2C3=CC=CC=C13,5.271,ACN,0,CC#N
Flavanone,C1C(OC2=CC=CC=C2C1=O)C3=CC=CC=C3,5.511,ACN,1,CC#N
Flufenamic-acid,C1=CC=C(C(=C1)C(=O)O)NC2=CC=CC(=C2)C(F)(F)F,5.775,ACN,1,CC#N
Hematein,C1C2=CC(=C(C=C2C3=C4C=CC(=O)C(=C4OCC31O)O)O)O,4.766,ACN,0,CC#N
METHYL 2-PHTHALIMIDOACETATE,COC(=O)CN1C(=O)C2=CC=CC=C2C1=O,4.552,ACN,1,CC#N
"Methyl 6-oxo-1,6-dihydropyridine-2-carboxylate",COC(=O)C1=CC=CC(=O)N1,2.95,ACN,1,CC#N
"Methyl-2,6-dimethoxybenzoate",COC1=C(C(=CC=C1)OC)C(=O)OC,4.678,ACN,1,CC#N
Methyl-3-bromo-4-iodobenzoate,COC(=O)C1=CC(=C(C=C1)I)Br,5.904,ACN,1,CC#N
"Methyl-6-Oxo-1,6-dihydropyridazine-3-carboxylate",COC(=O)C1=NNC(=O)C=C1,2.406,ACN,0,CC#N
Methyl-diethylphosphonoacetate,CCOP(=O)(CC(=O)OC)OCC,3.718,ACN,1,CC#N
N(im)-Trityl-L-histidine,C1=CC=C(C=C1)C(C2=CC=CC=C2)(C3=CC=CC=C3)N4C=C(N=C4)C[C@@H](C(=O)O)N,3.928,ACN,0,CC#N
"N,N-Dimethyl-L-phenylalanine",CN(C)[C@@H](CC1=CC=CC=C1)C(=O)O,2.119,ACN,0,CC#N
N-Acetyl-L-tryptophan,CC(=O)N[C@@H](CC1=CNC2=CC=CC=C21)C(=O)O,3.949,ACN,0,CC#N
N-Benzylidenebenzylamine,C1=CC=C(C=C1)CN=CC2=CC=CC=C2,4.377,ACN,1,CC#N
N-Phthaloylglycine,C1=CC=C2C(=C1)C(=O)N(C2=O)CC(=O)O,4.073,ACN,1,CC#N
"N-[(1,1-Dimethylethoxy)carbonyl]-L-histidine methyl_ester",CC(C)(C)OC(=O)N[C@@H](CC1=CN=CN1)C(=O)OC,1.875,ACN,0,CC#N
N-[(Phenylmethoxy)carbonyl]-O-(phenylmethyl)-L-serine_,C1=CC=C(C=C1)COC[C@@H](C(=O)O)NC(=O)OCC2=CC=CC=C2,5.197,ACN,1,CC#N
"N6-[(1,1-Dimethylethoxy)carbonyl]-N2-[(9H-fluoren-9-ylmethoxy)carbonyl]-2-methyl-D-lysine",C[C@@](CCCCNC(=O)OC(C)(C)C)(C(=O)O)NC(=O)OCC1C2=CC=CC=C2C3=CC=CC=C13,5.699,ACN,1,CC#N
"N6-[(1,1-Dimethylethoxy)carbonyl]-N2-[(phenylmethoxy)carbonyl]-L-lysine",CC(C)(C)OC(=O)NCCCC[C@@H](C(=O)O)NC(=O)OCC1=CC=CC=C1,5.033,ACN,1,CC#N
Nalpha-[(9H-Fluoren-9-ylmethoxy)carbonyl]-L-threonine tert-Butyl-Ester,C[C@H]([C@@H](C(=O)OC(C)(C)C)NC(=O)OCC1C2=CC=CC=C2C3=CC=CC=C13)O,5.649,ACN,1,CC#N
Phenyl-benzoate,C1=CC=C(C=C1)C(=O)OC2=CC=CC=C2,5.68,ACN,1,CC#N
Pindolol,CC(C)NCC(COC1=CC=CC2=C1C=CN2)O,2.175,ACN,0,CC#N
Protocatechuic_acid,C1=CC(=C(C=C1C(=O)O)O)O,2.834,ACN,1,CC#N
Suberic_acid_monomethyl_ester,COC(=O)CCCCCCC(=O)O,4.292,ACN,0,CC#N
Z-D-Glu-OBzl,C1=CC=C(C=C1)COC(=O)[C@@H](CCC(=O)O)NC(=O)OCC2=CC=CC=C2,5.091,ACN,0,CC#N
Z-D-Phg-OH,C1=CC=C(C=C1)COC(=O)N[C@H](C2=CC=CC=C2)C(=O)O,5.081,ACN,0,CC#N
"meso-1,2-Dibromo-1,2-diphenylethane",C1=CC=C(C=C1)C(C(C2=CC=CC=C2)Br)Br,5.994,ACN,0,CC#N
mono-tert-Butyl_succinate,CC(C)(C)OC(=O)CCC(=O)O,4.186,ACN,1,CC#N
pentafluorobenzyl-bromide,C(C1=C(C(=C(C(=C1F)F)F)F)F)Br,5.716,ACN,1,CC#N
"trans-1,2-Bis(phenylsulfonyl)ethylene",C1=CC=C(C=C1)S(=O)(=O)/C=C/S(=O)(=O)C2=CC=CC=C2,5.192,ACN,0,CC#N
trans-4-(9-Fluorenylmethyloxycarbonylaminomethyl)-cyclohexanoic_acid,C1CC(CCC1CNC(=O)OCC2C3=CC=CC=C3C4=CC=CC=C24)C(=O)O,5.311,ACN,0,CC#N
trans-Aconitic-acid,C(/C(=C\C(=O)O)/C(=O)O)C(=O)O,1.606,ACN,1,CC#N
(1-BROMOETHYL)BENZENE,CC(C1=CC=CC=C1)Br,3.927,ACN,1,CC#N
"(2,6-Dioxo-piperidin-4-yl)-acetic_acid",C1C(CC(=O)NC1=O)CC(=O)O,0.0,ACN,0,CC#N
(2-BENZYLOXYCARBONYLAMINO-ACETYLAMINO)-ACETIC_ACID,C1=CC=C(C=C1)COC(=O)NCC(=O)NCC(=O)O,3.676,ACN,0,CC#N
(2S)-2-{[(9H-fluoren-9-ylmethoxy)carbonyl]amino}-4-hydroxybutanoic acid,C1=CC=C2C(=C1)C(C3=CC=CC=C32)COC(=O)N[C@@H](CCO)C(=O)O,3.301,ACN,0,CC#N
"(2S,5S)-1-Hydroxy-2,5-diphenylphospholane 1-oxide",C1C[C@H](P(=O)([C@@H]1C2=CC=CC=C2)O)C3=CC=CC=C3,0.0,ACN,0,CC#N
"(?S)-4-(1,1-Dimethylethoxy)-?-[[(9H-fluoren-9-ylmethoxy)carbonyl]amino]benzenebutanoic_acid",CC(C)(C)OC1=CC=C(C=C1)CC[C@@H](C(=O)O)NC(=O)OCC2C3=CC=CC=C3C4=CC=CC=C24,5.566,ACN,0,CC#N
(R)-(-)-2-Methoxy-2-phenylethanol,CO[C@@H](CO)C1=CC=CC=C1,5.464,ACN,1,CC#N
"(S)-(-)-2-Amino-3-methyl-1,1-diphenyl-1-butanol",CC(C)[C@@H](C(C1=CC=CC=C1)(C2=CC=CC=C2)O)N,3.94,ACN,1,CC#N
(S)-Benzyl 2-(((S)-1-methoxy-4-methyl-1-oxopentan-2-yl)carbamoyl)pyrrolidine-1-carboxylate,CC(C)C[C@@H](C(=O)OC)NC(=O)[C@@H]1CCCN1C(=O)OCC2=CC=CC=C2,4.985,ACN,1,CC#N
"1,1,1-Tris(4-hydroxyphenyl)ethane",CC(C1=CC=C(C=C1)O)(C2=CC=C(C=C2)O)C3=CC=C(C=C3)O,4.585,ACN,1,CC#N
"1,1,3-Triphenylpropargyl alcohol",C1=CC=C(C=C1)C#CC(C2=CC=CC=C2)(C3=CC=CC=C3)O,4.48,ACN,1,CC#N
"1,2-Bis(4-hydroxyphenyl)ethane-1,2-dione",C1=CC(=CC=C1C(=O)C(=O)C2=CC=C(C=C2)O)O,5.79,ACN,0,CC#N
"1,3-Bis(trifluoromethyl)-5-bromobenzene",C1=C(C=C(C=C1C(F)(F)F)Br)C(F)(F)F,5.872,ACN,1,CC#N
"1,3-Butanediol-diacrylate",CC(CCOC(=O)C=C)OC(=O)C=C,5.198,ACN,1,CC#N
"1,3-Dimethyl 2-[(4-methoxyphenyl)methylene]propanedioate",COC1=CC=C(C=C1)C=C(C(=O)OC)C(=O)OC,3.099,ACN,1,CC#N
"1,3-Diphenylacetone_p-tosylhydrazone",CC1=CC=C(C=C1)S(=O)(=O)NN=C(CC2=CC=CC=C2)CC3=CC=CC=C3,5.264,ACN,0,CC#N
"1,4-Bis(bromomethyl)-2,3,5,6-tetrafluorobenzene_",C(C1=C(C(=C(C(=C1F)F)CBr)F)F)Br,5.595,ACN,0,CC#N
"1,4-Cyclohexanedicarboxylic-acid",C1CC(CCC1C(=O)O)C(=O)O,4.829,ACN,0,CC#N
"1,4-Dibromo-2,3-butanedione",C(C(=O)C(=O)CBr)Br,3.027,ACN,1,CC#N
1-(4-Biphenyl)-1-ethanol,CC(C1=CC=C(C=C1)C2=CC=CC=C2)O,4.951,ACN,1,CC#N
"1-(9H-Fluoren-9-ylmethyl) (2S,4S)-4-[[(1,1-dimethylethoxy)carbonyl]amino]-1,2-pyrrolidinedicarboxylate_",CC(C)(C)OC(=O)N[C@H]1C[C@H](N(C1)C(=O)OCC2C3=CC=CC=C3C4=CC=CC=C24)C(=O)O,5.201,ACN,0,CC#N
1-(tert-Butoxycarbonyl)-4-[(9H-fluoren-9-ylmethoxy)carbonyl]-2-piperazinecarboxylic_acid,CC(C)(C)OC(=O)N1CCN(CC1C(=O)O)C(=O)OCC2C3=CC=CC=C3C4=CC=CC=C24,5.347,ACN,0,CC#N
1-BROMO-3-METHYLBUTANE,CC(C)CCBr,0.0,ACN,1,CC#N
1-Benzofuran-5-carboxylic_acid,C1=CC2=C(C=CO2)C=C1C(=O)O,4.373,ACN,0,CC#N
1-Benzylpiperidine,C1CCN(CC1)CC2=CC=CC=C2,2.972,ACN,1,CC#N
1-Bromo-4-(trifluoromethoxy)benzene,C1=CC(=CC=C1OC(F)(F)F)Br,5.208,ACN,1,CC#N
1-Bromopentanemethylbenzene,CC1=C(C(=C(C(=C1C)C)Br)C)C,6.202,ACN,0,CC#N
1-Phenyl-5-(trifluoromethyl)-1H-pyrazole-4-carboxylic_acid,C1=CC=C(C=C1)N2C(=C(C=N2)C(=O)O)C(F)(F)F,4.674,ACN,1,CC#N
1-Pyrenemethanol,C1=CC2=C3C(=C1)C=CC4=C(C=CC(=C43)C=C2)CO,5.041,ACN,0,CC#N
"1-Tosyl-2,5-dihydro-1H-pyrrole",CC1=CC=C(C=C1)S(=O)(=O)N2CC=CC2,4.944,ACN,1,CC#N
"2,2"",4,4""-Tetramethylbenzophenone",CC1=CC(=C(C=C1)C(=O)C2=C(C=C(C=C2)C)C)C,5.821,ACN,1,CC#N
"2,2,2-TRIFLUOROACETOPHENONE",C1=CC=C(C=C1)C(=O)C(F)(F)F,4.355,ACN,1,CC#N
"2,3,4-Trifluorobenzoic acid",C1=CC(=C(C(=C1C(=O)O)F)F)F,4.155,ACN,1,CC#N
"2,3,6,7,10,11-Hexamethoxytriphenylene",COC1=C(C=C2C(=C1)C3=CC(=C(C=C3C4=CC(=C(C=C24)OC)OC)OC)OC)OC,5.448,ACN,0,CC#N
"2,4,6-Tris(bromomethyl)mesitylene",CC1=C(C(=C(C(=C1CBr)C)CBr)C)CBr,5.683,ACN,0,CC#N
"2,4-Dichlorophenol",C1=CC(=C(C=C1Cl)Cl)O,4.854,ACN,1,CC#N
"2,6-Bis[(4S)-4-phenyl-2-oxazolinyl]pyridine",C1[C@@H](N=C(O1)C2=NC(=CC=C2)C3=N[C@H](CO3)C4=CC=CC=C4)C5=CC=CC=C5,5.172,ACN,0,CC#N
"2,6-Dichloroiodobenzene",C1=CC(=C(C(=C1)Cl)I)Cl,5.586,ACN,1,CC#N
"2,6-Diisopropylphenol",CC(C)C1=C(C(=CC=C1)C(C)C)O,5.459,ACN,1,CC#N
"2,6-Dimethoxy-1,4-benzoquinone",COC1=CC(=O)C=C(C1=O)OC,3.447,ACN,0,CC#N
"2,6-Dimethoxybenzoyl_chloride",COC1=C(C(=CC=C1)OC)C(=O)Cl,3.663,ACN,0,CC#N
2-(3-Chlorophenoxy)propionic-acid,CC(C(=O)O)OC1=CC(=CC=C1)Cl,4.514,ACN,1,CC#N
2-(4-Chlorobenzoyl)benzoic_acid,C1=CC=C(C(=C1)C(=O)C2=CC=C(C=C2)Cl)C(=O)O,4.882,ACN,0,CC#N
2-(Diphenylphosphino)benzoic-acid,C1=CC=C(C=C1)P(C2=CC=CC=C2)C3=CC=CC=C3C(=O)O,5.34,ACN,0,CC#N
2-(Trifluoromethyl)pyridine-4-carboxylic_acid,C1=CN=C(C=C1C(=O)O)C(F)(F)F,3.656,ACN,1,CC#N
2-Amino-4-phenylphenol,C1=CC=C(C=C1)C2=CC(=C(C=C2)O)N,5.338,ACN,0,CC#N
2-Amino-6-bromopyridine,C1=CC(=NC(=C1)Br)N,3.885,ACN,1,CC#N
2-Benzyloxybenzoic_acid,C1=CC=C(C=C1)COC2=CC=CC=C2C(=O)O,4.889,ACN,1,CC#N
"2-Bromo-2',6'-diisopropoxy-1,1'-biphenyl",CC(C)OC1=C(C(=CC=C1)OC(C)C)C2=CC=CC=C2Br,6.072,ACN,1,CC#N
2-Bromo-5-(trifluoromethyl)benzaldehyde,C1=CC(=C(C=C1C(F)(F)F)C=O)Br,5.384,ACN,1,CC#N
2-Bromo-5-chlorotoluene,CC1=C(C=CC(=C1)Cl)Br,3.237,ACN,1,CC#N
2-Bromoanthraquinone,C1=CC=C2C(=C1)C(=O)C3=C(C2=O)C=C(C=C3)Br,5.589,ACN,0,CC#N
2-Bromonaphthalen-1-ol,C1=CC=C2C(=C1)C=CC(=C2O)Br,5.236,ACN,1,CC#N
2-Bromophenethylamine,C1=CC=C(C(=C1)CCN)Br,3.177,ACN,1,CC#N
2-Bromotoluene,CC1=CC=CC=C1Br,5.409,ACN,1,CC#N
2-Hydroxy-4-(trifluoromethyl)aniline,C1=CC(=C(C=C1C(F)(F)F)O)N,4.598,ACN,0,CC#N
2-Iodobenzaldehyde,C1=CC=C(C(=C1)C=O)I,4.958,ACN,1,CC#N
2-Iodobenzyl_bromide,C1=CC=C(C(=C1)CBr)I,3.862,ACN,0,CC#N
2-Iodopyridine,C1=CC=NC(=C1)I,4.131,ACN,1,CC#N
2-Isopropylthioxanthone,CC(C)C1=CC2=C(C=C1)SC3=CC=CC=C3C2=O,5.888,ACN,0,CC#N
"2-Methyl-5-(trifluoromethyl)-1,3-benzoxazole",CC1=NC2=C(O1)C=CC(=C2)C(F)(F)F,5.112,ACN,1,CC#N
"3,3-Dimethyl-1-indanone",CC1(CC(=O)C2=CC=CC=C21)C,4.854,ACN,1,CC#N
"3,4,5-TRIBROMO-1H-PYRAZOLE",C1(=C(NN=C1Br)Br)Br,4.747,ACN,1,CC#N
"3,4,7,8-Tetramethyl-1,10-phenanthroline",CC1=CN=C2C(=C1C)C=CC3=C(C(=CN=C32)C)C,3.915,ACN,0,CC#N
"3,5-Di-tert-butylbenzoic acid",CC(C)(C)C1=CC(=CC(=C1)C(=O)O)C(C)(C)C,5.448,ACN,1,CC#N
"3,5-Dibromotoluene",CC1=CC(=CC(=C1)Br)Br,3.23,ACN,1,CC#N
"3,5-Dimethylbenzoyl_chloride",CC1=CC(=CC(=C1)C(=O)Cl)C,4.64,ACN,1,CC#N
"3,6-Dimethoxy-9H-carbazole",COC1=CC2=C(C=C1)NC3=C2C=C(C=C3)OC,5.178,ACN,1,CC#N
3-(2-Naphthyl)acrylic_acid,C1=CC=C2C=C(C=CC2=C1)/C=C/C(=O)O,4.88,ACN,0,CC#N
3-(Phenylthio)propanoic-acid,C1=CC=C(C=C1)SCCC(=O)O,4.525,ACN,1,CC#N
3-(tert-Butoxycarbonyl)benzoic_acid,CC(C)(C)OC(=O)C1=CC=CC(=C1)C(=O)O,4.895,ACN,0,CC#N
3-Bromobenzoyl_chloride,C1=CC(=CC(=C1)Br)C(=O)Cl,4.514,ACN,1,CC#N
3-Bromopropionyl_chloride,C(CBr)C(=O)Cl,5.916,ACN,1,CC#N
3-Chloro-4-methoxyaniline,COC1=C(C=C(C=C1)N)Cl,3.047,ACN,1,CC#N
3-[[(9H-Fluoren-9-ylmethoxy)carbonyl]amino]-2-naphthalenecarboxylic acid,C1=CC=C2C=C(C(=CC2=C1)C(=O)O)NC(=O)OCC3C4=CC=CC=C4C5=CC=CC=C35,5.821,ACN,0,CC#N
"4,4',4''-Trimethoxytrityl chloride",COC1=CC=C(C=C1)C(C2=CC=C(C=C2)OC)(C3=CC=C(C=C3)OC)Cl,5.637,ACN,0,CC#N
"4,4'-Dihydroxybiphenyl",C1=CC(=CC=C1C2=CC=C(C=C2)O)O,4.349,ACN,0,CC#N
"4,4'-Dimethoxybenzophenone",COC1=CC=C(C=C1)C(=O)C2=CC=C(C=C2)OC,5.198,ACN,0,CC#N
"4,4?,4??-(1,3,5-TRIAZINE-2,4,6-TRIYL)TRIBENZALDEHYDE",C1=CC(=CC=C1C=O)C2=NC(=NC(=N2)C3=CC=C(C=C3)C=O)C4=CC=C(C=C4)C=O,5.079,ACN,0,CC#N
4-(Bromomethyl)benzoic_acid,C1=CC(=CC=C1CBr)C(=O)O,4.519,ACN,0,CC#N
4-(Hydroxymethyl)phenylacetic-acid,C1=CC(=CC=C1CC(=O)O)CO,5.497,ACN,1,CC#N
4-(Trifluoroacetyl)phenacyl-bromide,C1=CC(=CC=C1C(=O)CBr)C(=O)C(F)(F)F,4.658,ACN,1,CC#N
4-(Trifluoromethyl)benzylamine,C1=CC(=CC=C1CN)C(F)(F)F,3.315,ACN,1,CC#N
"4-Bromo-3,5-dimethoxybenzoic acid",COC1=CC(=CC(=C1Br)OC)C(=O)O,4.615,ACN,0,CC#N
4-Bromo-L-phenylalanine,C1=CC(=CC=C1C[C@@H](C(=O)O)N)Br,0.0,ACN,0,CC#N
4-Chlorobenzenesulfonic_acid,C1=CC(=CC=C1S(=O)(=O)O)Cl,2.148,ACN,1,CC#N
4-Chloropyridine-3-carboxylic_acid,C1=CN=CC(=C1Cl)C(=O)O,1.342,ACN,0,CC#N
"4-Hydroxy-3,5-diiodobenzoic acid",C1=C(C=C(C(=C1I)O)I)C(=O)O,4.482,ACN,0,CC#N
4-Hydroxyphthalic_acid,C1=CC(=C(C=C1O)C(=O)O)C(=O)O,1.768,ACN,0,CC#N
4-Methoxybiphenyl,COC1=CC=C(C=C1)C2=CC=CC=C2,5.52,ACN,1,CC#N
4-Methoxytriphenylamine,COC1=CC=C(C=C1)N(C2=CC=CC=C2)C3=CC=CC=C3,5.874,ACN,0,CC#N
4-tert-Butylbenzoyl_chloride,CC(C)(C)C1=CC=C(C=C1)C(=O)Cl,4.945,ACN,1,CC#N
"5,7-Dimethyl-[1,2,4]triazolo[1,5-a]pyrimidine-2-carboxylic acid",CC1=CC(=NC2=NC(=NN12)C(=O)O)C,0.0,ACN,0,CC#N
5-(Trifluoromethyl)indole,C1=CC2=C(C=CN2)C=C1C(F)(F)F,5.318,ACN,1,CC#N
5-(Trifluoromethyl)pyridine-2-carboxaldehyde,C1=CC(=NC=C1C(F)(F)F)C=O,3.624,ACN,1,CC#N
5-Bromo-2-furoic_acid,C1=C(OC(=C1)Br)C(=O)O,3.206,ACN,1,CC#N
5-Bromo-2-phenylpyridine,C1=CC=C(C=C1)C2=NC=C(C=C2)Br,5.416,ACN,1,CC#N
"6,6'-Dibromo-1,1'-bi-2-naphthol",C1=CC2=C(C=CC(=C2C3=C(C=CC4=C3C=CC(=C4)Br)O)O)C=C1Br,5.583,ACN,1,CC#N
8-Isoquinolinecarboxaldehyde,C1=CC2=C(C=NC=C2)C(=C1)C=O,4.702,ACN,0,CC#N
Allyl-alpha-D-glucopyranoside,C=CCO[C@@H]1[C@@H]([C@H]([C@@H]([C@H](O1)CO)O)O)O,0.0,ACN,0,CC#N
Aniline-2-sulfonic_acid,C1=CC=C(C(=C1)N)S(=O)(=O)O,0.0,ACN,0,CC#N
Bis(diphenylphosphino)methane,C1=CC=C(C=C1)P(CP(C2=CC=CC=C2)C3=CC=CC=C3)C4=CC=CC=C4,6.087,ACN,0,CC#N
DL-beta-Phenylalanine,C1=CC=C(C=C1)C(CC(=O)O)N,0.0,ACN,0,CC#N
Di-tert-butylcyclopentadiene,CC(C)(C)C1C=CC(=C1)C(C)(C)C,4.495,ACN,1,CC#N
Dibenzyl-malonate,C1=CC=C(C=C1)COC(=O)CC(=O)OCC2=CC=CC=C2,5.438,ACN,1,CC#N
Dibromomaleic-acid,C(=C(\C(=O)O)/Br)(\C(=O)O)/Br,2.41,ACN,1,CC#N
Diethyl 4-Methoxyphenylphosphonate,CCOP(=O)(C1=CC=C(C=C1)OC)OCC,5.367,ACN,1,CC#N
Diethyl_dibutylmalonate,CCCCC(CCCC)(C(=O)OCC)C(=O)OCC,5.916,ACN,1,CC#N
Diethyl_phenylmalonate,CCOC(=O)C(C1=CC=CC=C1)C(=O)OCC,5.198,ACN,1,CC#N
"Dimethyl 1,3-cyclohexadiene-1,4-dicarboxylate",COC(=O)C1=CC=C(CC1)C(=O)OC,5.562,ACN,0,CC#N
"Dimethyl 2,2'-bipyridine-4,4'-dicarboxylate",COC(=O)C1=CC(=NC=C1)C2=NC=CC(=C2)C(=O)OC,4.999,ACN,0,CC#N
Dimethyl-propargylmalonate,COC(=O)C(CC#C)C(=O)OC,4.303,ACN,1,CC#N
Ethyl 2-cyclohexanoneacetate,CCOC(=O)CC1CCCCC1=O,4.504,ACN,1,CC#N
Ethyl 3-thiopheneacetate,CCOC(=O)CC1=CSC=C1,4.873,ACN,1,CC#N
"Ethyl 4,4,4-trifluoroacetoacetate",CCOC(=O)CC(=O)C(F)(F)F,3.766,ACN,1,CC#N
Ethyl mesitylglyoxylate,CCOC(=O)C(=O)C1=C(C=C(C=C1C)C)C,4.246,ACN,1,CC#N
Ethyl-3-oxohexanoate,CCCC(=O)CC(=O)OCC,4.475,ACN,1,CC#N
Ethyl-4-bromocrotonate,CCOC(=O)/C=C/CBr,4.813,ACN,1,CC#N
Ethyl-4-iodobenzoate,CCOC(=O)C1=CC=C(C=C1)I,5.45,ACN,1,CC#N
FMOC-D-ORN(ALOC)-OH,C=CCOC(=O)NCCC[C@H](C(=O)O)NC(=O)OCC1C2=CC=CC=C2C3=CC=CC=C13,5.026,ACN,0,CC#N
Flavanone,C1C(OC2=CC=CC=C2C1=O)C3=CC=CC=C3,5.282,ACN,1,CC#N
Flufenamic-acid,C1=CC=C(C(=C1)C(=O)O)NC2=CC=CC(=C2)C(F)(F)F,5.47,ACN,1,CC#N
Hematein,C1C2=CC(=C(C=C2C3=C4C=CC(=O)C(=C4OCC31O)O)O)O,4.551,ACN,0,CC#N
METHYL 2-PHTHALIMIDOACETATE,COC(=O)CN1C(=O)C2=CC=CC=C2C1=O,4.468,ACN,1,CC#N
"Methyl 6-oxo-1,6-dihydropyridine-2-carboxylate",COC(=O)C1=CC=CC(=O)N1,2.625,ACN,1,CC#N
"Methyl-2,6-dimethoxybenzoate",COC1=C(C(=CC=C1)OC)C(=O)OC,4.622,ACN,1,CC#N
Methyl-3-bromo-4-iodobenzoate,COC(=O)C1=CC(=C(C=C1)I)Br,5.478,ACN,1,CC#N
"Methyl-6-Oxo-1,6-dihydropyridazine-3-carboxylate",COC(=O)C1=NNC(=O)C=C1,2.019,ACN,0,CC#N
Methyl-diethylphosphonoacetate,CCOP(=O)(CC(=O)OC)OCC,3.649,ACN,1,CC#N
N(im)-Trityl-L-histidine,C1=CC=C(C=C1)C(C2=CC=CC=C2)(C3=CC=CC=C3)N4C=C(N=C4)C[C@@H](C(=O)O)N,4.144,ACN,0,CC#N
"N,N-Dimethyl-L-phenylalanine",CN(C)[C@@H](CC1=CC=CC=C1)C(=O)O,1.754,ACN,0,CC#N
N-Acetyl-L-tryptophan,CC(=O)N[C@@H](CC1=CNC2=CC=CC=C21)C(=O)O,3.804,ACN,0,CC#N
N-Benzylidenebenzylamine,C1=CC=C(C=C1)CN=CC2=CC=CC=C2,4.253,ACN,1,CC#N
N-Phthaloylglycine,C1=CC=C2C(=C1)C(=O)N(C2=O)CC(=O)O,3.537,ACN,1,CC#N
"N-[(1,1-Dimethylethoxy)carbonyl]-L-histidine methyl_ester",CC(C)(C)OC(=O)N[C@@H](CC1=CN=CN1)C(=O)OC,3.194,ACN,0,CC#N
N-[(Phenylmethoxy)carbonyl]-O-(phenylmethyl)-L-serine_,C1=CC=C(C=C1)COC[C@@H](C(=O)O)NC(=O)OCC2=CC=CC=C2,4.91,ACN,1,CC#N
"N6-[(1,1-Dimethylethoxy)carbonyl]-N2-[(9H-fluoren-9-ylmethoxy)carbonyl]-2-methyl-D-lysine",C[C@@](CCCCNC(=O)OC(C)(C)C)(C(=O)O)NC(=O)OCC1C2=CC=CC=C2C3=CC=CC=C13,5.359,ACN,1,CC#N
"N6-[(1,1-Dimethylethoxy)carbonyl]-N2-[(phenylmethoxy)carbonyl]-L-lysine",CC(C)(C)OC(=O)NCCCC[C@@H](C(=O)O)NC(=O)OCC1=CC=CC=C1,4.837,ACN,1,CC#N
Nalpha-[(9H-Fluoren-9-ylmethoxy)carbonyl]-L-threonine tert-Butyl-Ester,C[C@H]([C@@H](C(=O)OC(C)(C)C)NC(=O)OCC1C2=CC=CC=C2C3=CC=CC=C13)O,5.403,ACN,1,CC#N
Phenyl-benzoate,C1=CC=C(C=C1)C(=O)OC2=CC=CC=C2,5.429,ACN,1,CC#N
Pindolol,CC(C)NCC(COC1=CC=CC2=C1C=CN2)O,3.378,ACN,0,CC#N
Protocatechuic_acid,C1=CC(=C(C=C1C(=O)O)O)O,2.706,ACN,1,CC#N
Suberic_acid_monomethyl_ester,COC(=O)CCCCCCC(=O)O,4.178,ACN,0,CC#N
Z-D-Glu-OBzl,C1=CC=C(C=C1)COC(=O)[C@@H](CCC(=O)O)NC(=O)OCC2=CC=CC=C2,4.963,ACN,0,CC#N
Z-D-Phg-OH,C1=CC=C(C=C1)COC(=O)N[C@H](C2=CC=CC=C2)C(=O)O,4.698,ACN,0,CC#N
"meso-1,2-Dibromo-1,2-diphenylethane",C1=CC=C(C=C1)C(C(C2=CC=CC=C2)Br)Br,5.646,ACN,0,CC#N
mono-tert-Butyl_succinate,CC(C)(C)OC(=O)CCC(=O)O,4.07,ACN,1,CC#N
pentafluorobenzyl-bromide,C(C1=C(C(=C(C(=C1F)F)F)F)F)Br,3.384,ACN,1,CC#N
"trans-1,2-Bis(phenylsulfonyl)ethylene",C1=CC=C(C=C1)S(=O)(=O)/C=C/S(=O)(=O)C2=CC=CC=C2,5.132,ACN,0,CC#N
trans-4-(9-Fluorenylmethyloxycarbonylaminomethyl)-cyclohexanoic_acid,C1CC(CCC1CNC(=O)OCC2C3=CC=CC=C3C4=CC=CC=C24)C(=O)O,5.095,ACN,0,CC#N
trans-Aconitic-acid,C(/C(=C\C(=O)O)/C(=O)O)C(=O)O,0.0,ACN,1,CC#N
(1-BROMOETHYL)BENZENE,CC(C1=CC=CC=C1)Br,0.0,ACN,1,CC#N
"(2,6-Dioxo-piperidin-4-yl)-acetic_acid",C1C(CC(=O)NC1=O)CC(=O)O,3.569,ACN,0,CC#N
(2-BENZYLOXYCARBONYLAMINO-ACETYLAMINO)-ACETIC_ACID,C1=CC=C(C=C1)COC(=O)NCC(=O)NCC(=O)O,0.0,ACN,0,CC#N
(2S)-2-{[(9H-fluoren-9-ylmethoxy)carbonyl]amino}-4-hydroxybutanoic acid,C1=CC=C2C(=C1)C(C3=CC=CC=C32)COC(=O)N[C@@H](CCO)C(=O)O,3.732,ACN,0,CC#N
"(2S,5S)-1-Hydroxy-2,5-diphenylphospholane 1-oxide",C1C[C@H](P(=O)([C@@H]1C2=CC=CC=C2)O)C3=CC=CC=C3,0.0,ACN,0,CC#N
"(?S)-4-(1,1-Dimethylethoxy)-?-[[(9H-fluoren-9-ylmethoxy)carbonyl]amino]benzenebutanoic_acid",CC(C)(C)OC1=CC=C(C=C1)CC[C@@H](C(=O)O)NC(=O)OCC2C3=CC=CC=C3C4=CC=CC=C24,6.277,ACN,0,CC#N
(R)-(-)-2-Methoxy-2-phenylethanol,CO[C@@H](CO)C1=CC=CC=C1,4.365,ACN,1,CC#N
"(S)-(-)-2-Amino-3-methyl-1,1-diphenyl-1-butanol",CC(C)[C@@H](C(C1=CC=CC=C1)(C2=CC=CC=C2)O)N,3.014,ACN,1,CC#N
(S)-Benzyl 2-(((S)-1-methoxy-4-methyl-1-oxopentan-2-yl)carbamoyl)pyrrolidine-1-carboxylate,CC(C)C[C@@H](C(=O)OC)NC(=O)[C@@H]1CCCN1C(=O)OCC2=CC=CC=C2,5.47,ACN,1,CC#N
"1,1,1-Tris(4-hydroxyphenyl)ethane",CC(C1=CC=C(C=C1)O)(C2=CC=C(C=C2)O)C3=CC=C(C=C3)O,5.602,ACN,1,CC#N
"1,1,3-Triphenylpropargyl alcohol",C1=CC=C(C=C1)C#CC(C2=CC=CC=C2)(C3=CC=CC=C3)O,6.401,ACN,1,CC#N
"1,2-Bis(4-hydroxyphenyl)ethane-1,2-dione",C1=CC(=CC=C1C(=O)C(=O)C2=CC=C(C=C2)O)O,5.685,ACN,0,CC#N
"1,3-Bis(trifluoromethyl)-5-bromobenzene",C1=C(C=C(C=C1C(F)(F)F)Br)C(F)(F)F,6.506,ACN,1,CC#N
"1,3-Butanediol-diacrylate",CC(CCOC(=O)C=C)OC(=O)C=C,5.31,ACN,1,CC#N
"1,3-Dimethyl 2-[(4-methoxyphenyl)methylene]propanedioate",COC1=CC=C(C=C1)C=C(C(=O)OC)C(=O)OC,5.496,ACN,1,CC#N
"1,3-Diphenylacetone_p-tosylhydrazone",CC1=CC=C(C=C1)S(=O)(=O)NN=C(CC2=CC=CC=C2)CC3=CC=CC=C3,6.301,ACN,0,CC#N
"1,4-Bis(bromomethyl)-2,3,5,6-tetrafluorobenzene_",C(C1=C(C(=C(C(=C1F)F)CBr)F)F)Br,6.311,ACN,0,CC#N
"1,4-Cyclohexanedicarboxylic-acid",C1CC(CCC1C(=O)O)C(=O)O,5.063,ACN,0,CC#N
"1,4-Dibromo-2,3-butanedione",C(C(=O)C(=O)CBr)Br,4.258,ACN,1,CC#N
1-(4-Biphenyl)-1-ethanol,CC(C1=CC=C(C=C1)C2=CC=CC=C2)O,5.763,ACN,1,CC#N
"1-(9H-Fluoren-9-ylmethyl) (2S,4S)-4-[[(1,1-dimethylethoxy)carbonyl]amino]-1,2-pyrrolidinedicarboxylate_",CC(C)(C)OC(=O)N[C@H]1C[C@H](N(C1)C(=O)OCC2C3=CC=CC=C3C4=CC=CC=C24)C(=O)O,0.0,ACN,0,CC#N
1-(tert-Butoxycarbonyl)-4-[(9H-fluoren-9-ylmethoxy)carbonyl]-2-piperazinecarboxylic_acid,CC(C)(C)OC(=O)N1CCN(CC1C(=O)O)C(=O)OCC2C3=CC=CC=C3C4=CC=CC=C24,0.0,ACN,0,CC#N
1-BROMO-3-METHYLBUTANE,CC(C)CCBr,6.308,ACN,1,CC#N
1-Benzofuran-5-carboxylic_acid,C1=CC2=C(C=CO2)C=C1C(=O)O,0.0,ACN,0,CC#N
1-Benzylpiperidine,C1CCN(CC1)CC2=CC=CC=C2,0.0,ACN,1,CC#N
1-Bromo-4-(trifluoromethoxy)benzene,C1=CC(=CC=C1OC(F)(F)F)Br,6.395,ACN,1,CC#N
1-Bromopentanemethylbenzene,CC1=C(C(=C(C(=C1C)C)Br)C)C,0.0,ACN,0,CC#N
1-Phenyl-5-(trifluoromethyl)-1H-pyrazole-4-carboxylic_acid,C1=CC=C(C=C1)N2C(=C(C=N2)C(=O)O)C(F)(F)F,6.759,ACN,1,CC#N
1-Pyrenemethanol,C1=CC2=C3C(=C1)C=CC4=C(C=CC(=C43)C=C2)CO,6.426,ACN,0,CC#N
"1-Tosyl-2,5-dihydro-1H-pyrrole",CC1=CC=C(C=C1)S(=O)(=O)N2CC=CC2,5.458,ACN,1,CC#N
"2,2"",4,4""-Tetramethylbenzophenone",CC1=CC(=C(C=C1)C(=O)C2=C(C=C(C=C2)C)C)C,0.0,ACN,1,CC#N
"2,2,2-TRIFLUOROACETOPHENONE",C1=CC=C(C=C1)C(=O)C(F)(F)F,4.892,ACN,1,CC#N
"2,3,4-Trifluorobenzoic acid",C1=CC(=C(C(=C1C(=O)O)F)F)F,0.0,ACN,1,CC#N
"2,3,6,7,10,11-Hexamethoxytriphenylene",COC1=C(C=C2C(=C1)C3=CC(=C(C=C3C4=CC(=C(C=C24)OC)OC)OC)OC)OC,6.081,ACN,0,CC#N
"2,4,6-Tris(bromomethyl)mesitylene",CC1=C(C(=C(C(=C1CBr)C)CBr)C)CBr,6.749,ACN,0,CC#N
"2,4-Dichlorophenol",C1=CC(=C(C=C1Cl)Cl)O,6.191,ACN,1,CC#N
"2,6-Bis[(4S)-4-phenyl-2-oxazolinyl]pyridine",C1[C@@H](N=C(O1)C2=NC(=CC=C2)C3=N[C@H](CO3)C4=CC=CC=C4)C5=CC=CC=C5,5.752,ACN,0,CC#N
"2,6-Dichloroiodobenzene",C1=CC(=C(C(=C1)Cl)I)Cl,6.749,ACN,1,CC#N
"2,6-Diisopropylphenol",CC(C)C1=C(C(=CC=C1)C(C)C)O,6.456,ACN,1,CC#N
"2,6-Dimethoxy-1,4-benzoquinone",COC1=CC(=O)C=C(C1=O)OC,3.784,ACN,0,CC#N
"2,6-Dimethoxybenzoyl_chloride",COC1=C(C(=CC=C1)OC)C(=O)Cl,0.0,ACN,0,CC#N
2-(3-Chlorophenoxy)propionic-acid,CC(C(=O)O)OC1=CC(=CC=C1)Cl,0.0,ACN,1,CC#N
2-(4-Chlorobenzoyl)benzoic_acid,C1=CC=C(C(=C1)C(=O)C2=CC=C(C=C2)Cl)C(=O)O,0.0,ACN,0,CC#N
2-(Diphenylphosphino)benzoic-acid,C1=CC=C(C=C1)P(C2=CC=CC=C2)C3=CC=CC=C3C(=O)O,0.0,ACN,0,CC#N
2-(Trifluoromethyl)pyridine-4-carboxylic_acid,C1=CN=C(C=C1C(=O)O)C(F)(F)F,0.0,ACN,1,CC#N
2-Amino-4-phenylphenol,C1=CC=C(C=C1)C2=CC(=C(C=C2)O)N,4.969,ACN,0,CC#N
2-Amino-6-bromopyridine,C1=CC(=NC(=C1)Br)N,4.595,ACN,1,CC#N
2-Benzyloxybenzoic_acid ,C1=CC=C(C=C1)COC2=CC=CC=C2C(=O)O,6.665,ACN,1,CC#N
"2-Bromo-2',6'-diisopropoxy-1,1'-biphenyl",CC(C)OC1=C(C(=CC=C1)OC(C)C)C2=CC=CC=C2Br,0.0,ACN,1,CC#N
2-Bromo-5-(trifluoromethyl)benzaldehyde,C1=CC(=C(C=C1C(F)(F)F)C=O)Br,6.015,ACN,1,CC#N
2-Bromo-5-chlorotoluene,CC1=C(C=CC(=C1)Cl)Br,6.784,ACN,1,CC#N
2-Bromoanthraquinone,C1=CC=C2C(=C1)C(=O)C3=C(C2=O)C=C(C=C3)Br,0.0,ACN,0,CC#N
2-Bromonaphthalen-1-ol,C1=CC=C2C(=C1)C=CC(=C2O)Br,6.324,ACN,1,CC#N
2-Bromophenethylamine,C1=CC=C(C(=C1)CCN)Br,0.0,ACN,1,CC#N
2-Bromotoluene,CC1=CC=CC=C1Br,6.386,ACN,1,CC#N
2-Hydroxy-4-(trifluoromethyl)aniline,C1=CC(=C(C=C1C(F)(F)F)O)N,5.296,ACN,0,CC#N
2-Iodobenzaldehyde,C1=CC=C(C(=C1)C=O)I,5.768,ACN,1,CC#N
2-Iodobenzyl_bromide,C1=CC=C(C(=C1)CBr)I,6.329,ACN,0,CC#N
2-Iodopyridine,C1=CC=NC(=C1)I,4.887,ACN,1,CC#N
2-Isopropylthioxanthone,CC(C)C1=CC2=C(C=C1)SC3=CC=CC=C3C2=O,0.0,ACN,0,CC#N
"2-Methyl-5-(trifluoromethyl)-1,3-benzoxazole",CC1=NC2=C(O1)C=CC(=C2)C(F)(F)F,5.575,ACN,1,CC#N
"3,3-Dimethyl-1-indanone",CC1(CC(=O)C2=CC=CC=C21)C,5.447,ACN,1,CC#N
"3,4,5-TRIBROMO-1H-PYRAZOLE",C1(=C(NN=C1Br)Br)Br,6.39,ACN,1,CC#N
"3,4,7,8-Tetramethyl-1,10-phenanthroline",CC1=CN=C2C(=C1C)C=CC3=C(C(=CN=C32)C)C,3.501,ACN,0,CC#N
"3,5-Di-tert-butylbenzoic acid",CC(C)(C)C1=CC(=CC(=C1)C(=O)O)C(C)(C)C,0.0,ACN,1,CC#N
"3,5-Dibromotoluene",CC1=CC(=CC(=C1)Br)Br,0.0,ACN,1,CC#N
"3,5-Dimethylbenzoyl_chloride",CC1=CC(=CC(=C1)C(=O)Cl)C,0.0,ACN,1,CC#N
"3,6-Dimethoxy-9H-carbazole",COC1=CC2=C(C=C1)NC3=C2C=C(C=C3)OC,5.86,ACN,1,CC#N
3-(2-Naphthyl)acrylic_acid,C1=CC=C2C=C(C=CC2=C1)/C=C/C(=O)O,0.0,ACN,0,CC#N
3-(Phenylthio)propanoic-acid,C1=CC=C(C=C1)SCCC(=O)O,0.0,ACN,1,CC#N
3-(tert-Butoxycarbonyl)benzoic_acid,CC(C)(C)OC(=O)C1=CC=CC(=C1)C(=O)O,0.0,ACN,0,CC#N
3-Bromobenzoyl_chloride,C1=CC(=CC(=C1)Br)C(=O)Cl,0.0,ACN,1,CC#N
3-Bromopropionyl_chloride,C(CBr)C(=O)Cl,0.0,ACN,1,CC#N
3-Chloro-4-methoxyaniline,COC1=C(C=C(C=C1)N)Cl,3.349,ACN,1,CC#N
3-[[(9H-Fluoren-9-ylmethoxy)carbonyl]amino]-2-naphthalenecarboxylic acid,C1=CC=C2C=C(C(=CC2=C1)C(=O)O)NC(=O)OCC3C4=CC=CC=C4C5=CC=CC=C35,5.672,ACN,0,CC#N
"4,4',4''-Trimethoxytrityl chloride",COC1=CC=C(C=C1)C(C2=CC=C(C=C2)OC)(C3=CC=C(C=C3)OC)Cl,6.038,ACN,0,CC#N
"4,4'-Dihydroxybiphenyl",C1=CC(=CC=C1C2=CC=C(C=C2)O)O,5.345,ACN,0,CC#N
"4,4'-Dimethoxybenzophenone",COC1=CC=C(C=C1)C(=O)C2=CC=C(C=C2)OC,5.848,ACN,0,CC#N
"4,4?,4??-(1,3,5-TRIAZINE-2,4,6-TRIYL)TRIBENZALDEHYDE",C1=CC(=CC=C1C=O)C2=NC(=NC(=N2)C3=CC=C(C=C3)C=O)C4=CC=C(C=C4)C=O,5.916,ACN,0,CC#N
4-(Bromomethyl)benzoic_acid,C1=CC(=CC=C1CBr)C(=O)O,0.0,ACN,0,CC#N
4-(Hydroxymethyl)phenylacetic-acid,C1=CC(=CC=C1CC(=O)O)CO,4.948,ACN,1,CC#N
4-(Trifluoroacetyl)phenacyl-bromide,C1=CC(=CC=C1C(=O)CBr)C(=O)C(F)(F)F,5.209,ACN,1,CC#N
4-(Trifluoromethyl)benzylamine,C1=CC(=CC=C1CN)C(F)(F)F,0.0,ACN,1,CC#N
"4-Bromo-3,5-dimethoxybenzoic acid",COC1=CC(=CC(=C1Br)OC)C(=O)O,0.0,ACN,0,CC#N
4-Bromo-L-phenylalanine,C1=CC(=CC=C1C[C@@H](C(=O)O)N)Br,3.583,ACN,0,CC#N
4-Chlorobenzenesulfonic_acid,C1=CC(=CC=C1S(=O)(=O)O)Cl,0.0,ACN,1,CC#N
4-Chloropyridine-3-carboxylic_acid,C1=CN=CC(=C1Cl)C(=O)O,2.319,ACN,0,CC#N
"4-Hydroxy-3,5-diiodobenzoic acid",C1=C(C=C(C(=C1I)O)I)C(=O)O,0.0,ACN,0,CC#N
4-Hydroxyphthalic_acid,C1=CC(=C(C=C1O)C(=O)O)C(=O)O,0.0,ACN,0,CC#N
4-Methoxybiphenyl,COC1=CC=C(C=C1)C2=CC=CC=C2,6.312,ACN,1,CC#N
4-Methoxytriphenylamine,COC1=CC=C(C=C1)N(C2=CC=CC=C2)C3=CC=CC=C3,0.0,ACN,0,CC#N
4-tert-Butylbenzoyl_chloride,CC(C)(C)C1=CC=C(C=C1)C(=O)Cl,0.0,ACN,1,CC#N
"5,7-Dimethyl-[1,2,4]triazolo[1,5-a]pyrimidine-2-carboxylic acid",CC1=CC(=NC2=NC(=NN12)C(=O)O)C,0.0,ACN,0,CC#N
5-(Trifluoromethyl)indole,C1=CC2=C(C=CN2)C=C1C(F)(F)F,6.048,ACN,1,CC#N
5-(Trifluoromethyl)pyridine-2-carboxaldehyde,C1=CC(=NC=C1C(F)(F)F)C=O,0.0,ACN,1,CC#N
5-Bromo-2-furoic_acid,C1=C(OC(=C1)Br)C(=O)O,0.0,ACN,1,CC#N
5-Bromo-2-phenylpyridine,C1=CC=C(C=C1)C2=NC=C(C=C2)Br,6.401,ACN,1,CC#N
"6,6'-Dibromo-1,1'-bi-2-naphthol",C1=CC2=C(C=CC(=C2C3=C(C=CC4=C3C=CC(=C4)Br)O)O)C=C1Br,6.717,ACN,1,CC#N
8-Isoquinolinecarboxaldehyde,C1=CC2=C(C=NC=C2)C(=C1)C=O,3.313,ACN,0,CC#N
Allyl-alpha-D-glucopyranoside,C=CCO[C@@H]1[C@@H]([C@H]([C@@H]([C@H](O1)CO)O)O)O,1.204,ACN,0,CC#N
Aniline-2-sulfonic_acid,C1=CC=C(C(=C1)N)S(=O)(=O)O,6.718,ACN,0,CC#N
Bis(diphenylphosphino)methane,C1=CC=C(C=C1)P(CP(C2=CC=CC=C2)C3=CC=CC=C3)C4=CC=CC=C4,0.0,ACN,0,CC#N
DL-beta-Phenylalanine,C1=CC=C(C=C1)C(CC(=O)O)N,1.658,ACN,0,CC#N
Di-tert-butylcyclopentadiene,CC(C)(C)C1C=CC(=C1)C(C)(C)C,0.0,ACN,1,CC#N
Dibenzyl-malonate,C1=CC=C(C=C1)COC(=O)CC(=O)OCC2=CC=CC=C2,5.942,ACN,1,CC#N
Dibromomaleic-acid,C(=C(\C(=O)O)/Br)(\C(=O)O)/Br,0.0,ACN,1,CC#N
Diethyl 4-Methoxyphenylphosphonate,CCOP(=O)(C1=CC=C(C=C1)OC)OCC,4.853,ACN,1,CC#N
Diethyl_dibutylmalonate,CCCCC(CCCC)(C(=O)OCC)C(=O)OCC,0.0,ACN,1,CC#N
Diethyl_phenylmalonate,CCOC(=O)C(C1=CC=CC=C1)C(=O)OCC,5.921,ACN,1,CC#N
"Dimethyl 1,3-cyclohexadiene-1,4-dicarboxylate",COC(=O)C1=CC=C(CC1)C(=O)OC,5.288,ACN,0,CC#N
"Dimethyl 2,2'-bipyridine-4,4'-dicarboxylate",COC(=O)C1=CC(=NC=C1)C2=NC=CC(=C2)C(=O)OC,5.764,ACN,0,CC#N
Dimethyl-propargylmalonate,COC(=O)C(CC#C)C(=O)OC,0.0,ACN,1,CC#N
Ethyl 2-cyclohexanoneacetate,CCOC(=O)CC1CCCCC1=O,5.042,ACN,1,CC#N
Ethyl 3-thiopheneacetate,CCOC(=O)CC1=CSC=C1,5.455,ACN,1,CC#N
"Ethyl 4,4,4-trifluoroacetoacetate",CCOC(=O)CC(=O)C(F)(F)F,4.325,ACN,1,CC#N
Ethyl mesitylglyoxylate,CCOC(=O)C(=O)C1=C(C=C(C=C1C)C)C,6.07,ACN,1,CC#N
Ethyl-3-oxohexanoate,CCCC(=O)CC(=O)OCC,4.983,ACN,1,CC#N
Ethyl-4-bromocrotonate,CCOC(=O)/C=C/CBr,5.389,ACN,1,CC#N
Ethyl-4-iodobenzoate,CCOC(=O)C1=CC=C(C=C1)I,6.432,ACN,1,CC#N
FMOC-D-ORN(ALOC)-OH,C=CCOC(=O)NCCC[C@H](C(=O)O)NC(=O)OCC1C2=CC=CC=C2C3=CC=CC=C13,0.0,ACN,0,CC#N
Flavanone,C1C(OC2=CC=CC=C2C1=O)C3=CC=CC=C3,5.947,ACN,1,CC#N
Flufenamic-acid,C1=CC=C(C(=C1)C(=O)O)NC2=CC=CC(=C2)C(F)(F)F,0.0,ACN,1,CC#N
Hematein,C1C2=CC(=C(C=C2C3=C4C=CC(=O)C(=C4OCC31O)O)O)O,5.585,ACN,0,CC#N
METHYL 2-PHTHALIMIDOACETATE,COC(=O)CN1C(=O)C2=CC=CC=C2C1=O,5.872,ACN,1,CC#N
"Methyl 6-oxo-1,6-dihydropyridine-2-carboxylate",COC(=O)C1=CC=CC(=O)N1,3.265,ACN,1,CC#N
"Methyl-2,6-dimethoxybenzoate",COC1=C(C(=CC=C1)OC)C(=O)OC,4.99,ACN,1,CC#N
Methyl-3-bromo-4-iodobenzoate,COC(=O)C1=CC(=C(C=C1)I)Br,6.546,ACN,1,CC#N
"Methyl-6-Oxo-1,6-dihydropyridazine-3-carboxylate",COC(=O)C1=NNC(=O)C=C1,3.114,ACN,0,CC#N
Methyl-diethylphosphonoacetate,CCOP(=O)(CC(=O)OC)OCC,3.921,ACN,1,CC#N
N(im)-Trityl-L-histidine,C1=CC=C(C=C1)C(C2=CC=CC=C2)(C3=CC=CC=C3)N4C=C(N=C4)C[C@@H](C(=O)O)N,4.065,ACN,0,CC#N
"N,N-Dimethyl-L-phenylalanine",CN(C)[C@@H](CC1=CC=CC=C1)C(=O)O,2.647,ACN,0,CC#N
N-Acetyl-L-tryptophan,CC(=O)N[C@@H](CC1=CNC2=CC=CC=C21)C(=O)O,0.0,ACN,0,CC#N
N-Benzylidenebenzylamine,C1=CC=C(C=C1)CN=CC2=CC=CC=C2,4.87,ACN,1,CC#N
N-Phthaloylglycine,C1=CC=C2C(=C1)C(=O)N(C2=O)CC(=O)O,0.0,ACN,1,CC#N
"N-[(1,1-Dimethylethoxy)carbonyl]-L-histidine methyl_ester",CC(C)(C)OC(=O)N[C@@H](CC1=CN=CN1)C(=O)OC,0.0,ACN,0,CC#N
N-[(Phenylmethoxy)carbonyl]-O-(phenylmethyl)-L-serine_,C1=CC=C(C=C1)COC[C@@H](C(=O)O)NC(=O)OCC2=CC=CC=C2,0.0,ACN,1,CC#N
"N6-[(1,1-Dimethylethoxy)carbonyl]-N2-[(9H-fluoren-9-ylmethoxy)carbonyl]-2-methyl-D-lysine",C[C@@](CCCCNC(=O)OC(C)(C)C)(C(=O)O)NC(=O)OCC1C2=CC=CC=C2C3=CC=CC=C13,6.201,ACN,1,CC#N
"N6-[(1,1-Dimethylethoxy)carbonyl]-N2-[(phenylmethoxy)carbonyl]-L-lysine",CC(C)(C)OC(=O)NCCCC[C@@H](C(=O)O)NC(=O)OCC1=CC=CC=C1,0.0,ACN,1,CC#N
Nalpha-[(9H-Fluoren-9-ylmethoxy)carbonyl]-L-threonine tert-Butyl-Ester,C[C@H]([C@@H](C(=O)OC(C)(C)C)NC(=O)OCC1C2=CC=CC=C2C3=CC=CC=C13)O,6.179,ACN,1,CC#N
Phenyl-benzoate,C1=CC=C(C=C1)C(=O)OC2=CC=CC=C2,6.129,ACN,1,CC#N
Pindolol,CC(C)NCC(COC1=CC=CC2=C1C=CN2)O,0.0,ACN,0,CC#N
Protocatechuic_acid,C1=CC(=C(C=C1C(=O)O)O)O,4.331,ACN,1,CC#N
Suberic_acid_monomethyl_ester,COC(=O)CCCCCCC(=O)O,5.205,ACN,0,CC#N
Z-D-Glu-OBzl,C1=CC=C(C=C1)COC(=O)[C@@H](CCC(=O)O)NC(=O)OCC2=CC=CC=C2,6.478,ACN,0,CC#N
Z-D-Phg-OH,C1=CC=C(C=C1)COC(=O)N[C@H](C2=CC=CC=C2)C(=O)O,0.0,ACN,0,CC#N
"meso-1,2-Dibromo-1,2-diphenylethane",C1=CC=C(C=C1)C(C(C2=CC=CC=C2)Br)Br,6.378,ACN,0,CC#N
mono-tert-Butyl_succinate,CC(C)(C)OC(=O)CCC(=O)O,5.562,ACN,1,CC#N
pentafluorobenzyl-bromide,C(C1=C(C(=C(C(=C1F)F)F)F)F)Br,6.149,ACN,1,CC#N
"trans-1,2-Bis(phenylsulfonyl)ethylene",C1=CC=C(C=C1)S(=O)(=O)/C=C/S(=O)(=O)C2=CC=CC=C2,5.493,ACN,0,CC#N
trans-4-(9-Fluorenylmethyloxycarbonylaminomethyl)-cyclohexanoic_acid,C1CC(CCC1CNC(=O)OCC2C3=CC=CC=C3C4=CC=CC=C24)C(=O)O,6.639,ACN,0,CC#N
trans-Aconitic-acid,C(/C(=C\C(=O)O)/C(=O)O)C(=O)O,0.0,ACN,1,CC#N
(1-BROMOETHYL)BENZENE,CC(C1=CC=CC=C1)Br,5.717,ACN,1,CC#N
"(2,6-Dioxo-piperidin-4-yl)-acetic_acid",C1C(CC(=O)NC1=O)CC(=O)O,0.0,ACN,0,CC#N
(2-BENZYLOXYCARBONYLAMINO-ACETYLAMINO)-ACETIC_ACID,C1=CC=C(C=C1)COC(=O)NCC(=O)NCC(=O)O,3.685,ACN,0,CC#N
(2S)-2-{[(9H-fluoren-9-ylmethoxy)carbonyl]amino}-4-hydroxybutanoic acid,C1=CC=C2C(=C1)C(C3=CC=CC=C32)COC(=O)N[C@@H](CCO)C(=O)O,3.196,ACN,0,CC#N
"(2S,5S)-1-Hydroxy-2,5-diphenylphospholane 1-oxide",C1C[C@H](P(=O)([C@@H]1C2=CC=CC=C2)O)C3=CC=CC=C3,4.103,ACN,0,CC#N
"(?S)-4-(1,1-Dimethylethoxy)-?-[[(9H-fluoren-9-ylmethoxy)carbonyl]amino]benzenebutanoic_acid",CC(C)(C)OC1=CC=C(C=C1)CC[C@@H](C(=O)O)NC(=O)OCC2C3=CC=CC=C3C4=CC=CC=C24,6.069,ACN,0,CC#N
(R)-(-)-2-Methoxy-2-phenylethanol,CO[C@@H](CO)C1=CC=CC=C1,3.954,ACN,1,CC#N
"(S)-(-)-2-Amino-3-methyl-1,1-diphenyl-1-butanol",CC(C)[C@@H](C(C1=CC=CC=C1)(C2=CC=CC=C2)O)N,3.579,ACN,1,CC#N
(S)-Benzyl 2-(((S)-1-methoxy-4-methyl-1-oxopentan-2-yl)carbamoyl)pyrrolidine-1-carboxylate,CC(C)C[C@@H](C(=O)OC)NC(=O)[C@@H]1CCCN1C(=O)OCC2=CC=CC=C2,5.166,ACN,1,CC#N
"1,1,1-Tris(4-hydroxyphenyl)ethane",CC(C1=CC=C(C=C1)O)(C2=CC=C(C=C2)O)C3=CC=C(C=C3)O,4.516,ACN,1,CC#N
"1,1,3-Triphenylpropargyl alcohol",C1=CC=C(C=C1)C#CC(C2=CC=CC=C2)(C3=CC=CC=C3)O,6.022,ACN,1,CC#N
"1,2-Bis(4-hydroxyphenyl)ethane-1,2-dione",C1=CC(=CC=C1C(=O)C(=O)C2=CC=C(C=C2)O)O,4.356,ACN,0,CC#N
"1,3-Bis(trifluoromethyl)-5-bromobenzene",C1=C(C=C(C=C1C(F)(F)F)Br)C(F)(F)F,6.316,ACN,1,CC#N
"1,3-Butanediol-diacrylate",CC(CCOC(=O)C=C)OC(=O)C=C,4.994,ACN,1,CC#N
"1,3-Dimethyl 2-[(4-methoxyphenyl)methylene]propanedioate",COC1=CC=C(C=C1)C=C(C(=O)OC)C(=O)OC,5.146,ACN,1,CC#N
"1,3-Diphenylacetone_p-tosylhydrazone",CC1=CC=C(C=C1)S(=O)(=O)NN=C(CC2=CC=CC=C2)CC3=CC=CC=C3,5.997,ACN,0,CC#N
"1,4-Bis(bromomethyl)-2,3,5,6-tetrafluorobenzene_",C(C1=C(C(=C(C(=C1F)F)CBr)F)F)Br,5.996,ACN,0,CC#N
"1,4-Cyclohexanedicarboxylic-acid",C1CC(CCC1C(=O)O)C(=O)O,3.453,ACN,0,CC#N
"1,4-Dibromo-2,3-butanedione",C(C(=O)C(=O)CBr)Br,3.548,ACN,1,CC#N
1-(4-Biphenyl)-1-ethanol,CC(C1=CC=C(C=C1)C2=CC=CC=C2)O,5.219,ACN,1,CC#N
"1-(9H-Fluoren-9-ylmethyl) (2S,4S)-4-[[(1,1-dimethylethoxy)carbonyl]amino]-1,2-pyrrolidinedicarboxylate_",CC(C)(C)OC(=O)N[C@H]1C[C@H](N(C1)C(=O)OCC2C3=CC=CC=C3C4=CC=CC=C24)C(=O)O,5.46,ACN,0,CC#N
1-(tert-Butoxycarbonyl)-4-[(9H-fluoren-9-ylmethoxy)carbonyl]-2-piperazinecarboxylic_acid,CC(C)(C)OC(=O)N1CCN(CC1C(=O)O)C(=O)OCC2C3=CC=CC=C3C4=CC=CC=C24,5.698,ACN,0,CC#N
1-BROMO-3-METHYLBUTANE,CC(C)CCBr,0.0,ACN,1,CC#N
1-Benzofuran-5-carboxylic_acid,C1=CC2=C(C=CO2)C=C1C(=O)O,4.328,ACN,0,CC#N
1-Benzylpiperidine,C1CCN(CC1)CC2=CC=CC=C2,2.932,ACN,1,CC#N
1-Bromo-4-(trifluoromethoxy)benzene,C1=CC(=CC=C1OC(F)(F)F)Br,6.126,ACN,1,CC#N
1-Bromopentanemethylbenzene,CC1=C(C(=C(C(=C1C)C)Br)C)C,0.0,ACN,0,CC#N
1-Phenyl-5-(trifluoromethyl)-1H-pyrazole-4-carboxylic_acid,C1=CC=C(C=C1)N2C(=C(C=N2)C(=O)O)C(F)(F)F,4.692,ACN,1,CC#N
1-Pyrenemethanol,C1=CC2=C3C(=C1)C=CC4=C(C=CC(=C43)C=C2)CO,5.493,ACN,0,CC#N
"1-Tosyl-2,5-dihydro-1H-pyrrole",CC1=CC=C(C=C1)S(=O)(=O)N2CC=CC2,5.084,ACN,1,CC#N
"2,2"",4,4""-Tetramethylbenzophenone",CC1=CC(=C(C=C1)C(=O)C2=C(C=C(C=C2)C)C)C,6.666,ACN,1,CC#N
"2,2,2-TRIFLUOROACETOPHENONE",C1=CC=C(C=C1)C(=O)C(F)(F)F,4.321,ACN,1,CC#N
"2,3,4-Trifluorobenzoic acid",C1=CC(=C(C(=C1C(=O)O)F)F)F,4.217,ACN,1,CC#N
"2,3,6,7,10,11-Hexamethoxytriphenylene",COC1=C(C=C2C(=C1)C3=CC(=C(C=C3C4=CC(=C(C=C24)OC)OC)OC)OC)OC,5.479,ACN,0,CC#N
"2,4,6-Tris(bromomethyl)mesitylene",CC1=C(C(=C(C(=C1CBr)C)CBr)C)CBr,6.441,ACN,0,CC#N
"2,4-Dichlorophenol",C1=CC(=C(C=C1Cl)Cl)O,5.002,ACN,1,CC#N
"2,6-Bis[(4S)-4-phenyl-2-oxazolinyl]pyridine",C1[C@@H](N=C(O1)C2=NC(=CC=C2)C3=N[C@H](CO3)C4=CC=CC=C4)C5=CC=CC=C5,5.388,ACN,0,CC#N
"2,6-Dichloroiodobenzene",C1=CC(=C(C(=C1)Cl)I)Cl,6.278,ACN,1,CC#N
"2,6-Diisopropylphenol",CC(C)C1=C(C(=CC=C1)C(C)C)O,5.934,ACN,1,CC#N
"2,6-Dimethoxy-1,4-benzoquinone",COC1=CC(=O)C=C(C1=O)OC,3.382,ACN,0,CC#N
"2,6-Dimethoxybenzoyl_chloride",COC1=C(C(=CC=C1)OC)C(=O)Cl,3.697,ACN,0,CC#N
2-(3-Chlorophenoxy)propionic-acid,CC(C(=O)O)OC1=CC(=CC=C1)Cl,4.625,ACN,1,CC#N
2-(4-Chlorobenzoyl)benzoic_acid,C1=CC=C(C(=C1)C(=O)C2=CC=C(C=C2)Cl)C(=O)O,4.998,ACN,0,CC#N
2-(Diphenylphosphino)benzoic-acid,C1=CC=C(C=C1)P(C2=CC=CC=C2)C3=CC=CC=C3C(=O)O,5.797,ACN,0,CC#N
2-(Trifluoromethyl)pyridine-4-carboxylic_acid,C1=CN=C(C=C1C(=O)O)C(F)(F)F,3.635,ACN,1,CC#N
2-Amino-4-phenylphenol,C1=CC=C(C=C1)C2=CC(=C(C=C2)O)N,4.249,ACN,0,CC#N
2-Amino-6-bromopyridine,C1=CC(=NC(=C1)Br)N,3.979,ACN,1,CC#N
2-Benzyloxybenzoic_acid ,C1=CC=C(C=C1)COC2=CC=CC=C2C(=O)O,4.952,ACN,1,CC#N
"2-Bromo-2',6'-diisopropoxy-1,1'-biphenyl",CC(C)OC1=C(C(=CC=C1)OC(C)C)C2=CC=CC=C2Br,6.768,ACN,1,CC#N
2-Bromo-5-(trifluoromethyl)benzaldehyde,C1=CC(=C(C=C1C(F)(F)F)C=O)Br,5.646,ACN,1,CC#N
2-Bromo-5-chlorotoluene,CC1=C(C=CC(=C1)Cl)Br,6.471,ACN,1,CC#N
2-Bromoanthraquinone,C1=CC=C2C(=C1)C(=O)C3=C(C2=O)C=C(C=C3)Br,6.357,ACN,0,CC#N
2-Bromonaphthalen-1-ol,C1=CC=C2C(=C1)C=CC(=C2O)Br,5.492,ACN,1,CC#N
2-Bromophenethylamine,C1=CC=C(C(=C1)CCN)Br,3.228,ACN,1,CC#N
2-Bromotoluene,CC1=CC=CC=C1Br,6.087,ACN,1,CC#N
2-Hydroxy-4-(trifluoromethyl)aniline,C1=CC(=C(C=C1C(F)(F)F)O)N,4.516,ACN,0,CC#N
2-Iodobenzaldehyde,C1=CC=C(C(=C1)C=O)I,5.318,ACN,1,CC#N
2-Iodobenzyl_bromide,C1=CC=C(C(=C1)CBr)I,5.97,ACN,0,CC#N
2-Iodopyridine,C1=CC=NC(=C1)I,4.355,ACN,1,CC#N
2-Isopropylthioxanthone,CC(C)C1=CC2=C(C=C1)SC3=CC=CC=C3C2=O,6.747,ACN,0,CC#N
"2-Methyl-5-(trifluoromethyl)-1,3-benzoxazole",CC1=NC2=C(O1)C=CC(=C2)C(F)(F)F,5.228,ACN,1,CC#N
"3,3-Dimethyl-1-indanone",CC1(CC(=O)C2=CC=CC=C21)C,5.052,ACN,1,CC#N
"3,4,5-TRIBROMO-1H-PYRAZOLE",C1(=C(NN=C1Br)Br)Br,4.913,ACN,1,CC#N
"3,4,7,8-Tetramethyl-1,10-phenanthroline",CC1=CN=C2C(=C1C)C=CC3=C(C(=CN=C32)C)C,3.691,ACN,0,CC#N
"3,5-Di-tert-butylbenzoic acid",CC(C)(C)C1=CC(=CC(=C1)C(=O)O)C(C)(C)C,6.004,ACN,1,CC#N
"3,5-Dibromotoluene",CC1=CC(=CC(=C1)Br)Br,6.643,ACN,1,CC#N
"3,5-Dimethylbenzoyl_chloride",CC1=CC(=CC(=C1)C(=O)Cl)C,4.74,ACN,1,CC#N
"3,6-Dimethoxy-9H-carbazole",COC1=CC2=C(C=C1)NC3=C2C=C(C=C3)OC,5.201,ACN,1,CC#N
3-(2-Naphthyl)acrylic_acid,C1=CC=C2C=C(C=CC2=C1)/C=C/C(=O)O,5.0,ACN,0,CC#N
3-(Phenylthio)propanoic-acid,C1=CC=C(C=C1)SCCC(=O)O,4.613,ACN,1,CC#N
3-(tert-Butoxycarbonyl)benzoic_acid,CC(C)(C)OC(=O)C1=CC=CC(=C1)C(=O)O,5.044,ACN,0,CC#N
3-Bromobenzoyl_chloride,C1=CC(=CC(=C1)Br)C(=O)Cl,6.034,ACN,1,CC#N
3-Bromopropionyl_chloride,C(CBr)C(=O)Cl,2.905,ACN,1,CC#N
3-Chloro-4-methoxyaniline,COC1=C(C=C(C=C1)N)Cl,3.239,ACN,1,CC#N
3-[[(9H-Fluoren-9-ylmethoxy)carbonyl]amino]-2-naphthalenecarboxylic acid,C1=CC=C2C=C(C(=CC2=C1)C(=O)O)NC(=O)OCC3C4=CC=CC=C4C5=CC=CC=C35,6.295,ACN,0,CC#N
"4,4',4''-Trimethoxytrityl chloride",COC1=CC=C(C=C1)C(C2=CC=C(C=C2)OC)(C3=CC=C(C=C3)OC)Cl,5.708,ACN,0,CC#N
"4,4'-Dihydroxybiphenyl",C1=CC(=CC=C1C2=CC=C(C=C2)O)O,4.206,ACN,0,CC#N
"4,4'-Dimethoxybenzophenone",COC1=CC=C(C=C1)C(=O)C2=CC=C(C=C2)OC,5.439,ACN,0,CC#N
"4,4?,4??-(1,3,5-TRIAZINE-2,4,6-TRIYL)TRIBENZALDEHYDE",C1=CC(=CC=C1C=O)C2=NC(=NC(=N2)C3=CC=C(C=C3)C=O)C4=CC=C(C=C4)C=O,5.0,ACN,0,CC#N
4-(Bromomethyl)benzoic_acid,C1=CC(=CC=C1CBr)C(=O)O,4.555,ACN,0,CC#N
4-(Hydroxymethyl)phenylacetic-acid,C1=CC(=CC=C1CC(=O)O)CO,3.294,ACN,1,CC#N
4-(Trifluoroacetyl)phenacyl-bromide,C1=CC(=CC=C1C(=O)CBr)C(=O)C(F)(F)F,4.66,ACN,1,CC#N
4-(Trifluoromethyl)benzylamine,C1=CC(=CC=C1CN)C(F)(F)F,3.284,ACN,1,CC#N
"4-Bromo-3,5-dimethoxybenzoic acid",COC1=CC(=CC(=C1Br)OC)C(=O)O,4.586,ACN,0,CC#N
4-Bromo-L-phenylalanine,C1=CC(=CC=C1C[C@@H](C(=O)O)N)Br,3.259,ACN,0,CC#N
4-Chlorobenzenesulfonic_acid,C1=CC(=CC=C1S(=O)(=O)O)Cl,2.93,ACN,1,CC#N
4-Chloropyridine-3-carboxylic_acid,C1=CN=CC(=C1Cl)C(=O)O,0.0,ACN,0,CC#N
"4-Hydroxy-3,5-diiodobenzoic acid",C1=C(C=C(C(=C1I)O)I)C(=O)O,4.476,ACN,0,CC#N
4-Hydroxyphthalic_acid,C1=CC(=C(C=C1O)C(=O)O)C(=O)O,1.493,ACN,0,CC#N
4-Methoxybiphenyl,COC1=CC=C(C=C1)C2=CC=CC=C2,5.974,ACN,1,CC#N
4-Methoxytriphenylamine,COC1=CC=C(C=C1)N(C2=CC=CC=C2)C3=CC=CC=C3,6.687,ACN,0,CC#N
4-tert-Butylbenzoyl_chloride,CC(C)(C)C1=CC=C(C=C1)C(=O)Cl,5.189,ACN,1,CC#N
"5,7-Dimethyl-[1,2,4]triazolo[1,5-a]pyrimidine-2-carboxylic acid",CC1=CC(=NC2=NC(=NN12)C(=O)O)C,1.395,ACN,0,CC#N
5-(Trifluoromethyl)indole,C1=CC2=C(C=CN2)C=C1C(F)(F)F,5.41,ACN,1,CC#N
5-(Trifluoromethyl)pyridine-2-carboxaldehyde,C1=CC(=NC=C1C(F)(F)F)C=O,3.586,ACN,1,CC#N
5-Bromo-2-furoic_acid,C1=C(OC(=C1)Br)C(=O)O,3.478,ACN,1,CC#N
5-Bromo-2-phenylpyridine,C1=CC=C(C=C1)C2=NC=C(C=C2)Br,5.999,ACN,1,CC#N
"6,6'-Dibromo-1,1'-bi-2-naphthol",C1=CC2=C(C=CC(=C2C3=C(C=CC4=C3C=CC(=C4)Br)O)O)C=C1Br,6.251,ACN,1,CC#N
8-Isoquinolinecarboxaldehyde,C1=CC2=C(C=NC=C2)C(=C1)C=O,3.029,ACN,0,CC#N
Allyl-alpha-D-glucopyranoside,C=CCO[C@@H]1[C@@H]([C@H]([C@@H]([C@H](O1)CO)O)O)O,0.0,ACN,0,CC#N
Aniline-2-sulfonic_acid,C1=CC=C(C(=C1)N)S(=O)(=O)O,0.0,ACN,0,CC#N
Bis(diphenylphosphino)methane,C1=CC=C(C=C1)P(CP(C2=CC=CC=C2)C3=CC=CC=C3)C4=CC=CC=C4,0.0,ACN,0,CC#N
DL-beta-Phenylalanine,C1=CC=C(C=C1)C(CC(=O)O)N,1.085,ACN,0,CC#N
Di-tert-butylcyclopentadiene,CC(C)(C)C1C=CC(=C1)C(C)(C)C,0.0,ACN,1,CC#N
Dibenzyl-malonate,C1=CC=C(C=C1)COC(=O)CC(=O)OCC2=CC=CC=C2,5.676,ACN,1,CC#N
Dibromomaleic-acid,C(=C(\C(=O)O)/Br)(\C(=O)O)/Br,3.282,ACN,1,CC#N
Diethyl 4-Methoxyphenylphosphonate,CCOP(=O)(C1=CC=C(C=C1)OC)OCC,4.523,ACN,1,CC#N
Diethyl_dibutylmalonate,CCCCC(CCCC)(C(=O)OCC)C(=O)OCC,6.757,ACN,1,CC#N
Diethyl_phenylmalonate,CCOC(=O)C(C1=CC=CC=C1)C(=O)OCC,5.407,ACN,1,CC#N
"Dimethyl 1,3-cyclohexadiene-1,4-dicarboxylate",COC(=O)C1=CC=C(CC1)C(=O)OC,4.897,ACN,0,CC#N
"Dimethyl 2,2'-bipyridine-4,4'-dicarboxylate",COC(=O)C1=CC(=NC=C1)C2=NC=CC(=C2)C(=O)OC,5.278,ACN,0,CC#N
Dimethyl-propargylmalonate,COC(=O)C(CC#C)C(=O)OC,0.0,ACN,1,CC#N
Ethyl 2-cyclohexanoneacetate,CCOC(=O)CC1CCCCC1=O,4.689,ACN,1,CC#N
Ethyl 3-thiopheneacetate,CCOC(=O)CC1=CSC=C1,5.098,ACN,1,CC#N
"Ethyl 4,4,4-trifluoroacetoacetate",CCOC(=O)CC(=O)C(F)(F)F,3.859,ACN,1,CC#N
Ethyl mesitylglyoxylate,CCOC(=O)C(=O)C1=C(C=C(C=C1C)C)C,5.827,ACN,1,CC#N
Ethyl-3-oxohexanoate,CCCC(=O)CC(=O)OCC,4.603,ACN,1,CC#N
Ethyl-4-bromocrotonate,CCOC(=O)/C=C/CBr,5.037,ACN,1,CC#N
Ethyl-4-iodobenzoate,CCOC(=O)C1=CC=C(C=C1)I,6.075,ACN,1,CC#N
FMOC-D-ORN(ALOC)-OH,C=CCOC(=O)NCCC[C@H](C(=O)O)NC(=O)OCC1C2=CC=CC=C2C3=CC=CC=C13,5.147,ACN,0,CC#N
Flavanone,C1C(OC2=CC=CC=C2C1=O)C3=CC=CC=C3,5.607,ACN,1,CC#N
Flufenamic-acid,C1=CC=C(C(=C1)C(=O)O)NC2=CC=CC(=C2)C(F)(F)F,5.77,ACN,1,CC#N
Hematein,C1C2=CC(=C(C=C2C3=C4C=CC(=O)C(=C4OCC31O)O)O)O,4.566,ACN,0,CC#N
METHYL 2-PHTHALIMIDOACETATE,COC(=O)CN1C(=O)C2=CC=CC=C2C1=O,4.476,ACN,1,CC#N
"Methyl 6-oxo-1,6-dihydropyridine-2-carboxylate",COC(=O)C1=CC=CC(=O)N1,2.879,ACN,1,CC#N
"Methyl-2,6-dimethoxybenzoate",COC1=C(C(=CC=C1)OC)C(=O)OC,4.625,ACN,1,CC#N
Methyl-3-bromo-4-iodobenzoate,COC(=O)C1=CC(=C(C=C1)I)Br,6.145,ACN,1,CC#N
"Methyl-6-Oxo-1,6-dihydropyridazine-3-carboxylate",COC(=O)C1=NNC(=O)C=C1,2.341,ACN,0,CC#N
Methyl-diethylphosphonoacetate,CCOP(=O)(CC(=O)OC)OCC,3.635,ACN,1,CC#N
N(im)-Trityl-L-histidine,C1=CC=C(C=C1)C(C2=CC=CC=C2)(C3=CC=CC=C3)N4C=C(N=C4)C[C@@H](C(=O)O)N,4.033,ACN,0,CC#N
"N,N-Dimethyl-L-phenylalanine",CN(C)[C@@H](CC1=CC=CC=C1)C(=O)O,2.393,ACN,0,CC#N
N-Acetyl-L-tryptophan,CC(=O)N[C@@H](CC1=CNC2=CC=CC=C21)C(=O)O,3.707,ACN,0,CC#N
N-Benzylidenebenzylamine,C1=CC=C(C=C1)CN=CC2=CC=CC=C2,4.383,ACN,1,CC#N
N-Phthaloylglycine,C1=CC=C2C(=C1)C(=O)N(C2=O)CC(=O)O,3.573,ACN,1,CC#N
"N-[(1,1-Dimethylethoxy)carbonyl]-L-histidine methyl_ester",CC(C)(C)OC(=O)N[C@@H](CC1=CN=CN1)C(=O)OC,3.209,ACN,0,CC#N
N-[(Phenylmethoxy)carbonyl]-O-(phenylmethyl)-L-serine_,C1=CC=C(C=C1)COC[C@@H](C(=O)O)NC(=O)OCC2=CC=CC=C2,5.044,ACN,1,CC#N
"N6-[(1,1-Dimethylethoxy)carbonyl]-N2-[(9H-fluoren-9-ylmethoxy)carbonyl]-2-methyl-D-lysine",C[C@@](CCCCNC(=O)OC(C)(C)C)(C(=O)O)NC(=O)OCC1C2=CC=CC=C2C3=CC=CC=C13,5.667,ACN,1,CC#N
"N6-[(1,1-Dimethylethoxy)carbonyl]-N2-[(phenylmethoxy)carbonyl]-L-lysine",CC(C)(C)OC(=O)NCCCC[C@@H](C(=O)O)NC(=O)OCC1=CC=CC=C1,4.943,ACN,1,CC#N
Nalpha-[(9H-Fluoren-9-ylmethoxy)carbonyl]-L-threonine tert-Butyl-Ester,C[C@H]([C@@H](C(=O)OC(C)(C)C)NC(=O)OCC1C2=CC=CC=C2C3=CC=CC=C13)O,5.789,ACN,1,CC#N
Phenyl-benzoate,C1=CC=C(C=C1)C(=O)OC2=CC=CC=C2,5.81,ACN,1,CC#N
Pindolol,CC(C)NCC(COC1=CC=CC2=C1C=CN2)O,3.149,ACN,0,CC#N
Protocatechuic_acid,C1=CC(=C(C=C1C(=O)O)O)O,2.458,ACN,1,CC#N
Suberic_acid_monomethyl_ester,COC(=O)CCCCCCC(=O)O,4.207,ACN,0,CC#N
Z-D-Glu-OBzl,C1=CC=C(C=C1)COC(=O)[C@@H](CCC(=O)O)NC(=O)OCC2=CC=CC=C2,5.043,ACN,0,CC#N
Z-D-Phg-OH,C1=CC=C(C=C1)COC(=O)N[C@H](C2=CC=CC=C2)C(=O)O,4.772,ACN,0,CC#N
"meso-1,2-Dibromo-1,2-diphenylethane",C1=CC=C(C=C1)C(C(C2=CC=CC=C2)Br)Br,6.089,ACN,0,CC#N
mono-tert-Butyl_succinate,CC(C)(C)OC(=O)CCC(=O)O,4.127,ACN,1,CC#N
pentafluorobenzyl-bromide,C(C1=C(C(=C(C(=C1F)F)F)F)F)Br,5.876,ACN,1,CC#N
"trans-1,2-Bis(phenylsulfonyl)ethylene",C1=CC=C(C=C1)S(=O)(=O)/C=C/S(=O)(=O)C2=CC=CC=C2,5.113,ACN,0,CC#N
trans-4-(9-Fluorenylmethyloxycarbonylaminomethyl)-cyclohexanoic_acid,C1CC(CCC1CNC(=O)OCC2C3=CC=CC=C3C4=CC=CC=C24)C(=O)O,5.288,ACN,0,CC#N
trans-Aconitic-acid,C(/C(=C\C(=O)O)/C(=O)O)C(=O)O,0.0,ACN,1,CC#N
(1-BROMOETHYL)BENZENE,CC(C1=CC=CC=C1)Br,0.0,ACN,1,CC#N
"(2,6-Dioxo-piperidin-4-yl)-acetic_acid",C1C(CC(=O)NC1=O)CC(=O)O,0.0,ACN,0,CC#N
(2-BENZYLOXYCARBONYLAMINO-ACETYLAMINO)-ACETIC_ACID,C1=CC=C(C=C1)COC(=O)NCC(=O)NCC(=O)O,1.036,ACN,0,CC#N
(2S)-2-{[(9H-fluoren-9-ylmethoxy)carbonyl]amino}-4-hydroxybutanoic acid,C1=CC=C2C(=C1)C(C3=CC=CC=C32)COC(=O)N[C@@H](CCO)C(=O)O,3.166,ACN,0,CC#N
"(2S,5S)-1-Hydroxy-2,5-diphenylphospholane 1-oxide",C1C[C@H](P(=O)([C@@H]1C2=CC=CC=C2)O)C3=CC=CC=C3,2.987,ACN,0,CC#N
"(?S)-4-(1,1-Dimethylethoxy)-?-[[(9H-fluoren-9-ylmethoxy)carbonyl]amino]benzenebutanoic_acid",CC(C)(C)OC1=CC=C(C=C1)CC[C@@H](C(=O)O)NC(=O)OCC2C3=CC=CC=C3C4=CC=CC=C24,6.089,ACN,0,CC#N
(R)-(-)-2-Methoxy-2-phenylethanol,CO[C@@H](CO)C1=CC=CC=C1,3.918,ACN,1,CC#N
"(S)-(-)-2-Amino-3-methyl-1,1-diphenyl-1-butanol",CC(C)[C@@H](C(C1=CC=CC=C1)(C2=CC=CC=C2)O)N,5.745,ACN,1,CC#N
(S)-Benzyl 2-(((S)-1-methoxy-4-methyl-1-oxopentan-2-yl)carbamoyl)pyrrolidine-1-carboxylate,CC(C)C[C@@H](C(=O)OC)NC(=O)[C@@H]1CCCN1C(=O)OCC2=CC=CC=C2,5.188,ACN,1,CC#N
"1,1,1-Tris(4-hydroxyphenyl)ethane",CC(C1=CC=C(C=C1)O)(C2=CC=C(C=C2)O)C3=CC=C(C=C3)O,4.517,ACN,1,CC#N
"1,1,3-Triphenylpropargyl alcohol",C1=CC=C(C=C1)C#CC(C2=CC=CC=C2)(C3=CC=CC=C3)O,5.918,ACN,1,CC#N
"1,2-Bis(4-hydroxyphenyl)ethane-1,2-dione",C1=CC(=CC=C1C(=O)C(=O)C2=CC=C(C=C2)O)O,0.0,ACN,0,CC#N
"1,3-Bis(trifluoromethyl)-5-bromobenzene",C1=C(C=C(C=C1C(F)(F)F)Br)C(F)(F)F,6.328,ACN,1,CC#N
"1,3-Butanediol-diacrylate",CC(CCOC(=O)C=C)OC(=O)C=C,4.985,ACN,1,CC#N
"1,3-Dimethyl 2-[(4-methoxyphenyl)methylene]propanedioate",COC1=CC=C(C=C1)C=C(C(=O)OC)C(=O)OC,5.076,ACN,1,CC#N
"1,3-Diphenylacetone_p-tosylhydrazone",CC1=CC=C(C=C1)S(=O)(=O)NN=C(CC2=CC=CC=C2)CC3=CC=CC=C3,5.841,ACN,0,CC#N
"1,4-Bis(bromomethyl)-2,3,5,6-tetrafluorobenzene_",C(C1=C(C(=C(C(=C1F)F)CBr)F)F)Br,6.007,ACN,0,CC#N
"1,4-Cyclohexanedicarboxylic-acid",C1CC(CCC1C(=O)O)C(=O)O,0.0,ACN,0,CC#N
"1,4-Dibromo-2,3-butanedione",C(C(=O)C(=O)CBr)Br,3.147,ACN,1,CC#N
1-(4-Biphenyl)-1-ethanol,CC(C1=CC=C(C=C1)C2=CC=CC=C2)O,5.138,ACN,1,CC#N
"1-(9H-Fluoren-9-ylmethyl) (2S,4S)-4-[[(1,1-dimethylethoxy)carbonyl]amino]-1,2-pyrrolidinedicarboxylate_",CC(C)(C)OC(=O)N[C@H]1C[C@H](N(C1)C(=O)OCC2C3=CC=CC=C3C4=CC=CC=C24)C(=O)O,5.506,ACN,0,CC#N
1-(tert-Butoxycarbonyl)-4-[(9H-fluoren-9-ylmethoxy)carbonyl]-2-piperazinecarboxylic_acid,CC(C)(C)OC(=O)N1CCN(CC1C(=O)O)C(=O)OCC2C3=CC=CC=C3C4=CC=CC=C24,5.725,ACN,0,CC#N
1-BROMO-3-METHYLBUTANE,CC(C)CCBr,0.0,ACN,1,CC#N
1-Benzofuran-5-carboxylic_acid,C1=CC2=C(C=CO2)C=C1C(=O)O,0.0,ACN,0,CC#N
1-Benzylpiperidine,C1CCN(CC1)CC2=CC=CC=C2,0.0,ACN,1,CC#N
1-Bromo-4-(trifluoromethoxy)benzene,C1=CC(=CC=C1OC(F)(F)F)Br,6.13,ACN,1,CC#N
1-Bromopentanemethylbenzene,CC1=C(C(=C(C(=C1C)C)Br)C)C,0.0,ACN,0,CC#N
1-Phenyl-5-(trifluoromethyl)-1H-pyrazole-4-carboxylic_acid,C1=CC=C(C=C1)N2C(=C(C=N2)C(=O)O)C(F)(F)F,1.535,ACN,1,CC#N
1-Pyrenemethanol,C1=CC2=C3C(=C1)C=CC4=C(C=CC(=C43)C=C2)CO,5.412,ACN,0,CC#N
"1-Tosyl-2,5-dihydro-1H-pyrrole",CC1=CC=C(C=C1)S(=O)(=O)N2CC=CC2,5.012,ACN,1,CC#N
"2,2"",4,4""-Tetramethylbenzophenone",CC1=CC(=C(C=C1)C(=O)C2=C(C=C(C=C2)C)C)C,6.702,ACN,1,CC#N
"2,2,2-TRIFLUOROACETOPHENONE",C1=CC=C(C=C1)C(=O)C(F)(F)F,4.336,ACN,1,CC#N
"2,3,4-Trifluorobenzoic acid",C1=CC(=C(C(=C1C(=O)O)F)F)F,0.0,ACN,1,CC#N
"2,3,6,7,10,11-Hexamethoxytriphenylene",COC1=C(C=C2C(=C1)C3=CC(=C(C=C3C4=CC(=C(C=C24)OC)OC)OC)OC)OC,5.502,ACN,0,CC#N
"2,4,6-Tris(bromomethyl)mesitylene",CC1=C(C(=C(C(=C1CBr)C)CBr)C)CBr,6.321,ACN,0,CC#N
"2,4-Dichlorophenol",C1=CC(=C(C=C1Cl)Cl)O,4.973,ACN,1,CC#N
"2,6-Bis[(4S)-4-phenyl-2-oxazolinyl]pyridine",C1[C@@H](N=C(O1)C2=NC(=CC=C2)C3=N[C@H](CO3)C4=CC=CC=C4)C5=CC=CC=C5,5.315,ACN,0,CC#N
"2,6-Dichloroiodobenzene",C1=CC(=C(C(=C1)Cl)I)Cl,6.307,ACN,1,CC#N
"2,6-Diisopropylphenol",CC(C)C1=C(C(=CC=C1)C(C)C)O,5.957,ACN,1,CC#N
"2,6-Dimethoxy-1,4-benzoquinone",COC1=CC(=O)C=C(C1=O)OC,3.37,ACN,0,CC#N
"2,6-Dimethoxybenzoyl_chloride",COC1=C(C(=CC=C1)OC)C(=O)Cl,0.0,ACN,0,CC#N
2-(3-Chlorophenoxy)propionic-acid,CC(C(=O)O)OC1=CC(=CC=C1)Cl,1.262,ACN,1,CC#N
2-(4-Chlorobenzoyl)benzoic_acid,C1=CC=C(C(=C1)C(=O)C2=CC=C(C=C2)Cl)C(=O)O,3.206,ACN,0,CC#N
2-(Diphenylphosphino)benzoic-acid,C1=CC=C(C=C1)P(C2=CC=CC=C2)C3=CC=CC=C3C(=O)O,3.53,ACN,0,CC#N
2-(Trifluoromethyl)pyridine-4-carboxylic_acid,C1=CN=C(C=C1C(=O)O)C(F)(F)F,0.0,ACN,1,CC#N
2-Amino-4-phenylphenol,C1=CC=C(C=C1)C2=CC(=C(C=C2)O)N,4.572,ACN,0,CC#N
2-Amino-6-bromopyridine,C1=CC(=NC(=C1)Br)N,3.972,ACN,1,CC#N
2-Benzyloxybenzoic_acid ,C1=CC=C(C=C1)COC2=CC=CC=C2C(=O)O,2.663,ACN,1,CC#N
"2-Bromo-2',6'-diisopropoxy-1,1'-biphenyl",CC(C)OC1=C(C(=CC=C1)OC(C)C)C2=CC=CC=C2Br,6.612,ACN,1,CC#N
2-Bromo-5-(trifluoromethyl)benzaldehyde,C1=CC(=C(C=C1C(F)(F)F)C=O)Br,5.656,ACN,1,CC#N
2-Bromo-5-chlorotoluene,CC1=C(C=CC(=C1)Cl)Br,6.353,ACN,1,CC#N
2-Bromoanthraquinone,C1=CC=C2C(=C1)C(=O)C3=C(C2=O)C=C(C=C3)Br,6.246,ACN,0,CC#N
2-Bromonaphthalen-1-ol,C1=CC=C2C(=C1)C=CC(=C2O)Br,5.31,ACN,1,CC#N
2-Bromophenethylamine,C1=CC=C(C(=C1)CCN)Br,4.393,ACN,1,CC#N
2-Bromotoluene,CC1=CC=CC=C1Br,5.988,ACN,1,CC#N
2-Hydroxy-4-(trifluoromethyl)aniline,C1=CC(=C(C=C1C(F)(F)F)O)N,4.393,ACN,0,CC#N
2-Iodobenzaldehyde,C1=CC=C(C(=C1)C=O)I,5.335,ACN,1,CC#N
2-Iodobenzyl_bromide,C1=CC=C(C(=C1)CBr)I,5.878,ACN,0,CC#N
2-Iodopyridine,C1=CC=NC(=C1)I,4.366,ACN,1,CC#N
2-Isopropylthioxanthone,CC(C)C1=CC2=C(C=C1)SC3=CC=CC=C3C2=O,6.761,ACN,0,CC#N
"2-Methyl-5-(trifluoromethyl)-1,3-benzoxazole",CC1=NC2=C(O1)C=CC(=C2)C(F)(F)F,5.238,ACN,1,CC#N
"3,3-Dimethyl-1-indanone",CC1(CC(=O)C2=CC=CC=C21)C,5.065,ACN,1,CC#N
"3,4,5-TRIBROMO-1H-PYRAZOLE",C1(=C(NN=C1Br)Br)Br,3.923,ACN,1,CC#N
"3,4,7,8-Tetramethyl-1,10-phenanthroline",CC1=CN=C2C(=C1C)C=CC3=C(C(=CN=C32)C)C,5.008,ACN,0,CC#N
"3,5-Di-tert-butylbenzoic acid",CC(C)(C)C1=CC(=CC(=C1)C(=O)O)C(C)(C)C,3.669,ACN,1,CC#N
"3,5-Dibromotoluene",CC1=CC(=CC(=C1)Br)Br,6.506,ACN,1,CC#N
"3,5-Dimethylbenzoyl_chloride",CC1=CC(=CC(=C1)C(=O)Cl)C,6.252,ACN,1,CC#N
"3,6-Dimethoxy-9H-carbazole",COC1=CC2=C(C=C1)NC3=C2C=C(C=C3)OC,5.212,ACN,1,CC#N
3-(2-Naphthyl)acrylic_acid,C1=CC=C2C=C(C=CC2=C1)/C=C/C(=O)O,5.009,ACN,0,CC#N
3-(Phenylthio)propanoic-acid,C1=CC=C(C=C1)SCCC(=O)O,0.0,ACN,1,CC#N
3-(tert-Butoxycarbonyl)benzoic_acid,CC(C)(C)OC(=O)C1=CC=CC(=C1)C(=O)O,3.134,ACN,0,CC#N
3-Bromobenzoyl_chloride,C1=CC(=CC(=C1)Br)C(=O)Cl,6.056,ACN,1,CC#N
3-Bromopropionyl_chloride,C(CBr)C(=O)Cl,0.0,ACN,1,CC#N
3-Chloro-4-methoxyaniline,COC1=C(C=C(C=C1)N)Cl,4.215,ACN,1,CC#N
3-[[(9H-Fluoren-9-ylmethoxy)carbonyl]amino]-2-naphthalenecarboxylic acid,C1=CC=C2C=C(C(=CC2=C1)C(=O)O)NC(=O)OCC3C4=CC=CC=C4C5=CC=CC=C35,4.126,ACN,0,CC#N
"4,4',4''-Trimethoxytrityl chloride",COC1=CC=C(C=C1)C(C2=CC=C(C=C2)OC)(C3=CC=C(C=C3)OC)Cl,5.629,ACN,0,CC#N
"4,4'-Dihydroxybiphenyl",C1=CC(=CC=C1C2=CC=C(C=C2)O)O,4.214,ACN,0,CC#N
"4,4'-Dimethoxybenzophenone",COC1=CC=C(C=C1)C(=O)C2=CC=C(C=C2)OC,5.466,ACN,0,CC#N
"4,4?,4??-(1,3,5-TRIAZINE-2,4,6-TRIYL)TRIBENZALDEHYDE",C1=CC(=CC=C1C=O)C2=NC(=NC(=N2)C3=CC=C(C=C3)C=O)C4=CC=C(C=C4)C=O,5.013,ACN,0,CC#N
4-(Bromomethyl)benzoic_acid,C1=CC(=CC=C1CBr)C(=O)O,4.563,ACN,0,CC#N
4-(Hydroxymethyl)phenylacetic-acid,C1=CC(=CC=C1CC(=O)O)CO,0.0,ACN,1,CC#N
4-(Trifluoroacetyl)phenacyl-bromide,C1=CC(=CC=C1C(=O)CBr)C(=O)C(F)(F)F,4.599,ACN,1,CC#N
4-(Trifluoromethyl)benzylamine,C1=CC(=CC=C1CN)C(F)(F)F,5.479,ACN,1,CC#N
"4-Bromo-3,5-dimethoxybenzoic acid",COC1=CC(=CC(=C1Br)OC)C(=O)O,1.681,ACN,0,CC#N
4-Bromo-L-phenylalanine,C1=CC(=CC=C1C[C@@H](C(=O)O)N)Br,3.078,ACN,0,CC#N
4-Chlorobenzenesulfonic_acid,C1=CC(=CC=C1S(=O)(=O)O)Cl,0.0,ACN,1,CC#N
4-Chloropyridine-3-carboxylic_acid,C1=CN=CC(=C1Cl)C(=O)O,0.0,ACN,0,CC#N
"4-Hydroxy-3,5-diiodobenzoic acid",C1=C(C=C(C(=C1I)O)I)C(=O)O,0.0,ACN,0,CC#N
4-Hydroxyphthalic_acid,C1=CC(=C(C=C1O)C(=O)O)C(=O)O,0.0,ACN,0,CC#N
4-Methoxybiphenyl,COC1=CC=C(C=C1)C2=CC=CC=C2,5.992,ACN,1,CC#N
4-Methoxytriphenylamine,COC1=CC=C(C=C1)N(C2=CC=CC=C2)C3=CC=CC=C3,6.676,ACN,0,CC#N
4-tert-Butylbenzoyl_chloride,CC(C)(C)C1=CC=C(C=C1)C(=O)Cl,3.054,ACN,1,CC#N
"5,7-Dimethyl-[1,2,4]triazolo[1,5-a]pyrimidine-2-carboxylic acid",CC1=CC(=NC2=NC(=NN12)C(=O)O)C,0.0,ACN,0,CC#N
5-(Trifluoromethyl)indole,C1=CC2=C(C=CN2)C=C1C(F)(F)F,5.434,ACN,1,CC#N
5-(Trifluoromethyl)pyridine-2-carboxaldehyde,C1=CC(=NC=C1C(F)(F)F)C=O,0.0,ACN,1,CC#N
5-Bromo-2-furoic_acid,C1=C(OC(=C1)Br)C(=O)O,0.0,ACN,1,CC#N
5-Bromo-2-phenylpyridine,C1=CC=C(C=C1)C2=NC=C(C=C2)Br,5.916,ACN,1,CC#N
"6,6'-Dibromo-1,1'-bi-2-naphthol",C1=CC2=C(C=CC(=C2C3=C(C=CC4=C3C=CC(=C4)Br)O)O)C=C1Br,6.116,ACN,1,CC#N
8-Isoquinolinecarboxaldehyde,C1=CC2=C(C=NC=C2)C(=C1)C=O,3.966,ACN,0,CC#N
Allyl-alpha-D-glucopyranoside,C=CCO[C@@H]1[C@@H]([C@H]([C@@H]([C@H](O1)CO)O)O)O,0.0,ACN,0,CC#N
Aniline-2-sulfonic_acid,C1=CC=C(C(=C1)N)S(=O)(=O)O,0.0,ACN,0,CC#N
Bis(diphenylphosphino)methane,C1=CC=C(C=C1)P(CP(C2=CC=CC=C2)C3=CC=CC=C3)C4=CC=CC=C4,0.0,ACN,0,CC#N
DL-beta-Phenylalanine,C1=CC=C(C=C1)C(CC(=O)O)N,0.0,ACN,0,CC#N
Di-tert-butylcyclopentadiene,CC(C)(C)C1C=CC(=C1)C(C)(C)C,0.0,ACN,1,CC#N
Dibenzyl-malonate,C1=CC=C(C=C1)COC(=O)CC(=O)OCC2=CC=CC=C2,5.69,ACN,1,CC#N
Dibromomaleic-acid,C(=C(\C(=O)O)/Br)(\C(=O)O)/Br,0.0,ACN,1,CC#N
Diethyl 4-Methoxyphenylphosphonate,CCOP(=O)(C1=CC=C(C=C1)OC)OCC,4.482,ACN,1,CC#N
Diethyl_dibutylmalonate,CCCCC(CCCC)(C(=O)OCC)C(=O)OCC,0.0,ACN,1,CC#N
Diethyl_phenylmalonate,CCOC(=O)C(C1=CC=CC=C1)C(=O)OCC,5.417,ACN,1,CC#N
"Dimethyl 1,3-cyclohexadiene-1,4-dicarboxylate",COC(=O)C1=CC=C(CC1)C(=O)OC,4.833,ACN,0,CC#N
"Dimethyl 2,2'-bipyridine-4,4'-dicarboxylate",COC(=O)C1=CC(=NC=C1)C2=NC=CC(=C2)C(=O)OC,5.298,ACN,0,CC#N
Dimethyl-propargylmalonate,COC(=O)C(CC#C)C(=O)OC,0.0,ACN,1,CC#N
Ethyl 2-cyclohexanoneacetate,CCOC(=O)CC1CCCCC1=O,4.698,ACN,1,CC#N
Ethyl 3-thiopheneacetate,CCOC(=O)CC1=CSC=C1,5.116,ACN,1,CC#N
"Ethyl 4,4,4-trifluoroacetoacetate",CCOC(=O)CC(=O)C(F)(F)F,3.865,ACN,1,CC#N
Ethyl mesitylglyoxylate,CCOC(=O)C(=O)C1=C(C=C(C=C1C)C)C,5.739,ACN,1,CC#N
Ethyl-3-oxohexanoate,CCCC(=O)CC(=O)OCC,4.617,ACN,1,CC#N
Ethyl-4-bromocrotonate,CCOC(=O)/C=C/CBr,5.051,ACN,1,CC#N
Ethyl-4-iodobenzoate,CCOC(=O)C1=CC=C(C=C1)I,6.08,ACN,1,CC#N
FMOC-D-ORN(ALOC)-OH,C=CCOC(=O)NCCC[C@H](C(=O)O)NC(=O)OCC1C2=CC=CC=C2C3=CC=CC=C13,5.181,ACN,0,CC#N
Flavanone,C1C(OC2=CC=CC=C2C1=O)C3=CC=CC=C3,5.629,ACN,1,CC#N
Flufenamic-acid,C1=CC=C(C(=C1)C(=O)O)NC2=CC=CC(=C2)C(F)(F)F,3.574,ACN,1,CC#N
Hematein,C1C2=CC(=C(C=C2C3=C4C=CC(=O)C(=C4OCC31O)O)O)O,3.426,ACN,0,CC#N
METHYL 2-PHTHALIMIDOACETATE,COC(=O)CN1C(=O)C2=CC=CC=C2C1=O,4.424,ACN,1,CC#N
"Methyl 6-oxo-1,6-dihydropyridine-2-carboxylate",COC(=O)C1=CC=CC(=O)N1,2.824,ACN,1,CC#N
"Methyl-2,6-dimethoxybenzoate",COC1=C(C(=CC=C1)OC)C(=O)OC,4.637,ACN,1,CC#N
Methyl-3-bromo-4-iodobenzoate,COC(=O)C1=CC(=C(C=C1)I)Br,6.161,ACN,1,CC#N
"Methyl-6-Oxo-1,6-dihydropyridazine-3-carboxylate",COC(=O)C1=NNC(=O)C=C1,1.314,ACN,0,CC#N
Methyl-diethylphosphonoacetate,CCOP(=O)(CC(=O)OC)OCC,3.654,ACN,1,CC#N
N(im)-Trityl-L-histidine,C1=CC=C(C=C1)C(C2=CC=CC=C2)(C3=CC=CC=C3)N4C=C(N=C4)C[C@@H](C(=O)O)N,0.0,ACN,0,CC#N
"N,N-Dimethyl-L-phenylalanine",CN(C)[C@@H](CC1=CC=CC=C1)C(=O)O,1.55,ACN,0,CC#N
N-Acetyl-L-tryptophan,CC(=O)N[C@@H](CC1=CNC2=CC=CC=C21)C(=O)O,0.0,ACN,0,CC#N
N-Benzylidenebenzylamine,C1=CC=C(C=C1)CN=CC2=CC=CC=C2,5.775,ACN,1,CC#N
N-Phthaloylglycine,C1=CC=C2C(=C1)C(=O)N(C2=O)CC(=O)O,0.0,ACN,1,CC#N
"N-[(1,1-Dimethylethoxy)carbonyl]-L-histidine methyl_ester",CC(C)(C)OC(=O)N[C@@H](CC1=CN=CN1)C(=O)OC,3.927,ACN,0,CC#N
N-[(Phenylmethoxy)carbonyl]-O-(phenylmethyl)-L-serine_,C1=CC=C(C=C1)COC[C@@H](C(=O)O)NC(=O)OCC2=CC=CC=C2,3.41,ACN,1,CC#N
"N6-[(1,1-Dimethylethoxy)carbonyl]-N2-[(9H-fluoren-9-ylmethoxy)carbonyl]-2-methyl-D-lysine",C[C@@](CCCCNC(=O)OC(C)(C)C)(C(=O)O)NC(=O)OCC1C2=CC=CC=C2C3=CC=CC=C13,5.694,ACN,1,CC#N
"N6-[(1,1-Dimethylethoxy)carbonyl]-N2-[(phenylmethoxy)carbonyl]-L-lysine",CC(C)(C)OC(=O)NCCCC[C@@H](C(=O)O)NC(=O)OCC1=CC=CC=C1,3.484,ACN,1,CC#N
Nalpha-[(9H-Fluoren-9-ylmethoxy)carbonyl]-L-threonine tert-Butyl-Ester,C[C@H]([C@@H](C(=O)OC(C)(C)C)NC(=O)OCC1C2=CC=CC=C2C3=CC=CC=C13)O,5.805,ACN,1,CC#N
Phenyl-benzoate,C1=CC=C(C=C1)C(=O)OC2=CC=CC=C2,5.715,ACN,1,CC#N
Pindolol,CC(C)NCC(COC1=CC=CC2=C1C=CN2)O,0.0,ACN,0,CC#N
Protocatechuic_acid,C1=CC(=C(C=C1C(=O)O)O)O,0.0,ACN,1,CC#N
Suberic_acid_monomethyl_ester,COC(=O)CCCCCCC(=O)O,0.0,ACN,0,CC#N
Z-D-Glu-OBzl,C1=CC=C(C=C1)COC(=O)[C@@H](CCC(=O)O)NC(=O)OCC2=CC=CC=C2,3.573,ACN,0,CC#N
Z-D-Phg-OH,C1=CC=C(C=C1)COC(=O)N[C@H](C2=CC=CC=C2)C(=O)O,3.199,ACN,0,CC#N
"meso-1,2-Dibromo-1,2-diphenylethane",C1=CC=C(C=C1)C(C(C2=CC=CC=C2)Br)Br,6.104,ACN,0,CC#N
mono-tert-Butyl_succinate,CC(C)(C)OC(=O)CCC(=O)O,4.12,ACN,1,CC#N
pentafluorobenzyl-bromide,C(C1=C(C(=C(C(=C1F)F)F)F)F)Br,5.778,ACN,1,CC#N
"trans-1,2-Bis(phenylsulfonyl)ethylene",C1=CC=C(C=C1)S(=O)(=O)/C=C/S(=O)(=O)C2=CC=CC=C2,5.16,ACN,0,CC#N
trans-4-(9-Fluorenylmethyloxycarbonylaminomethyl)-cyclohexanoic_acid,C1CC(CCC1CNC(=O)OCC2C3=CC=CC=C3C4=CC=CC=C24)C(=O)O,3.703,ACN,0,CC#N
trans-Aconitic-acid,C(/C(=C\C(=O)O)/C(=O)O)C(=O)O,0.0,ACN,1,CC#N
(1-BROMOETHYL)BENZENE,CC(C1=CC=CC=C1)Br,5.96,ACN,1,CC#N
"(2,6-Dioxo-piperidin-4-yl)-acetic_acid",C1C(CC(=O)NC1=O)CC(=O)O,1.603,ACN,0,CC#N
(2-BENZYLOXYCARBONYLAMINO-ACETYLAMINO)-ACETIC_ACID,C1=CC=C(C=C1)COC(=O)NCC(=O)NCC(=O)O,4.138,ACN,0,CC#N
(2S)-2-{[(9H-fluoren-9-ylmethoxy)carbonyl]amino}-4-hydroxybutanoic acid,C1=CC=C2C(=C1)C(C3=CC=CC=C32)COC(=O)N[C@@H](CCO)C(=O)O,3.575,ACN,0,CC#N
"(2S,5S)-1-Hydroxy-2,5-diphenylphospholane 1-oxide",C1C[C@H](P(=O)([C@@H]1C2=CC=CC=C2)O)C3=CC=CC=C3,4.587,ACN,0,CC#N
"(?S)-4-(1,1-Dimethylethoxy)-?-[[(9H-fluoren-9-ylmethoxy)carbonyl]amino]benzenebutanoic_acid",CC(C)(C)OC1=CC=C(C=C1)CC[C@@H](C(=O)O)NC(=O)OCC2C3=CC=CC=C3C4=CC=CC=C24,6.202,ACN,0,CC#N
(R)-(-)-2-Methoxy-2-phenylethanol,CO[C@@H](CO)C1=CC=CC=C1,4.385,ACN,1,CC#N
"(S)-(-)-2-Amino-3-methyl-1,1-diphenyl-1-butanol",CC(C)[C@@H](C(C1=CC=CC=C1)(C2=CC=CC=C2)O)N,4.044,ACN,1,CC#N
(S)-Benzyl 2-(((S)-1-methoxy-4-methyl-1-oxopentan-2-yl)carbamoyl)pyrrolidine-1-carboxylate,CC(C)C[C@@H](C(=O)OC)NC(=O)[C@@H]1CCCN1C(=O)OCC2=CC=CC=C2,5.522,ACN,1,CC#N
"1,1,1-Tris(4-hydroxyphenyl)ethane",CC(C1=CC=C(C=C1)O)(C2=CC=C(C=C2)O)C3=CC=C(C=C3)O,4.962,ACN,1,CC#N
"1,1,3-Triphenylpropargyl alcohol",C1=CC=C(C=C1)C#CC(C2=CC=CC=C2)(C3=CC=CC=C3)O,6.308,ACN,1,CC#N
"1,2-Bis(4-hydroxyphenyl)ethane-1,2-dione",C1=CC(=CC=C1C(=O)C(=O)C2=CC=C(C=C2)O)O,4.821,ACN,0,CC#N
"1,3-Bis(trifluoromethyl)-5-bromobenzene",C1=C(C=C(C=C1C(F)(F)F)Br)C(F)(F)F,6.324,ACN,1,CC#N
"1,3-Butanediol-diacrylate",CC(CCOC(=O)C=C)OC(=O)C=C,5.359,ACN,1,CC#N
"1,3-Dimethyl 2-[(4-methoxyphenyl)methylene]propanedioate",COC1=CC=C(C=C1)C=C(C(=O)OC)C(=O)OC,5.569,ACN,1,CC#N
"1,3-Diphenylacetone_p-tosylhydrazone",CC1=CC=C(C=C1)S(=O)(=O)NN=C(CC2=CC=CC=C2)CC3=CC=CC=C3,6.303,ACN,0,CC#N
"1,4-Bis(bromomethyl)-2,3,5,6-tetrafluorobenzene_",C(C1=C(C(=C(C(=C1F)F)CBr)F)F)Br,6.262,ACN,0,CC#N
"1,4-Cyclohexanedicarboxylic-acid",C1CC(CCC1C(=O)O)C(=O)O,3.862,ACN,0,CC#N
"1,4-Dibromo-2,3-butanedione",C(C(=O)C(=O)CBr)Br,4.114,ACN,1,CC#N
1-(4-Biphenyl)-1-ethanol,CC(C1=CC=C(C=C1)C2=CC=CC=C2)O,5.562,ACN,1,CC#N
"1-(9H-Fluoren-9-ylmethyl) (2S,4S)-4-[[(1,1-dimethylethoxy)carbonyl]amino]-1,2-pyrrolidinedicarboxylate_",CC(C)(C)OC(=O)N[C@H]1C[C@H](N(C1)C(=O)OCC2C3=CC=CC=C3C4=CC=CC=C24)C(=O)O,5.724,ACN,0,CC#N
1-(tert-Butoxycarbonyl)-4-[(9H-fluoren-9-ylmethoxy)carbonyl]-2-piperazinecarboxylic_acid,CC(C)(C)OC(=O)N1CCN(CC1C(=O)O)C(=O)OCC2C3=CC=CC=C3C4=CC=CC=C24,5.934,ACN,0,CC#N
1-BROMO-3-METHYLBUTANE,CC(C)CCBr,0.0,ACN,1,CC#N
1-Benzofuran-5-carboxylic_acid,C1=CC2=C(C=CO2)C=C1C(=O)O,4.758,ACN,0,CC#N
1-Benzylpiperidine,C1CCN(CC1)CC2=CC=CC=C2,3.3,ACN,1,CC#N
1-Bromo-4-(trifluoromethoxy)benzene,C1=CC(=CC=C1OC(F)(F)F)Br,6.188,ACN,1,CC#N
1-Bromopentanemethylbenzene,CC1=C(C(=C(C(=C1C)C)Br)C)C,0.0,ACN,0,CC#N
1-Phenyl-5-(trifluoromethyl)-1H-pyrazole-4-carboxylic_acid,C1=CC=C(C=C1)N2C(=C(C=N2)C(=O)O)C(F)(F)F,5.106,ACN,1,CC#N
1-Pyrenemethanol,C1=CC2=C3C(=C1)C=CC4=C(C=CC(=C43)C=C2)CO,5.734,ACN,0,CC#N
"1-Tosyl-2,5-dihydro-1H-pyrrole",CC1=CC=C(C=C1)S(=O)(=O)N2CC=CC2,5.542,ACN,1,CC#N
"2,2"",4,4""-Tetramethylbenzophenone",CC1=CC(=C(C=C1)C(=O)C2=C(C=C(C=C2)C)C)C,6.671,ACN,1,CC#N
"2,2,2-TRIFLUOROACETOPHENONE",C1=CC=C(C=C1)C(=O)C(F)(F)F,4.769,ACN,1,CC#N
"2,3,4-Trifluorobenzoic acid",C1=CC(=C(C(=C1C(=O)O)F)F)F,4.677,ACN,1,CC#N
"2,3,6,7,10,11-Hexamethoxytriphenylene",COC1=C(C=C2C(=C1)C3=CC(=C(C=C3C4=CC(=C(C=C24)OC)OC)OC)OC)OC,5.87,ACN,0,CC#N
"2,4,6-Tris(bromomethyl)mesitylene",CC1=C(C(=C(C(=C1CBr)C)CBr)C)CBr,6.722,ACN,0,CC#N
"2,4-Dichlorophenol",C1=CC(=C(C=C1Cl)Cl)O,5.337,ACN,1,CC#N
"2,6-Bis[(4S)-4-phenyl-2-oxazolinyl]pyridine",C1[C@@H](N=C(O1)C2=NC(=CC=C2)C3=N[C@H](CO3)C4=CC=CC=C4)C5=CC=CC=C5,5.816,ACN,0,CC#N
"2,6-Dichloroiodobenzene",C1=CC(=C(C(=C1)Cl)I)Cl,6.312,ACN,1,CC#N
"2,6-Diisopropylphenol",CC(C)C1=C(C(=CC=C1)C(C)C)O,6.114,ACN,1,CC#N
"2,6-Dimethoxy-1,4-benzoquinone",COC1=CC(=O)C=C(C1=O)OC,3.943,ACN,0,CC#N
"2,6-Dimethoxybenzoyl_chloride",COC1=C(C(=CC=C1)OC)C(=O)Cl,4.229,ACN,0,CC#N
2-(3-Chlorophenoxy)propionic-acid,CC(C(=O)O)OC1=CC(=CC=C1)Cl,5.044,ACN,1,CC#N
2-(4-Chlorobenzoyl)benzoic_acid,C1=CC=C(C(=C1)C(=O)C2=CC=C(C=C2)Cl)C(=O)O,5.374,ACN,0,CC#N
2-(Diphenylphosphino)benzoic-acid,C1=CC=C(C=C1)P(C2=CC=CC=C2)C3=CC=CC=C3C(=O)O,6.127,ACN,0,CC#N
2-(Trifluoromethyl)pyridine-4-carboxylic_acid,C1=CN=C(C=C1C(=O)O)C(F)(F)F,4.163,ACN,1,CC#N
2-Amino-4-phenylphenol,C1=CC=C(C=C1)C2=CC(=C(C=C2)O)N,4.711,ACN,0,CC#N
2-Amino-6-bromopyridine,C1=CC(=NC(=C1)Br)N,4.496,ACN,1,CC#N
2-Benzyloxybenzoic_acid ,C1=CC=C(C=C1)COC2=CC=CC=C2C(=O)O,5.359,ACN,1,CC#N
"2-Bromo-2',6'-diisopropoxy-1,1'-biphenyl",CC(C)OC1=C(C(=CC=C1)OC(C)C)C2=CC=CC=C2Br,0.0,ACN,1,CC#N
2-Bromo-5-(trifluoromethyl)benzaldehyde,C1=CC(=C(C=C1C(F)(F)F)C=O)Br,5.885,ACN,1,CC#N
2-Bromo-5-chlorotoluene,CC1=C(C=CC(=C1)Cl)Br,6.454,ACN,1,CC#N
2-Bromoanthraquinone,C1=CC=C2C(=C1)C(=O)C3=C(C2=O)C=C(C=C3)Br,6.445,ACN,0,CC#N
2-Bromonaphthalen-1-ol,C1=CC=C2C(=C1)C=CC(=C2O)Br,5.757,ACN,1,CC#N
2-Bromophenethylamine,C1=CC=C(C(=C1)CCN)Br,3.473,ACN,1,CC#N
2-Bromotoluene,CC1=CC=CC=C1Br,6.157,ACN,1,CC#N
2-Hydroxy-4-(trifluoromethyl)aniline,C1=CC(=C(C=C1C(F)(F)F)O)N,4.993,ACN,0,CC#N
2-Iodobenzaldehyde,C1=CC=C(C(=C1)C=O)I,5.631,ACN,1,CC#N
2-Iodobenzyl_bromide,C1=CC=C(C(=C1)CBr)I,6.206,ACN,0,CC#N
2-Iodopyridine,C1=CC=NC(=C1)I,4.783,ACN,1,CC#N
2-Isopropylthioxanthone,CC(C)C1=CC2=C(C=C1)SC3=CC=CC=C3C2=O,6.677,ACN,0,CC#N
"2-Methyl-5-(trifluoromethyl)-1,3-benzoxazole",CC1=NC2=C(O1)C=CC(=C2)C(F)(F)F,5.479,ACN,1,CC#N
"3,3-Dimethyl-1-indanone",CC1(CC(=O)C2=CC=CC=C21)C,5.38,ACN,1,CC#N
"3,4,5-TRIBROMO-1H-PYRAZOLE",C1(=C(NN=C1Br)Br)Br,5.283,ACN,1,CC#N
"3,4,7,8-Tetramethyl-1,10-phenanthroline",CC1=CN=C2C(=C1C)C=CC3=C(C(=CN=C32)C)C,4.057,ACN,0,CC#N
"3,5-Di-tert-butylbenzoic acid",CC(C)(C)C1=CC(=CC(=C1)C(=O)O)C(C)(C)C,6.11,ACN,1,CC#N
"3,5-Dibromotoluene",CC1=CC(=CC(=C1)Br)Br,6.552,ACN,1,CC#N
"3,5-Dimethylbenzoyl_chloride",CC1=CC(=CC(=C1)C(=O)Cl)C,5.091,ACN,1,CC#N
"3,6-Dimethoxy-9H-carbazole",COC1=CC2=C(C=C1)NC3=C2C=C(C=C3)OC,5.577,ACN,1,CC#N
3-(2-Naphthyl)acrylic_acid,C1=CC=C2C=C(C=CC2=C1)/C=C/C(=O)O,5.297,ACN,0,CC#N
3-(Phenylthio)propanoic-acid,C1=CC=C(C=C1)SCCC(=O)O,5.054,ACN,1,CC#N
3-(tert-Butoxycarbonyl)benzoic_acid,CC(C)(C)OC(=O)C1=CC=CC(=C1)C(=O)O,5.33,ACN,0,CC#N
3-Bromobenzoyl_chloride,C1=CC(=CC(=C1)Br)C(=O)Cl,6.177,ACN,1,CC#N
3-Bromopropionyl_chloride,C(CBr)C(=O)Cl,3.625,ACN,1,CC#N
3-Chloro-4-methoxyaniline,COC1=C(C=C(C=C1)N)Cl,3.884,ACN,1,CC#N
3-[[(9H-Fluoren-9-ylmethoxy)carbonyl]amino]-2-naphthalenecarboxylic acid,C1=CC=C2C=C(C(=CC2=C1)C(=O)O)NC(=O)OCC3C4=CC=CC=C4C5=CC=CC=C35,6.389,ACN,0,CC#N
"4,4',4''-Trimethoxytrityl chloride",COC1=CC=C(C=C1)C(C2=CC=C(C=C2)OC)(C3=CC=C(C=C3)OC)Cl,6.063,ACN,0,CC#N
"4,4'-Dihydroxybiphenyl",C1=CC(=CC=C1C2=CC=C(C=C2)O)O,4.669,ACN,0,CC#N
"4,4'-Dimethoxybenzophenone",COC1=CC=C(C=C1)C(=O)C2=CC=C(C=C2)OC,5.783,ACN,0,CC#N
"4,4?,4??-(1,3,5-TRIAZINE-2,4,6-TRIYL)TRIBENZALDEHYDE",C1=CC(=CC=C1C=O)C2=NC(=NC(=N2)C3=CC=C(C=C3)C=O)C4=CC=C(C=C4)C=O,5.449,ACN,0,CC#N
4-(Bromomethyl)benzoic_acid,C1=CC(=CC=C1CBr)C(=O)O,4.98,ACN,0,CC#N
4-(Hydroxymethyl)phenylacetic-acid,C1=CC(=CC=C1CC(=O)O)CO,3.718,ACN,1,CC#N
4-(Trifluoroacetyl)phenacyl-bromide,C1=CC(=CC=C1C(=O)CBr)C(=O)C(F)(F)F,5.142,ACN,1,CC#N
4-(Trifluoromethyl)benzylamine,C1=CC(=CC=C1CN)C(F)(F)F,3.509,ACN,1,CC#N
"4-Bromo-3,5-dimethoxybenzoic acid",COC1=CC(=CC(=C1Br)OC)C(=O)O,5.027,ACN,0,CC#N
4-Bromo-L-phenylalanine,C1=CC(=CC=C1C[C@@H](C(=O)O)N)Br,3.622,ACN,0,CC#N
4-Chlorobenzenesulfonic_acid,C1=CC(=CC=C1S(=O)(=O)O)Cl,3.882,ACN,1,CC#N
4-Chloropyridine-3-carboxylic_acid,C1=CN=CC(=C1Cl)C(=O)O,1.818,ACN,0,CC#N
"4-Hydroxy-3,5-diiodobenzoic acid",C1=C(C=C(C(=C1I)O)I)C(=O)O,4.922,ACN,0,CC#N
4-Hydroxyphthalic_acid,C1=CC(=C(C=C1O)C(=O)O)C(=O)O,3.237,ACN,0,CC#N
4-Methoxybiphenyl,COC1=CC=C(C=C1)C2=CC=CC=C2,6.123,ACN,1,CC#N
4-Methoxytriphenylamine,COC1=CC=C(C=C1)N(C2=CC=CC=C2)C3=CC=CC=C3,6.766,ACN,0,CC#N
4-tert-Butylbenzoyl_chloride,CC(C)(C)C1=CC=C(C=C1)C(=O)Cl,5.431,ACN,1,CC#N
"5,7-Dimethyl-[1,2,4]triazolo[1,5-a]pyrimidine-2-carboxylic acid",CC1=CC(=NC2=NC(=NN12)C(=O)O)C,3.073,ACN,0,CC#N
5-(Trifluoromethyl)indole,C1=CC2=C(C=CN2)C=C1C(F)(F)F,5.722,ACN,1,CC#N
5-(Trifluoromethyl)pyridine-2-carboxaldehyde,C1=CC(=NC=C1C(F)(F)F)C=O,3.976,ACN,1,CC#N
5-Bromo-2-furoic_acid,C1=C(OC(=C1)Br)C(=O)O,4.056,ACN,1,CC#N
5-Bromo-2-phenylpyridine,C1=CC=C(C=C1)C2=NC=C(C=C2)Br,6.116,ACN,1,CC#N
"6,6'-Dibromo-1,1'-bi-2-naphthol",C1=CC2=C(C=CC(=C2C3=C(C=CC4=C3C=CC(=C4)Br)O)O)C=C1Br,6.489,ACN,1,CC#N
8-Isoquinolinecarboxaldehyde,C1=CC2=C(C=NC=C2)C(=C1)C=O,3.547,ACN,0,CC#N
Allyl-alpha-D-glucopyranoside,C=CCO[C@@H]1[C@@H]([C@H]([C@@H]([C@H](O1)CO)O)O)O,1.36,ACN,0,CC#N
Aniline-2-sulfonic_acid,C1=CC=C(C(=C1)N)S(=O)(=O)O,2.292,ACN,0,CC#N
Bis(diphenylphosphino)methane,C1=CC=C(C=C1)P(CP(C2=CC=CC=C2)C3=CC=CC=C3)C4=CC=CC=C4,0.0,ACN,0,CC#N
DL-beta-Phenylalanine,C1=CC=C(C=C1)C(CC(=O)O)N,1.918,ACN,0,CC#N
Di-tert-butylcyclopentadiene,CC(C)(C)C1C=CC(=C1)C(C)(C)C,0.0,ACN,1,CC#N
Dibenzyl-malonate,C1=CC=C(C=C1)COC(=O)CC(=O)OCC2=CC=CC=C2,5.989,ACN,1,CC#N
Dibromomaleic-acid,C(=C(\C(=O)O)/Br)(\C(=O)O)/Br,3.974,ACN,1,CC#N
Diethyl 4-Methoxyphenylphosphonate,CCOP(=O)(C1=CC=C(C=C1)OC)OCC,4.937,ACN,1,CC#N
Diethyl_dibutylmalonate,CCCCC(CCCC)(C(=O)OCC)C(=O)OCC,0.0,ACN,1,CC#N
Diethyl_phenylmalonate,CCOC(=O)C(C1=CC=CC=C1)C(=O)OCC,5.761,ACN,1,CC#N
"Dimethyl 1,3-cyclohexadiene-1,4-dicarboxylate",COC(=O)C1=CC=C(CC1)C(=O)OC,5.27,ACN,0,CC#N
"Dimethyl 2,2'-bipyridine-4,4'-dicarboxylate",COC(=O)C1=CC(=NC=C1)C2=NC=CC(=C2)C(=O)OC,5.562,ACN,0,CC#N
Dimethyl-propargylmalonate,COC(=O)C(CC#C)C(=O)OC,0.0,ACN,1,CC#N
Ethyl 2-cyclohexanoneacetate,CCOC(=O)CC1CCCCC1=O,5.103,ACN,1,CC#N
Ethyl 3-thiopheneacetate,CCOC(=O)CC1=CSC=C1,5.496,ACN,1,CC#N
"Ethyl 4,4,4-trifluoroacetoacetate",CCOC(=O)CC(=O)C(F)(F)F,4.313,ACN,1,CC#N
Ethyl mesitylglyoxylate,CCOC(=O)C(=O)C1=C(C=C(C=C1C)C)C,6.088,ACN,1,CC#N
Ethyl-3-oxohexanoate,CCCC(=O)CC(=O)OCC,5.04,ACN,1,CC#N
Ethyl-4-bromocrotonate,CCOC(=O)/C=C/CBr,5.433,ACN,1,CC#N
Ethyl-4-iodobenzoate,CCOC(=O)C1=CC=C(C=C1)I,6.153,ACN,1,CC#N
FMOC-D-ORN(ALOC)-OH,C=CCOC(=O)NCCC[C@H](C(=O)O)NC(=O)OCC1C2=CC=CC=C2C3=CC=CC=C13,5.469,ACN,0,CC#N
Flavanone,C1C(OC2=CC=CC=C2C1=O)C3=CC=CC=C3,5.939,ACN,1,CC#N
Flufenamic-acid,C1=CC=C(C(=C1)C(=O)O)NC2=CC=CC(=C2)C(F)(F)F,6.025,ACN,1,CC#N
Hematein,C1C2=CC(=C(C=C2C3=C4C=CC(=O)C(=C4OCC31O)O)O)O,4.919,ACN,0,CC#N
METHYL 2-PHTHALIMIDOACETATE,COC(=O)CN1C(=O)C2=CC=CC=C2C1=O,5.022,ACN,1,CC#N
"Methyl 6-oxo-1,6-dihydropyridine-2-carboxylate",COC(=O)C1=CC=CC(=O)N1,3.413,ACN,1,CC#N
"Methyl-2,6-dimethoxybenzoate",COC1=C(C(=CC=C1)OC)C(=O)OC,5.138,ACN,1,CC#N
Methyl-3-bromo-4-iodobenzoate,COC(=O)C1=CC(=C(C=C1)I)Br,6.256,ACN,1,CC#N
"Methyl-6-Oxo-1,6-dihydropyridazine-3-carboxylate",COC(=O)C1=NNC(=O)C=C1,3.235,ACN,0,CC#N
Methyl-diethylphosphonoacetate,CCOP(=O)(CC(=O)OC)OCC,4.05,ACN,1,CC#N
N(im)-Trityl-L-histidine,C1=CC=C(C=C1)C(C2=CC=CC=C2)(C3=CC=CC=C3)N4C=C(N=C4)C[C@@H](C(=O)O)N,4.361,ACN,0,CC#N
"N,N-Dimethyl-L-phenylalanine",CN(C)[C@@H](CC1=CC=CC=C1)C(=O)O,3.197,ACN,0,CC#N
N-Acetyl-L-tryptophan,CC(=O)N[C@@H](CC1=CNC2=CC=CC=C21)C(=O)O,4.141,ACN,0,CC#N
N-Benzylidenebenzylamine,C1=CC=C(C=C1)CN=CC2=CC=CC=C2,4.85,ACN,1,CC#N
N-Phthaloylglycine,C1=CC=C2C(=C1)C(=O)N(C2=O)CC(=O)O,4.125,ACN,1,CC#N
"N-[(1,1-Dimethylethoxy)carbonyl]-L-histidine methyl_ester",CC(C)(C)OC(=O)N[C@@H](CC1=CN=CN1)C(=O)OC,3.445,ACN,0,CC#N
N-[(Phenylmethoxy)carbonyl]-O-(phenylmethyl)-L-serine_,C1=CC=C(C=C1)COC[C@@H](C(=O)O)NC(=O)OCC2=CC=CC=C2,5.432,ACN,1,CC#N
"N6-[(1,1-Dimethylethoxy)carbonyl]-N2-[(9H-fluoren-9-ylmethoxy)carbonyl]-2-methyl-D-lysine",C[C@@](CCCCNC(=O)OC(C)(C)C)(C(=O)O)NC(=O)OCC1C2=CC=CC=C2C3=CC=CC=C13,5.893,ACN,1,CC#N
"N6-[(1,1-Dimethylethoxy)carbonyl]-N2-[(phenylmethoxy)carbonyl]-L-lysine",CC(C)(C)OC(=O)NCCCC[C@@H](C(=O)O)NC(=O)OCC1=CC=CC=C1,5.311,ACN,1,CC#N
Nalpha-[(9H-Fluoren-9-ylmethoxy)carbonyl]-L-threonine tert-Butyl-Ester,C[C@H]([C@@H](C(=O)OC(C)(C)C)NC(=O)OCC1C2=CC=CC=C2C3=CC=CC=C13)O,6.036,ACN,1,CC#N
Phenyl-benzoate,C1=CC=C(C=C1)C(=O)OC2=CC=CC=C2,6.089,ACN,1,CC#N
Pindolol,CC(C)NCC(COC1=CC=CC2=C1C=CN2)O,3.486,ACN,0,CC#N
Protocatechuic_acid,C1=CC(=C(C=C1C(=O)O)O)O,3.331,ACN,1,CC#N
Suberic_acid_monomethyl_ester,COC(=O)CCCCCCC(=O)O,4.605,ACN,0,CC#N
Z-D-Glu-OBzl,C1=CC=C(C=C1)COC(=O)[C@@H](CCC(=O)O)NC(=O)OCC2=CC=CC=C2,5.408,ACN,0,CC#N
Z-D-Phg-OH,C1=CC=C(C=C1)COC(=O)N[C@H](C2=CC=CC=C2)C(=O)O,5.194,ACN,0,CC#N
"meso-1,2-Dibromo-1,2-diphenylethane",C1=CC=C(C=C1)C(C(C2=CC=CC=C2)Br)Br,6.367,ACN,0,CC#N
mono-tert-Butyl_succinate,CC(C)(C)OC(=O)CCC(=O)O,4.527,ACN,1,CC#N
pentafluorobenzyl-bromide,C(C1=C(C(=C(C(=C1F)F)F)F)F)Br,6.171,ACN,1,CC#N
"trans-1,2-Bis(phenylsulfonyl)ethylene",C1=CC=C(C=C1)S(=O)(=O)/C=C/S(=O)(=O)C2=CC=CC=C2,5.559,ACN,0,CC#N
trans-4-(9-Fluorenylmethyloxycarbonylaminomethyl)-cyclohexanoic_acid,C1CC(CCC1CNC(=O)OCC2C3=CC=CC=C3C4=CC=CC=C24)C(=O)O,5.583,ACN,0,CC#N
trans-Aconitic-acid,C(/C(=C\C(=O)O)/C(=O)O)C(=O)O,1.35,ACN,1,CC#N
(1-BROMOETHYL)BENZENE,CC(C1=CC=CC=C1)Br,5.967,ACN,1,CC#N
"(2,6-Dioxo-piperidin-4-yl)-acetic_acid",C1C(CC(=O)NC1=O)CC(=O)O,0.0,ACN,0,CC#N
(2-BENZYLOXYCARBONYLAMINO-ACETYLAMINO)-ACETIC_ACID,C1=CC=C(C=C1)COC(=O)NCC(=O)NCC(=O)O,4.144,ACN,0,CC#N
(2S)-2-{[(9H-fluoren-9-ylmethoxy)carbonyl]amino}-4-hydroxybutanoic acid,C1=CC=C2C(=C1)C(C3=CC=CC=C32)COC(=O)N[C@@H](CCO)C(=O)O,3.558,ACN,0,CC#N
"(2S,5S)-1-Hydroxy-2,5-diphenylphospholane 1-oxide",C1C[C@H](P(=O)([C@@H]1C2=CC=CC=C2)O)C3=CC=CC=C3,2.549,ACN,0,CC#N
"(?S)-4-(1,1-Dimethylethoxy)-?-[[(9H-fluoren-9-ylmethoxy)carbonyl]amino]benzenebutanoic_acid",CC(C)(C)OC1=CC=C(C=C1)CC[C@@H](C(=O)O)NC(=O)OCC2C3=CC=CC=C3C4=CC=CC=C24,3.933,ACN,0,CC#N
(R)-(-)-2-Methoxy-2-phenylethanol,CO[C@@H](CO)C1=CC=CC=C1,4.342,ACN,1,CC#N
"(S)-(-)-2-Amino-3-methyl-1,1-diphenyl-1-butanol",CC(C)[C@@H](C(C1=CC=CC=C1)(C2=CC=CC=C2)O)N,6.79,ACN,1,CC#N
(S)-Benzyl 2-(((S)-1-methoxy-4-methyl-1-oxopentan-2-yl)carbamoyl)pyrrolidine-1-carboxylate,CC(C)C[C@@H](C(=O)OC)NC(=O)[C@@H]1CCCN1C(=O)OCC2=CC=CC=C2,5.557,ACN,1,CC#N
"1,1,1-Tris(4-hydroxyphenyl)ethane",CC(C1=CC=C(C=C1)O)(C2=CC=C(C=C2)O)C3=CC=C(C=C3)O,4.966,ACN,1,CC#N
"1,1,3-Triphenylpropargyl alcohol",C1=CC=C(C=C1)C#CC(C2=CC=CC=C2)(C3=CC=CC=C3)O,6.219,ACN,1,CC#N
"1,2-Bis(4-hydroxyphenyl)ethane-1,2-dione",C1=CC(=CC=C1C(=O)C(=O)C2=CC=C(C=C2)O)O,0.0,ACN,0,CC#N
"1,3-Bis(trifluoromethyl)-5-bromobenzene",C1=C(C=C(C=C1C(F)(F)F)Br)C(F)(F)F,6.352,ACN,1,CC#N
"1,3-Butanediol-diacrylate",CC(CCOC(=O)C=C)OC(=O)C=C,5.342,ACN,1,CC#N
"1,3-Dimethyl 2-[(4-methoxyphenyl)methylene]propanedioate",COC1=CC=C(C=C1)C=C(C(=O)OC)C(=O)OC,5.492,ACN,1,CC#N
"1,3-Diphenylacetone_p-tosylhydrazone",CC1=CC=C(C=C1)S(=O)(=O)NN=C(CC2=CC=CC=C2)CC3=CC=CC=C3,6.124,ACN,0,CC#N
"1,4-Bis(bromomethyl)-2,3,5,6-tetrafluorobenzene_",C(C1=C(C(=C(C(=C1F)F)CBr)F)F)Br,6.298,ACN,0,CC#N
"1,4-Cyclohexanedicarboxylic-acid",C1CC(CCC1C(=O)O)C(=O)O,0.0,ACN,0,CC#N
"1,4-Dibromo-2,3-butanedione",C(C(=O)C(=O)CBr)Br,3.62,ACN,1,CC#N
1-(4-Biphenyl)-1-ethanol,CC(C1=CC=C(C=C1)C2=CC=CC=C2)O,5.558,ACN,1,CC#N
"1-(9H-Fluoren-9-ylmethyl) (2S,4S)-4-[[(1,1-dimethylethoxy)carbonyl]amino]-1,2-pyrrolidinedicarboxylate_",CC(C)(C)OC(=O)N[C@H]1C[C@H](N(C1)C(=O)OCC2C3=CC=CC=C3C4=CC=CC=C24)C(=O)O,3.658,ACN,0,CC#N
1-(tert-Butoxycarbonyl)-4-[(9H-fluoren-9-ylmethoxy)carbonyl]-2-piperazinecarboxylic_acid,CC(C)(C)OC(=O)N1CCN(CC1C(=O)O)C(=O)OCC2C3=CC=CC=C3C4=CC=CC=C24,3.705,ACN,0,CC#N
1-BROMO-3-METHYLBUTANE,CC(C)CCBr,0.0,ACN,1,CC#N
1-Benzofuran-5-carboxylic_acid,C1=CC2=C(C=CO2)C=C1C(=O)O,0.0,ACN,0,CC#N
1-Benzylpiperidine,C1CCN(CC1)CC2=CC=CC=C2,0.0,ACN,1,CC#N
1-Bromo-4-(trifluoromethoxy)benzene,C1=CC(=CC=C1OC(F)(F)F)Br,0.0,ACN,1,CC#N
1-Bromopentanemethylbenzene,CC1=C(C(=C(C(=C1C)C)Br)C)C,0.0,ACN,0,CC#N
1-Phenyl-5-(trifluoromethyl)-1H-pyrazole-4-carboxylic_acid,C1=CC=C(C=C1)N2C(=C(C=N2)C(=O)O)C(F)(F)F,1.555,ACN,1,CC#N
1-Pyrenemethanol,C1=CC2=C3C(=C1)C=CC4=C(C=CC(=C43)C=C2)CO,5.63,ACN,0,CC#N
"1-Tosyl-2,5-dihydro-1H-pyrrole",CC1=CC=C(C=C1)S(=O)(=O)N2CC=CC2,5.568,ACN,1,CC#N
"2,2"",4,4""-Tetramethylbenzophenone",CC1=CC(=C(C=C1)C(=O)C2=C(C=C(C=C2)C)C)C,6.718,ACN,1,CC#N
"2,2,2-TRIFLUOROACETOPHENONE",C1=CC=C(C=C1)C(=O)C(F)(F)F,4.757,ACN,1,CC#N
"2,3,4-Trifluorobenzoic acid",C1=CC(=C(C(=C1C(=O)O)F)F)F,0.0,ACN,1,CC#N
"2,3,6,7,10,11-Hexamethoxytriphenylene",COC1=C(C=C2C(=C1)C3=CC(=C(C=C3C4=CC(=C(C=C24)OC)OC)OC)OC)OC,5.892,ACN,0,CC#N
"2,4,6-Tris(bromomethyl)mesitylene",CC1=C(C(=C(C(=C1CBr)C)CBr)C)CBr,6.604,ACN,0,CC#N
"2,4-Dichlorophenol",C1=CC(=C(C=C1Cl)Cl)O,5.219,ACN,1,CC#N
"2,6-Bis[(4S)-4-phenyl-2-oxazolinyl]pyridine",C1[C@@H](N=C(O1)C2=NC(=CC=C2)C3=N[C@H](CO3)C4=CC=CC=C4)C5=CC=CC=C5,5.83,ACN,0,CC#N
"2,6-Dichloroiodobenzene",C1=CC(=C(C(=C1)Cl)I)Cl,5.546,ACN,1,CC#N
"2,6-Diisopropylphenol",CC(C)C1=C(C(=CC=C1)C(C)C)O,6.125,ACN,1,CC#N
"2,6-Dimethoxy-1,4-benzoquinone",COC1=CC(=O)C=C(C1=O)OC,3.926,ACN,0,CC#N
"2,6-Dimethoxybenzoyl_chloride",COC1=C(C(=CC=C1)OC)C(=O)Cl,0.0,ACN,0,CC#N
2-(3-Chlorophenoxy)propionic-acid,CC(C(=O)O)OC1=CC(=CC=C1)Cl,0.0,ACN,1,CC#N
2-(4-Chlorobenzoyl)benzoic_acid,C1=CC=C(C(=C1)C(=O)C2=CC=C(C=C2)Cl)C(=O)O,3.145,ACN,0,CC#N
2-(Diphenylphosphino)benzoic-acid,C1=CC=C(C=C1)P(C2=CC=CC=C2)C3=CC=CC=C3C(=O)O,4.301,ACN,0,CC#N
2-(Trifluoromethyl)pyridine-4-carboxylic_acid,C1=CN=C(C=C1C(=O)O)C(F)(F)F,0.0,ACN,1,CC#N
2-Amino-4-phenylphenol,C1=CC=C(C=C1)C2=CC(=C(C=C2)O)N,4.993,ACN,0,CC#N
2-Amino-6-bromopyridine,C1=CC(=NC(=C1)Br)N,4.539,ACN,1,CC#N
2-Benzyloxybenzoic_acid ,C1=CC=C(C=C1)COC2=CC=CC=C2C(=O)O,1.02,ACN,1,CC#N
"2-Bromo-2',6'-diisopropoxy-1,1'-biphenyl",CC(C)OC1=C(C(=CC=C1)OC(C)C)C2=CC=CC=C2Br,6.718,ACN,1,CC#N
2-Bromo-5-(trifluoromethyl)benzaldehyde,C1=CC(=C(C=C1C(F)(F)F)C=O)Br,5.909,ACN,1,CC#N
2-Bromo-5-chlorotoluene,CC1=C(C=CC(=C1)Cl)Br,6.34,ACN,1,CC#N
2-Bromoanthraquinone,C1=CC=C2C(=C1)C(=O)C3=C(C2=O)C=C(C=C3)Br,6.448,ACN,0,CC#N
2-Bromonaphthalen-1-ol,C1=CC=C2C(=C1)C=CC(=C2O)Br,5.471,ACN,1,CC#N
2-Bromophenethylamine,C1=CC=C(C(=C1)CCN)Br,4.843,ACN,1,CC#N
2-Bromotoluene,CC1=CC=CC=C1Br,6.192,ACN,1,CC#N
2-Hydroxy-4-(trifluoromethyl)aniline,C1=CC(=C(C=C1C(F)(F)F)O)N,5.006,ACN,0,CC#N
2-Iodobenzaldehyde,C1=CC=C(C(=C1)C=O)I,5.649,ACN,1,CC#N
2-Iodobenzyl_bromide,C1=CC=C(C(=C1)CBr)I,6.106,ACN,0,CC#N
2-Iodopyridine,C1=CC=NC(=C1)I,4.791,ACN,1,CC#N
2-Isopropylthioxanthone,CC(C)C1=CC2=C(C=C1)SC3=CC=CC=C3C2=O,6.709,ACN,0,CC#N
"2-Methyl-5-(trifluoromethyl)-1,3-benzoxazole",CC1=NC2=C(O1)C=CC(=C2)C(F)(F)F,5.487,ACN,1,CC#N
"3,3-Dimethyl-1-indanone",CC1(CC(=O)C2=CC=CC=C21)C,5.403,ACN,1,CC#N
"3,4,5-TRIBROMO-1H-PYRAZOLE",C1(=C(NN=C1Br)Br)Br,4.016,ACN,1,CC#N
"3,4,7,8-Tetramethyl-1,10-phenanthroline",CC1=CN=C2C(=C1C)C=CC3=C(C(=CN=C32)C)C,0.0,ACN,0,CC#N
"3,5-Di-tert-butylbenzoic acid",CC(C)(C)C1=CC(=CC(=C1)C(=O)O)C(C)(C)C,3.58,ACN,1,CC#N
"3,5-Dibromotoluene",CC1=CC(=CC(=C1)Br)Br,6.456,ACN,1,CC#N
"3,5-Dimethylbenzoyl_chloride",CC1=CC(=CC(=C1)C(=O)Cl)C,0.0,ACN,1,CC#N
"3,6-Dimethoxy-9H-carbazole",COC1=CC2=C(C=C1)NC3=C2C=C(C=C3)OC,5.577,ACN,1,CC#N
3-(2-Naphthyl)acrylic_acid,C1=CC=C2C=C(C=CC2=C1)/C=C/C(=O)O,1.842,ACN,0,CC#N
3-(Phenylthio)propanoic-acid,C1=CC=C(C=C1)SCCC(=O)O,0.0,ACN,1,CC#N
3-(tert-Butoxycarbonyl)benzoic_acid,CC(C)(C)OC(=O)C1=CC=CC(=C1)C(=O)O,2.692,ACN,0,CC#N
3-Bromobenzoyl_chloride,C1=CC(=CC(=C1)Br)C(=O)Cl,6.192,ACN,1,CC#N
3-Bromopropionyl_chloride,C(CBr)C(=O)Cl,0.0,ACN,1,CC#N
3-Chloro-4-methoxyaniline,COC1=C(C=C(C=C1)N)Cl,4.796,ACN,1,CC#N
3-[[(9H-Fluoren-9-ylmethoxy)carbonyl]amino]-2-naphthalenecarboxylic acid,C1=CC=C2C=C(C(=CC2=C1)C(=O)O)NC(=O)OCC3C4=CC=CC=C4C5=CC=CC=C35,4.224,ACN,0,CC#N
"4,4',4''-Trimethoxytrityl chloride",COC1=CC=C(C=C1)C(C2=CC=C(C=C2)OC)(C3=CC=C(C=C3)OC)Cl,5.956,ACN,0,CC#N
"4,4'-Dihydroxybiphenyl",C1=CC(=CC=C1C2=CC=C(C=C2)O)O,4.662,ACN,0,CC#N
"4,4'-Dimethoxybenzophenone",COC1=CC=C(C=C1)C(=O)C2=CC=C(C=C2)OC,5.813,ACN,0,CC#N
"4,4?,4??-(1,3,5-TRIAZINE-2,4,6-TRIYL)TRIBENZALDEHYDE",C1=CC(=CC=C1C=O)C2=NC(=NC(=N2)C3=CC=C(C=C3)C=O)C4=CC=C(C=C4)C=O,5.452,ACN,0,CC#N
4-(Bromomethyl)benzoic_acid,C1=CC(=CC=C1CBr)C(=O)O,0.0,ACN,0,CC#N
4-(Hydroxymethyl)phenylacetic-acid,C1=CC(=CC=C1CC(=O)O)CO,0.0,ACN,1,CC#N
4-(Trifluoroacetyl)phenacyl-bromide,C1=CC(=CC=C1C(=O)CBr)C(=O)C(F)(F)F,5.13,ACN,1,CC#N
4-(Trifluoromethyl)benzylamine,C1=CC(=CC=C1CN)C(F)(F)F,6.592,ACN,1,CC#N
"4-Bromo-3,5-dimethoxybenzoic acid",COC1=CC(=CC(=C1Br)OC)C(=O)O,1.023,ACN,0,CC#N
4-Bromo-L-phenylalanine,C1=CC(=CC=C1C[C@@H](C(=O)O)N)Br,3.402,ACN,0,CC#N
4-Chlorobenzenesulfonic_acid,C1=CC(=CC=C1S(=O)(=O)O)Cl,0.0,ACN,1,CC#N
4-Chloropyridine-3-carboxylic_acid,C1=CN=CC(=C1Cl)C(=O)O,0.0,ACN,0,CC#N
"4-Hydroxy-3,5-diiodobenzoic acid",C1=C(C=C(C(=C1I)O)I)C(=O)O,0.0,ACN,0,CC#N
4-Hydroxyphthalic_acid,C1=CC(=C(C=C1O)C(=O)O)C(=O)O,0.0,ACN,0,CC#N
4-Methoxybiphenyl,COC1=CC=C(C=C1)C2=CC=CC=C2,6.133,ACN,1,CC#N
4-Methoxytriphenylamine,COC1=CC=C(C=C1)N(C2=CC=CC=C2)C3=CC=CC=C3,0.0,ACN,0,CC#N
4-tert-Butylbenzoyl_chloride,CC(C)(C)C1=CC=C(C=C1)C(=O)Cl,1.757,ACN,1,CC#N
"5,7-Dimethyl-[1,2,4]triazolo[1,5-a]pyrimidine-2-carboxylic acid",CC1=CC(=NC2=NC(=NN12)C(=O)O)C,0.0,ACN,0,CC#N
5-(Trifluoromethyl)indole,C1=CC2=C(C=CN2)C=C1C(F)(F)F,5.736,ACN,1,CC#N
5-(Trifluoromethyl)pyridine-2-carboxaldehyde,C1=CC(=NC=C1C(F)(F)F)C=O,4.096,ACN,1,CC#N
5-Bromo-2-furoic_acid,C1=C(OC(=C1)Br)C(=O)O,0.0,ACN,1,CC#N
5-Bromo-2-phenylpyridine,C1=CC=C(C=C1)C2=NC=C(C=C2)Br,6.024,ACN,1,CC#N
"6,6'-Dibromo-1,1'-bi-2-naphthol",C1=CC2=C(C=CC(=C2C3=C(C=CC4=C3C=CC(=C4)Br)O)O)C=C1Br,6.48,ACN,1,CC#N
8-Isoquinolinecarboxaldehyde,C1=CC2=C(C=NC=C2)C(=C1)C=O,4.445,ACN,0,CC#N
Allyl-alpha-D-glucopyranoside,C=CCO[C@@H]1[C@@H]([C@H]([C@@H]([C@H](O1)CO)O)O)O,1.351,ACN,0,CC#N
Aniline-2-sulfonic_acid,C1=CC=C(C(=C1)N)S(=O)(=O)O,0.0,ACN,0,CC#N
Bis(diphenylphosphino)methane,C1=CC=C(C=C1)P(CP(C2=CC=CC=C2)C3=CC=CC=C3)C4=CC=CC=C4,0.0,ACN,0,CC#N
DL-beta-Phenylalanine,C1=CC=C(C=C1)C(CC(=O)O)N,1.803,ACN,0,CC#N
Di-tert-butylcyclopentadiene,CC(C)(C)C1C=CC(=C1)C(C)(C)C,0.0,ACN,1,CC#N
Dibenzyl-malonate,C1=CC=C(C=C1)COC(=O)CC(=O)OCC2=CC=CC=C2,6.014,ACN,1,CC#N
Dibromomaleic-acid,C(=C(\C(=O)O)/Br)(\C(=O)O)/Br,0.0,ACN,1,CC#N
Diethyl 4-Methoxyphenylphosphonate,CCOP(=O)(C1=CC=C(C=C1)OC)OCC,4.883,ACN,1,CC#N
Diethyl_dibutylmalonate,CCCCC(CCCC)(C(=O)OCC)C(=O)OCC,6.745,ACN,1,CC#N
Diethyl_phenylmalonate,CCOC(=O)C(C1=CC=CC=C1)C(=O)OCC,5.776,ACN,1,CC#N
"Dimethyl 1,3-cyclohexadiene-1,4-dicarboxylate",COC(=O)C1=CC=C(CC1)C(=O)OC,5.209,ACN,0,CC#N
"Dimethyl 2,2'-bipyridine-4,4'-dicarboxylate",COC(=O)C1=CC(=NC=C1)C2=NC=CC(=C2)C(=O)OC,5.588,ACN,0,CC#N
Dimethyl-propargylmalonate,COC(=O)C(CC#C)C(=O)OC,0.0,ACN,1,CC#N
Ethyl 2-cyclohexanoneacetate,CCOC(=O)CC1CCCCC1=O,0.0,ACN,1,CC#N
Ethyl 3-thiopheneacetate,CCOC(=O)CC1=CSC=C1,5.513,ACN,1,CC#N
"Ethyl 4,4,4-trifluoroacetoacetate",CCOC(=O)CC(=O)C(F)(F)F,4.264,ACN,1,CC#N
Ethyl mesitylglyoxylate,CCOC(=O)C(=O)C1=C(C=C(C=C1C)C)C,5.994,ACN,1,CC#N
Ethyl-3-oxohexanoate,CCCC(=O)CC(=O)OCC,5.922,ACN,1,CC#N
Ethyl-4-bromocrotonate,CCOC(=O)/C=C/CBr,5.447,ACN,1,CC#N
Ethyl-4-iodobenzoate,CCOC(=O)C1=CC=C(C=C1)I,6.168,ACN,1,CC#N
FMOC-D-ORN(ALOC)-OH,C=CCOC(=O)NCCC[C@H](C(=O)O)NC(=O)OCC1C2=CC=CC=C2C3=CC=CC=C13,3.596,ACN,0,CC#N
Flavanone,C1C(OC2=CC=CC=C2C1=O)C3=CC=CC=C3,5.964,ACN,1,CC#N
Flufenamic-acid,C1=CC=C(C(=C1)C(=O)O)NC2=CC=CC(=C2)C(F)(F)F,3.789,ACN,1,CC#N
Hematein,C1C2=CC(=C(C=C2C3=C4C=CC(=O)C(=C4OCC31O)O)O)O,3.47,ACN,0,CC#N
METHYL 2-PHTHALIMIDOACETATE,COC(=O)CN1C(=O)C2=CC=CC=C2C1=O,5.027,ACN,1,CC#N
"Methyl 6-oxo-1,6-dihydropyridine-2-carboxylate",COC(=O)C1=CC=CC(=O)N1,3.345,ACN,1,CC#N
"Methyl-2,6-dimethoxybenzoate",COC1=C(C(=CC=C1)OC)C(=O)OC,5.156,ACN,1,CC#N
Methyl-3-bromo-4-iodobenzoate,COC(=O)C1=CC(=C(C=C1)I)Br,6.276,ACN,1,CC#N
"Methyl-6-Oxo-1,6-dihydropyridazine-3-carboxylate",COC(=O)C1=NNC(=O)C=C1,1.933,ACN,0,CC#N
Methyl-diethylphosphonoacetate,CCOP(=O)(CC(=O)OC)OCC,4.075,ACN,1,CC#N
N(im)-Trityl-L-histidine,C1=CC=C(C=C1)C(C2=CC=CC=C2)(C3=CC=CC=C3)N4C=C(N=C4)C[C@@H](C(=O)O)N,0.0,ACN,0,CC#N
"N,N-Dimethyl-L-phenylalanine",CN(C)[C@@H](CC1=CC=CC=C1)C(=O)O,2.23,ACN,0,CC#N
N-Acetyl-L-tryptophan,CC(=O)N[C@@H](CC1=CNC2=CC=CC=C21)C(=O)O,0.0,ACN,0,CC#N
N-Benzylidenebenzylamine,C1=CC=C(C=C1)CN=CC2=CC=CC=C2,6.028,ACN,1,CC#N
N-Phthaloylglycine,C1=CC=C2C(=C1)C(=O)N(C2=O)CC(=O)O,0.0,ACN,1,CC#N
"N-[(1,1-Dimethylethoxy)carbonyl]-L-histidine methyl_ester",CC(C)(C)OC(=O)N[C@@H](CC1=CN=CN1)C(=O)OC,4.47,ACN,0,CC#N
N-[(Phenylmethoxy)carbonyl]-O-(phenylmethyl)-L-serine_,C1=CC=C(C=C1)COC[C@@H](C(=O)O)NC(=O)OCC2=CC=CC=C2,3.575,ACN,1,CC#N
"N6-[(1,1-Dimethylethoxy)carbonyl]-N2-[(9H-fluoren-9-ylmethoxy)carbonyl]-2-methyl-D-lysine",C[C@@](CCCCNC(=O)OC(C)(C)C)(C(=O)O)NC(=O)OCC1C2=CC=CC=C2C3=CC=CC=C13,3.778,ACN,1,CC#N
"N6-[(1,1-Dimethylethoxy)carbonyl]-N2-[(phenylmethoxy)carbonyl]-L-lysine",CC(C)(C)OC(=O)NCCCC[C@@H](C(=O)O)NC(=O)OCC1=CC=CC=C1,3.45,ACN,1,CC#N
Nalpha-[(9H-Fluoren-9-ylmethoxy)carbonyl]-L-threonine tert-Butyl-Ester,C[C@H]([C@@H](C(=O)OC(C)(C)C)NC(=O)OCC1C2=CC=CC=C2C3=CC=CC=C13)O,6.055,ACN,1,CC#N
Phenyl-benzoate,C1=CC=C(C=C1)C(=O)OC2=CC=CC=C2,6.025,ACN,1,CC#N
Pindolol,CC(C)NCC(COC1=CC=CC2=C1C=CN2)O,0.0,ACN,0,CC#N
Protocatechuic_acid,C1=CC(=C(C=C1C(=O)O)O)O,0.0,ACN,1,CC#N
Suberic_acid_monomethyl_ester,COC(=O)CCCCCCC(=O)O,0.0,ACN,0,CC#N
Z-D-Glu-OBzl,C1=CC=C(C=C1)COC(=O)[C@@H](CCC(=O)O)NC(=O)OCC2=CC=CC=C2,3.553,ACN,0,CC#N
Z-D-Phg-OH,C1=CC=C(C=C1)COC(=O)N[C@H](C2=CC=CC=C2)C(=O)O,3.297,ACN,0,CC#N
"meso-1,2-Dibromo-1,2-diphenylethane",Did not work,6.381,ACN,0,CC#N
mono-tert-Butyl_succinate,CC(C)(C)OC(=O)CCC(=O)O,0.0,ACN,1,CC#N
pentafluorobenzyl-bromide,C(C1=C(C(=C(C(=C1F)F)F)F)F)Br,6.066,ACN,1,CC#N
"trans-1,2-Bis(phenylsulfonyl)ethylene",C1=CC=C(C=C1)S(=O)(=O)/C=C/S(=O)(=O)C2=CC=CC=C2,5.567,ACN,0,CC#N
trans-4-(9-Fluorenylmethyloxycarbonylaminomethyl)-cyclohexanoic_acid,C1CC(CCC1CNC(=O)OCC2C3=CC=CC=C3C4=CC=CC=C24)C(=O)O,3.542,ACN,0,CC#N
trans-Aconitic-acid,C(/C(=C\C(=O)O)/C(=O)O)C(=O)O,0.0,ACN,1,CC#N
(1-BROMOETHYL)BENZENE,CC(C1=CC=CC=C1)Br,5.607,DMSO,1,CS(=O)C
"(2,6-Dioxo-piperidin-4-yl)-acetic_acid",C1C(CC(=O)NC1=O)CC(=O)O,1.146,DMSO,1,CS(=O)C
(2-BENZYLOXYCARBONYLAMINO-ACETYLAMINO)-ACETIC_ACID,C1=CC=C(C=C1)COC(=O)NCC(=O)NCC(=O)O,4.021,DMSO,1,CS(=O)C
(2S)-2-{[(9H-fluoren-9-ylmethoxy)carbonyl]amino}-4-hydroxybutanoic acid,C1=CC=C2C(=C1)C(C3=CC=CC=C32)COC(=O)N[C@@H](CCO)C(=O)O,3.327,DMSO,1,CS(=O)C
"(2S,5S)-1-Hydroxy-2,5-diphenylphospholane 1-oxide",C1C[C@H](P(=O)([C@@H]1C2=CC=CC=C2)O)C3=CC=CC=C3,5.678,DMSO,0,CS(=O)C
"(?S)-4-(1,1-Dimethylethoxy)-?-[[(9H-fluoren-9-ylmethoxy)carbonyl]amino]benzenebutanoic_acid",CC(C)(C)OC1=CC=C(C=C1)CC[C@@H](C(=O)O)NC(=O)OCC2C3=CC=CC=C3C4=CC=CC=C24,6.019,DMSO,1,CS(=O)C
(R)-(-)-2-Methoxy-2-phenylethanol,CO[C@@H](CO)C1=CC=CC=C1,3.983,DMSO,1,CS(=O)C
"(S)-(-)-2-Amino-3-methyl-1,1-diphenyl-1-butanol",CC(C)[C@@H](C(C1=CC=CC=C1)(C2=CC=CC=C2)O)N,3.412,DMSO,1,CS(=O)C
(S)-Benzyl 2-(((S)-1-methoxy-4-methyl-1-oxopentan-2-yl)carbamoyl)pyrrolidine-1-carboxylate,CC(C)C[C@@H](C(=O)OC)NC(=O)[C@@H]1CCCN1C(=O)OCC2=CC=CC=C2,5.141,DMSO,1,CS(=O)C
"1,1,1-Tris(4-hydroxyphenyl)ethane",CC(C1=CC=C(C=C1)O)(C2=CC=C(C=C2)O)C3=CC=C(C=C3)O,4.627,DMSO,1,CS(=O)C
"1,1,3-Triphenylpropargyl alcohol",C1=CC=C(C=C1)C#CC(C2=CC=CC=C2)(C3=CC=CC=C3)O,5.897,DMSO,1,CS(=O)C
"1,2-Bis(4-hydroxyphenyl)ethane-1,2-dione",C1=CC(=CC=C1C(=O)C(=O)C2=CC=C(C=C2)O)O,4.482,DMSO,1,CS(=O)C
"1,3-Bis(trifluoromethyl)-5-bromobenzene",C1=C(C=C(C=C1C(F)(F)F)Br)C(F)(F)F,6.098,DMSO,1,CS(=O)C
"1,3-Butanediol-diacrylate",CC(CCOC(=O)C=C)OC(=O)C=C,5.0,DMSO,1,CS(=O)C
"1,3-Dimethyl 2-[(4-methoxyphenyl)methylene]propanedioate",COC1=CC=C(C=C1)C=C(C(=O)OC)C(=O)OC,5.161,DMSO,1,CS(=O)C
"1,3-Diphenylacetone_p-tosylhydrazone",CC1=CC=C(C=C1)S(=O)(=O)NN=C(CC2=CC=CC=C2)CC3=CC=CC=C3,5.892,DMSO,0,CS(=O)C
"1,4-Bis(bromomethyl)-2,3,5,6-tetrafluorobenzene_",C(C1=C(C(=C(C(=C1F)F)CBr)F)F)Br,5.895,DMSO,0,CS(=O)C
"1,4-Cyclohexanedicarboxylic-acid",C1CC(CCC1C(=O)O)C(=O)O,3.53,DMSO,0,CS(=O)C
"1,4-Dibromo-2,3-butanedione",C(C(=O)C(=O)CBr)Br,3.506,DMSO,1,CS(=O)C
1-(4-Biphenyl)-1-ethanol,CC(C1=CC=C(C=C1)C2=CC=CC=C2)O,5.167,DMSO,0,CS(=O)C
"1-(9H-Fluoren-9-ylmethyl) (2S,4S)-4-[[(1,1-dimethylethoxy)carbonyl]amino]-1,2-pyrrolidinedicarboxylate_",CC(C)(C)OC(=O)N[C@H]1C[C@H](N(C1)C(=O)OCC2C3=CC=CC=C3C4=CC=CC=C24)C(=O)O,5.559,DMSO,1,CS(=O)C
1-(tert-Butoxycarbonyl)-4-[(9H-fluoren-9-ylmethoxy)carbonyl]-2-piperazinecarboxylic_acid,CC(C)(C)OC(=O)N1CCN(CC1C(=O)O)C(=O)OCC2C3=CC=CC=C3C4=CC=CC=C24,5.7,DMSO,1,CS(=O)C
1-BROMO-3-METHYLBUTANE,CC(C)CCBr,0.0,DMSO,1,CS(=O)C
1-Benzofuran-5-carboxylic_acid,C1=CC2=C(C=CO2)C=C1C(=O)O,4.429,DMSO,0,CS(=O)C
1-Benzylpiperidine,C1CCN(CC1)CC2=CC=CC=C2,0.0,DMSO,1,CS(=O)C
1-Bromo-4-(trifluoromethoxy)benzene,C1=CC(=CC=C1OC(F)(F)F)Br,5.937,DMSO,1,CS(=O)C
1-Bromopentanemethylbenzene,CC1=C(C(=C(C(=C1C)C)Br)C)C,6.696,DMSO,0,CS(=O)C
1-Phenyl-5-(trifluoromethyl)-1H-pyrazole-4-carboxylic_acid,C1=CC=C(C=C1)N2C(=C(C=N2)C(=O)O)C(F)(F)F,4.911,DMSO,1,CS(=O)C
1-Pyrenemethanol,C1=CC2=C3C(=C1)C=CC4=C(C=CC(=C43)C=C2)CO,5.4,DMSO,1,CS(=O)C
"1-Tosyl-2,5-dihydro-1H-pyrrole",CC1=CC=C(C=C1)S(=O)(=O)N2CC=CC2,5.089,DMSO,1,CS(=O)C
"2,2"",4,4""-Tetramethylbenzophenone",CC1=CC(=C(C=C1)C(=O)C2=C(C=C(C=C2)C)C)C,6.309,DMSO,1,CS(=O)C
"2,2,2-TRIFLUOROACETOPHENONE",C1=CC=C(C=C1)C(=O)C(F)(F)F,4.383,DMSO,1,CS(=O)C
"2,3,4-Trifluorobenzoic acid",C1=CC(=C(C(=C1C(=O)O)F)F)F,4.672,DMSO,1,CS(=O)C
"2,3,6,7,10,11-Hexamethoxytriphenylene",COC1=C(C=C2C(=C1)C3=CC(=C(C=C3C4=CC(=C(C=C24)OC)OC)OC)OC)OC,5.531,DMSO,0,CS(=O)C
"2,4,6-Tris(bromomethyl)mesitylene",CC1=C(C(=C(C(=C1CBr)C)CBr)C)CBr,6.232,DMSO,0,CS(=O)C
"2,4-Dichlorophenol",C1=CC(=C(C=C1Cl)Cl)O,4.997,DMSO,1,CS(=O)C
"2,6-Bis[(4S)-4-phenyl-2-oxazolinyl]pyridine",C1[C@@H](N=C(O1)C2=NC(=CC=C2)C3=N[C@H](CO3)C4=CC=CC=C4)C5=CC=CC=C5,5.362,DMSO,0,CS(=O)C
"2,6-Dichloroiodobenzene",C1=CC(=C(C(=C1)Cl)I)Cl,6.045,DMSO,1,CS(=O)C
"2,6-Diisopropylphenol",CC(C)C1=C(C(=CC=C1)C(C)C)O,5.797,DMSO,1,CS(=O)C
"2,6-Dimethoxy-1,4-benzoquinone",COC1=CC(=O)C=C(C1=O)OC,3.493,DMSO,0,CS(=O)C
"2,6-Dimethoxybenzoyl_chloride",COC1=C(C(=CC=C1)OC)C(=O)Cl,3.843,DMSO,0,CS(=O)C
2-(3-Chlorophenoxy)propionic-acid,CC(C(=O)O)OC1=CC(=CC=C1)Cl,4.927,DMSO,1,CS(=O)C
2-(4-Chlorobenzoyl)benzoic_acid,C1=CC=C(C(=C1)C(=O)C2=CC=C(C=C2)Cl)C(=O)O,5.135,DMSO,1,CS(=O)C
2-(Diphenylphosphino)benzoic-acid,C1=CC=C(C=C1)P(C2=CC=CC=C2)C3=CC=CC=C3C(=O)O,5.731,DMSO,1,CS(=O)C
2-(Trifluoromethyl)pyridine-4-carboxylic_acid,C1=CN=C(C=C1C(=O)O)C(F)(F)F,4.521,DMSO,1,CS(=O)C
2-Amino-4-phenylphenol,C1=CC=C(C=C1)C2=CC(=C(C=C2)O)N,4.231,DMSO,1,CS(=O)C
2-Amino-6-bromopyridine,C1=CC(=NC(=C1)Br)N,4.028,DMSO,1,CS(=O)C
2-Benzyloxybenzoic_acid ,C1=CC=C(C=C1)COC2=CC=CC=C2C(=O)O,5.023,DMSO,1,CS(=O)C
"2-Bromo-2',6'-diisopropoxy-1,1'-biphenyl",CC(C)OC1=C(C(=CC=C1)OC(C)C)C2=CC=CC=C2Br,6.433,DMSO,1,CS(=O)C
2-Bromo-5-(trifluoromethyl)benzaldehyde,C1=CC(=C(C=C1C(F)(F)F)C=O)Br,5.538,DMSO,1,CS(=O)C
2-Bromo-5-chlorotoluene,CC1=C(C=CC(=C1)Cl)Br,6.108,DMSO,1,CS(=O)C
2-Bromoanthraquinone,C1=CC=C2C(=C1)C(=O)C3=C(C2=O)C=C(C=C3)Br,6.069,DMSO,1,CS(=O)C
2-Bromonaphthalen-1-ol,C1=CC=C2C(=C1)C=CC(=C2O)Br,5.391,DMSO,1,CS(=O)C
2-Bromophenethylamine,C1=CC=C(C(=C1)CCN)Br,1.793,DMSO,1,CS(=O)C
2-Bromotoluene,CC1=CC=CC=C1Br,5.8,DMSO,1,CS(=O)C
2-Hydroxy-4-(trifluoromethyl)aniline,C1=CC(=C(C=C1C(F)(F)F)O)N,5.242,DMSO,1,CS(=O)C
2-Iodobenzaldehyde,C1=CC=C(C(=C1)C=O)I,5.212,DMSO,1,CS(=O)C
2-Iodobenzyl_bromide,C1=CC=C(C(=C1)CBr)I,5.787,DMSO,1,CS(=O)C
2-Iodopyridine,C1=CC=NC(=C1)I,4.373,DMSO,1,CS(=O)C
2-Isopropylthioxanthone,CC(C)C1=CC2=C(C=C1)SC3=CC=CC=C3C2=O,6.361,DMSO,0,CS(=O)C
"2-Methyl-5-(trifluoromethyl)-1,3-benzoxazole",CC1=NC2=C(O1)C=CC(=C2)C(F)(F)F,5.205,DMSO,1,CS(=O)C
"3,3-Dimethyl-1-indanone",CC1(CC(=O)C2=CC=CC=C21)C,5.04,DMSO,1,CS(=O)C
"3,4,5-TRIBROMO-1H-PYRAZOLE",C1(=C(NN=C1Br)Br)Br,4.899,DMSO,1,CS(=O)C
"3,4,7,8-Tetramethyl-1,10-phenanthroline",CC1=CN=C2C(=C1C)C=CC3=C(C(=CN=C32)C)C,3.473,DMSO,0,CS(=O)C
"3,5-Di-tert-butylbenzoic acid",CC(C)(C)C1=CC(=CC(=C1)C(=O)O)C(C)(C)C,5.809,DMSO,1,CS(=O)C
"3,5-Dibromotoluene",CC1=CC(=CC(=C1)Br)Br,6.23,DMSO,1,CS(=O)C
"3,5-Dimethylbenzoyl_chloride",CC1=CC(=CC(=C1)C(=O)Cl)C,4.754,DMSO,1,CS(=O)C
"3,6-Dimethoxy-9H-carbazole",COC1=CC2=C(C=C1)NC3=C2C=C(C=C3)OC,5.255,DMSO,1,CS(=O)C
3-(2-Naphthyl)acrylic_acid,C1=CC=C2C=C(C=CC2=C1)/C=C/C(=O)O,5.054,DMSO,1,CS(=O)C
3-(Phenylthio)propanoic-acid,C1=CC=C(C=C1)SCCC(=O)O,4.682,DMSO,1,CS(=O)C
3-(tert-Butoxycarbonyl)benzoic_acid,CC(C)(C)OC(=O)C1=CC=CC(=C1)C(=O)O,5.126,DMSO,1,CS(=O)C
3-Bromobenzoyl_chloride,C1=CC(=CC(=C1)Br)C(=O)Cl,4.835,DMSO,1,CS(=O)C
3-Bromopropionyl_chloride,C(CBr)C(=O)Cl,2.918,DMSO,1,CS(=O)C
3-Chloro-4-methoxyaniline,COC1=C(C=C(C=C1)N)Cl,3.019,DMSO,1,CS(=O)C
3-[[(9H-Fluoren-9-ylmethoxy)carbonyl]amino]-2-naphthalenecarboxylic acid,C1=CC=C2C=C(C(=CC2=C1)C(=O)O)NC(=O)OCC3C4=CC=CC=C4C5=CC=CC=C35,6.491,DMSO,0,CS(=O)C
"4,4',4''-Trimethoxytrityl chloride",COC1=CC=C(C=C1)C(C2=CC=C(C=C2)OC)(C3=CC=C(C=C3)OC)Cl,5.641,DMSO,0,CS(=O)C
"4,4'-Dihydroxybiphenyl",C1=CC(=CC=C1C2=CC=C(C=C2)O)O,4.374,DMSO,1,CS(=O)C
"4,4'-Dimethoxybenzophenone",COC1=CC=C(C=C1)C(=O)C2=CC=C(C=C2)OC,5.396,DMSO,0,CS(=O)C
"4,4?,4??-(1,3,5-TRIAZINE-2,4,6-TRIYL)TRIBENZALDEHYDE",C1=CC(=CC=C1C=O)C2=NC(=NC(=N2)C3=CC=C(C=C3)C=O)C4=CC=C(C=C4)C=O,5.238,DMSO,0,CS(=O)C
4-(Bromomethyl)benzoic_acid,C1=CC(=CC=C1CBr)C(=O)O,4.688,DMSO,1,CS(=O)C
4-(Hydroxymethyl)phenylacetic-acid,C1=CC(=CC=C1CC(=O)O)CO,3.398,DMSO,1,CS(=O)C
4-(Trifluoroacetyl)phenacyl-bromide,C1=CC(=CC=C1C(=O)CBr)C(=O)C(F)(F)F,4.708,DMSO,1,CS(=O)C
4-(Trifluoromethyl)benzylamine,C1=CC(=CC=C1CN)C(F)(F)F,0.0,DMSO,1,CS(=O)C
"4-Bromo-3,5-dimethoxybenzoic acid",COC1=CC(=CC(=C1Br)OC)C(=O)O,4.778,DMSO,1,CS(=O)C
4-Bromo-L-phenylalanine,C1=CC(=CC=C1C[C@@H](C(=O)O)N)Br,3.24,DMSO,0,CS(=O)C
4-Chlorobenzenesulfonic_acid,C1=CC(=CC=C1S(=O)(=O)O)Cl,4.811,DMSO,1,CS(=O)C
4-Chloropyridine-3-carboxylic_acid,C1=CN=CC(=C1Cl)C(=O)O,1.327,DMSO,1,CS(=O)C
"4-Hydroxy-3,5-diiodobenzoic acid",C1=C(C=C(C(=C1I)O)I)C(=O)O,4.728,DMSO,1,CS(=O)C
4-Hydroxyphthalic_acid,C1=CC(=C(C=C1O)C(=O)O)C(=O)O,3.49,DMSO,1,CS(=O)C
4-Methoxybiphenyl,COC1=CC=C(C=C1)C2=CC=CC=C2,5.826,DMSO,1,CS(=O)C
4-Methoxytriphenylamine,COC1=CC=C(C=C1)N(C2=CC=CC=C2)C3=CC=CC=C3,6.436,DMSO,0,CS(=O)C
4-tert-Butylbenzoyl_chloride,CC(C)(C)C1=CC=C(C=C1)C(=O)Cl,5.176,DMSO,1,CS(=O)C
"5,7-Dimethyl-[1,2,4]triazolo[1,5-a]pyrimidine-2-carboxylic acid",CC1=CC(=NC2=NC(=NN12)C(=O)O)C,3.115,DMSO,0,CS(=O)C
5-(Trifluoromethyl)indole,C1=CC2=C(C=CN2)C=C1C(F)(F)F,5.375,DMSO,0,CS(=O)C
5-(Trifluoromethyl)pyridine-2-carboxaldehyde,C1=CC(=NC=C1C(F)(F)F)C=O,3.629,DMSO,1,CS(=O)C
5-Bromo-2-furoic_acid,C1=C(OC(=C1)Br)C(=O)O,4.122,DMSO,1,CS(=O)C
5-Bromo-2-phenylpyridine,C1=CC=C(C=C1)C2=NC=C(C=C2)Br,5.763,DMSO,1,CS(=O)C
"6,6'-Dibromo-1,1'-bi-2-naphthol",C1=CC2=C(C=CC(=C2C3=C(C=CC4=C3C=CC(=C4)Br)O)O)C=C1Br,6.045,DMSO,1,CS(=O)C
8-Isoquinolinecarboxaldehyde,C1=CC2=C(C=NC=C2)C(=C1)C=O,3.063,DMSO,1,CS(=O)C
Allyl-alpha-D-glucopyranoside,C=CCO[C@@H]1[C@@H]([C@H]([C@@H]([C@H](O1)CO)O)O)O,0.0,DMSO,1,CS(=O)C
Aniline-2-sulfonic_acid,C1=CC=C(C(=C1)N)S(=O)(=O)O,3.11,DMSO,1,CS(=O)C
Bis(diphenylphosphino)methane,C1=CC=C(C=C1)P(CP(C2=CC=CC=C2)C3=CC=CC=C3)C4=CC=CC=C4,6.727,DMSO,0,CS(=O)C
DL-beta-Phenylalanine,C1=CC=C(C=C1)C(CC(=O)O)N,1.093,DMSO,0,CS(=O)C
Di-tert-butylcyclopentadiene,CC(C)(C)C1C=CC(=C1)C(C)(C)C,0.0,DMSO,1,CS(=O)C
Dibenzyl-malonate,C1=CC=C(C=C1)COC(=O)CC(=O)OCC2=CC=CC=C2,5.638,DMSO,1,CS(=O)C
Dibromomaleic-acid,C(=C(\C(=O)O)/Br)(\C(=O)O)/Br,4.937,DMSO,1,CS(=O)C
Diethyl 4-Methoxyphenylphosphonate,CCOP(=O)(C1=CC=C(C=C1)OC)OCC,4.596,DMSO,1,CS(=O)C
Diethyl_dibutylmalonate,CCCCC(CCCC)(C(=O)OCC)C(=O)OCC,0.0,DMSO,1,CS(=O)C
Diethyl_phenylmalonate,CCOC(=O)C(C1=CC=CC=C1)C(=O)OCC,5.385,DMSO,1,CS(=O)C
"Dimethyl 1,3-cyclohexadiene-1,4-dicarboxylate",COC(=O)C1=CC=C(CC1)C(=O)OC,5.028,DMSO,0,CS(=O)C
"Dimethyl 2,2'-bipyridine-4,4'-dicarboxylate",COC(=O)C1=CC(=NC=C1)C2=NC=CC(=C2)C(=O)OC,5.269,DMSO,0,CS(=O)C
Dimethyl-propargylmalonate,COC(=O)C(CC#C)C(=O)OC,0.0,DMSO,1,CS(=O)C
Ethyl 2-cyclohexanoneacetate,CCOC(=O)CC1CCCCC1=O,4.697,DMSO,1,CS(=O)C
Ethyl 3-thiopheneacetate,CCOC(=O)CC1=CSC=C1,5.044,DMSO,1,CS(=O)C
"Ethyl 4,4,4-trifluoroacetoacetate",CCOC(=O)CC(=O)C(F)(F)F,3.849,DMSO,1,CS(=O)C
Ethyl mesitylglyoxylate,CCOC(=O)C(=O)C1=C(C=C(C=C1C)C)C,5.691,DMSO,1,CS(=O)C
Ethyl-3-oxohexanoate,CCCC(=O)CC(=O)OCC,4.619,DMSO,1,CS(=O)C
Ethyl-4-bromocrotonate,CCOC(=O)/C=C/CBr,4.986,DMSO,1,CS(=O)C
Ethyl-4-iodobenzoate,CCOC(=O)C1=CC=C(C=C1)I,5.872,DMSO,1,CS(=O)C
FMOC-D-ORN(ALOC)-OH,C=CCOC(=O)NCCC[C@H](C(=O)O)NC(=O)OCC1C2=CC=CC=C2C3=CC=CC=C13,5.271,DMSO,1,CS(=O)C
Flavanone,C1C(OC2=CC=CC=C2C1=O)C3=CC=CC=C3,5.511,DMSO,1,CS(=O)C
Flufenamic-acid,C1=CC=C(C(=C1)C(=O)O)NC2=CC=CC(=C2)C(F)(F)F,5.775,DMSO,1,CS(=O)C
Hematein,C1C2=CC(=C(C=C2C3=C4C=CC(=O)C(=C4OCC31O)O)O)O,4.766,DMSO,0,CS(=O)C
METHYL 2-PHTHALIMIDOACETATE,COC(=O)CN1C(=O)C2=CC=CC=C2C1=O,4.552,DMSO,1,CS(=O)C
"Methyl 6-oxo-1,6-dihydropyridine-2-carboxylate",COC(=O)C1=CC=CC(=O)N1,2.95,DMSO,1,CS(=O)C
"Methyl-2,6-dimethoxybenzoate",COC1=C(C(=CC=C1)OC)C(=O)OC,4.678,DMSO,1,CS(=O)C
Methyl-3-bromo-4-iodobenzoate,COC(=O)C1=CC(=C(C=C1)I)Br,5.904,DMSO,0,CS(=O)C
"Methyl-6-Oxo-1,6-dihydropyridazine-3-carboxylate",COC(=O)C1=NNC(=O)C=C1,2.406,DMSO,1,CS(=O)C
Methyl-diethylphosphonoacetate,CCOP(=O)(CC(=O)OC)OCC,3.718,DMSO,1,CS(=O)C
N(im)-Trityl-L-histidine,C1=CC=C(C=C1)C(C2=CC=CC=C2)(C3=CC=CC=C3)N4C=C(N=C4)C[C@@H](C(=O)O)N,3.928,DMSO,0,CS(=O)C
"N,N-Dimethyl-L-phenylalanine",CN(C)[C@@H](CC1=CC=CC=C1)C(=O)O,2.119,DMSO,0,CS(=O)C
N-Acetyl-L-tryptophan,CC(=O)N[C@@H](CC1=CNC2=CC=CC=C21)C(=O)O,3.949,DMSO,1,CS(=O)C
N-Benzylidenebenzylamine,C1=CC=C(C=C1)CN=CC2=CC=CC=C2,4.377,DMSO,1,CS(=O)C
N-Phthaloylglycine,C1=CC=C2C(=C1)C(=O)N(C2=O)CC(=O)O,4.073,DMSO,1,CS(=O)C
"N-[(1,1-Dimethylethoxy)carbonyl]-L-histidine methyl_ester",CC(C)(C)OC(=O)N[C@@H](CC1=CN=CN1)C(=O)OC,1.875,DMSO,1,CS(=O)C
N-[(Phenylmethoxy)carbonyl]-O-(phenylmethyl)-L-serine_,C1=CC=C(C=C1)COC[C@@H](C(=O)O)NC(=O)OCC2=CC=CC=C2,5.197,DMSO,1,CS(=O)C
"N6-[(1,1-Dimethylethoxy)carbonyl]-N2-[(9H-fluoren-9-ylmethoxy)carbonyl]-2-methyl-D-lysine",C[C@@](CCCCNC(=O)OC(C)(C)C)(C(=O)O)NC(=O)OCC1C2=CC=CC=C2C3=CC=CC=C13,5.699,DMSO,1,CS(=O)C
"N6-[(1,1-Dimethylethoxy)carbonyl]-N2-[(phenylmethoxy)carbonyl]-L-lysine",CC(C)(C)OC(=O)NCCCC[C@@H](C(=O)O)NC(=O)OCC1=CC=CC=C1,5.033,DMSO,1,CS(=O)C
Nalpha-[(9H-Fluoren-9-ylmethoxy)carbonyl]-L-threonine tert-Butyl-Ester,C[C@H]([C@@H](C(=O)OC(C)(C)C)NC(=O)OCC1C2=CC=CC=C2C3=CC=CC=C13)O,5.649,DMSO,1,CS(=O)C
Phenyl-benzoate,C1=CC=C(C=C1)C(=O)OC2=CC=CC=C2,5.68,DMSO,1,CS(=O)C
Pindolol,CC(C)NCC(COC1=CC=CC2=C1C=CN2)O,2.175,DMSO,0,CS(=O)C
Protocatechuic_acid,C1=CC(=C(C=C1C(=O)O)O)O,2.834,DMSO,1,CS(=O)C
Suberic_acid_monomethyl_ester,COC(=O)CCCCCCC(=O)O,4.292,DMSO,1,CS(=O)C
Z-D-Glu-OBzl,C1=CC=C(C=C1)COC(=O)[C@@H](CCC(=O)O)NC(=O)OCC2=CC=CC=C2,5.091,DMSO,0,CS(=O)C
Z-D-Phg-OH,C1=CC=C(C=C1)COC(=O)N[C@H](C2=CC=CC=C2)C(=O)O,5.081,DMSO,1,CS(=O)C
"meso-1,2-Dibromo-1,2-diphenylethane",C1=CC=C(C=C1)C(C(C2=CC=CC=C2)Br)Br,5.994,DMSO,0,CS(=O)C
mono-tert-Butyl_succinate,CC(C)(C)OC(=O)CCC(=O)O,4.186,DMSO,1,CS(=O)C
pentafluorobenzyl-bromide,C(C1=C(C(=C(C(=C1F)F)F)F)F)Br,5.716,DMSO,1,CS(=O)C
"trans-1,2-Bis(phenylsulfonyl)ethylene",C1=CC=C(C=C1)S(=O)(=O)/C=C/S(=O)(=O)C2=CC=CC=C2,5.192,DMSO,0,CS(=O)C
trans-4-(9-Fluorenylmethyloxycarbonylaminomethyl)-cyclohexanoic_acid,C1CC(CCC1CNC(=O)OCC2C3=CC=CC=C3C4=CC=CC=C24)C(=O)O,5.311,DMSO,0,CS(=O)C
trans-Aconitic-acid,C(/C(=C\C(=O)O)/C(=O)O)C(=O)O,1.606,DMSO,1,CS(=O)C
(1-BROMOETHYL)BENZENE,CC(C1=CC=CC=C1)Br,3.927,DMSO,1,CS(=O)C
"(2,6-Dioxo-piperidin-4-yl)-acetic_acid",C1C(CC(=O)NC1=O)CC(=O)O,0.0,DMSO,1,CS(=O)C
(2-BENZYLOXYCARBONYLAMINO-ACETYLAMINO)-ACETIC_ACID,C1=CC=C(C=C1)COC(=O)NCC(=O)NCC(=O)O,3.676,DMSO,1,CS(=O)C
(2S)-2-{[(9H-fluoren-9-ylmethoxy)carbonyl]amino}-4-hydroxybutanoic acid,C1=CC=C2C(=C1)C(C3=CC=CC=C32)COC(=O)N[C@@H](CCO)C(=O)O,3.301,DMSO,1,CS(=O)C
"(2S,5S)-1-Hydroxy-2,5-diphenylphospholane 1-oxide",C1C[C@H](P(=O)([C@@H]1C2=CC=CC=C2)O)C3=CC=CC=C3,0.0,DMSO,0,CS(=O)C
"(?S)-4-(1,1-Dimethylethoxy)-?-[[(9H-fluoren-9-ylmethoxy)carbonyl]amino]benzenebutanoic_acid",CC(C)(C)OC1=CC=C(C=C1)CC[C@@H](C(=O)O)NC(=O)OCC2C3=CC=CC=C3C4=CC=CC=C24,5.566,DMSO,1,CS(=O)C
(R)-(-)-2-Methoxy-2-phenylethanol,CO[C@@H](CO)C1=CC=CC=C1,5.464,DMSO,1,CS(=O)C
"(S)-(-)-2-Amino-3-methyl-1,1-diphenyl-1-butanol",CC(C)[C@@H](C(C1=CC=CC=C1)(C2=CC=CC=C2)O)N,3.94,DMSO,1,CS(=O)C
(S)-Benzyl 2-(((S)-1-methoxy-4-methyl-1-oxopentan-2-yl)carbamoyl)pyrrolidine-1-carboxylate,CC(C)C[C@@H](C(=O)OC)NC(=O)[C@@H]1CCCN1C(=O)OCC2=CC=CC=C2,4.985,DMSO,1,CS(=O)C
"1,1,1-Tris(4-hydroxyphenyl)ethane",CC(C1=CC=C(C=C1)O)(C2=CC=C(C=C2)O)C3=CC=C(C=C3)O,4.585,DMSO,1,CS(=O)C
"1,1,3-Triphenylpropargyl alcohol",C1=CC=C(C=C1)C#CC(C2=CC=CC=C2)(C3=CC=CC=C3)O,4.48,DMSO,1,CS(=O)C
"1,2-Bis(4-hydroxyphenyl)ethane-1,2-dione",C1=CC(=CC=C1C(=O)C(=O)C2=CC=C(C=C2)O)O,5.79,DMSO,1,CS(=O)C
"1,3-Bis(trifluoromethyl)-5-bromobenzene",C1=C(C=C(C=C1C(F)(F)F)Br)C(F)(F)F,5.872,DMSO,1,CS(=O)C
"1,3-Butanediol-diacrylate",CC(CCOC(=O)C=C)OC(=O)C=C,5.198,DMSO,1,CS(=O)C
"1,3-Dimethyl 2-[(4-methoxyphenyl)methylene]propanedioate",COC1=CC=C(C=C1)C=C(C(=O)OC)C(=O)OC,3.099,DMSO,1,CS(=O)C
"1,3-Diphenylacetone_p-tosylhydrazone",CC1=CC=C(C=C1)S(=O)(=O)NN=C(CC2=CC=CC=C2)CC3=CC=CC=C3,5.264,DMSO,0,CS(=O)C
"1,4-Bis(bromomethyl)-2,3,5,6-tetrafluorobenzene_",C(C1=C(C(=C(C(=C1F)F)CBr)F)F)Br,5.595,DMSO,0,CS(=O)C
"1,4-Cyclohexanedicarboxylic-acid",C1CC(CCC1C(=O)O)C(=O)O,4.829,DMSO,0,CS(=O)C
"1,4-Dibromo-2,3-butanedione",C(C(=O)C(=O)CBr)Br,3.027,DMSO,1,CS(=O)C
1-(4-Biphenyl)-1-ethanol,CC(C1=CC=C(C=C1)C2=CC=CC=C2)O,4.951,DMSO,0,CS(=O)C
"1-(9H-Fluoren-9-ylmethyl) (2S,4S)-4-[[(1,1-dimethylethoxy)carbonyl]amino]-1,2-pyrrolidinedicarboxylate_",CC(C)(C)OC(=O)N[C@H]1C[C@H](N(C1)C(=O)OCC2C3=CC=CC=C3C4=CC=CC=C24)C(=O)O,5.201,DMSO,1,CS(=O)C
1-(tert-Butoxycarbonyl)-4-[(9H-fluoren-9-ylmethoxy)carbonyl]-2-piperazinecarboxylic_acid,CC(C)(C)OC(=O)N1CCN(CC1C(=O)O)C(=O)OCC2C3=CC=CC=C3C4=CC=CC=C24,5.347,DMSO,1,CS(=O)C
1-BROMO-3-METHYLBUTANE,CC(C)CCBr,0.0,DMSO,1,CS(=O)C
1-Benzofuran-5-carboxylic_acid,C1=CC2=C(C=CO2)C=C1C(=O)O,4.373,DMSO,0,CS(=O)C
1-Benzylpiperidine,C1CCN(CC1)CC2=CC=CC=C2,2.972,DMSO,1,CS(=O)C
1-Bromo-4-(trifluoromethoxy)benzene,C1=CC(=CC=C1OC(F)(F)F)Br,5.208,DMSO,1,CS(=O)C
1-Bromopentanemethylbenzene,CC1=C(C(=C(C(=C1C)C)Br)C)C,6.202,DMSO,0,CS(=O)C
1-Phenyl-5-(trifluoromethyl)-1H-pyrazole-4-carboxylic_acid,C1=CC=C(C=C1)N2C(=C(C=N2)C(=O)O)C(F)(F)F,4.674,DMSO,1,CS(=O)C
1-Pyrenemethanol,C1=CC2=C3C(=C1)C=CC4=C(C=CC(=C43)C=C2)CO,5.041,DMSO,1,CS(=O)C
"1-Tosyl-2,5-dihydro-1H-pyrrole",CC1=CC=C(C=C1)S(=O)(=O)N2CC=CC2,4.944,DMSO,1,CS(=O)C
"2,2"",4,4""-Tetramethylbenzophenone",CC1=CC(=C(C=C1)C(=O)C2=C(C=C(C=C2)C)C)C,5.821,DMSO,1,CS(=O)C
"2,2,2-TRIFLUOROACETOPHENONE",C1=CC=C(C=C1)C(=O)C(F)(F)F,4.355,DMSO,1,CS(=O)C
"2,3,4-Trifluorobenzoic acid",C1=CC(=C(C(=C1C(=O)O)F)F)F,4.155,DMSO,1,CS(=O)C
"2,3,6,7,10,11-Hexamethoxytriphenylene",COC1=C(C=C2C(=C1)C3=CC(=C(C=C3C4=CC(=C(C=C24)OC)OC)OC)OC)OC,5.448,DMSO,0,CS(=O)C
"2,4,6-Tris(bromomethyl)mesitylene",CC1=C(C(=C(C(=C1CBr)C)CBr)C)CBr,5.683,DMSO,0,CS(=O)C
"2,4-Dichlorophenol",C1=CC(=C(C=C1Cl)Cl)O,4.854,DMSO,1,CS(=O)C
"2,6-Bis[(4S)-4-phenyl-2-oxazolinyl]pyridine",C1[C@@H](N=C(O1)C2=NC(=CC=C2)C3=N[C@H](CO3)C4=CC=CC=C4)C5=CC=CC=C5,5.172,DMSO,0,CS(=O)C
"2,6-Dichloroiodobenzene",C1=CC(=C(C(=C1)Cl)I)Cl,5.586,DMSO,1,CS(=O)C
"2,6-Diisopropylphenol",CC(C)C1=C(C(=CC=C1)C(C)C)O,5.459,DMSO,1,CS(=O)C
"2,6-Dimethoxy-1,4-benzoquinone",COC1=CC(=O)C=C(C1=O)OC,3.447,DMSO,0,CS(=O)C
"2,6-Dimethoxybenzoyl_chloride",COC1=C(C(=CC=C1)OC)C(=O)Cl,3.663,DMSO,0,CS(=O)C
2-(3-Chlorophenoxy)propionic-acid,CC(C(=O)O)OC1=CC(=CC=C1)Cl,4.514,DMSO,1,CS(=O)C
2-(4-Chlorobenzoyl)benzoic_acid,C1=CC=C(C(=C1)C(=O)C2=CC=C(C=C2)Cl)C(=O)O,4.882,DMSO,1,CS(=O)C
2-(Diphenylphosphino)benzoic-acid,C1=CC=C(C=C1)P(C2=CC=CC=C2)C3=CC=CC=C3C(=O)O,5.34,DMSO,1,CS(=O)C
2-(Trifluoromethyl)pyridine-4-carboxylic_acid,C1=CN=C(C=C1C(=O)O)C(F)(F)F,3.656,DMSO,1,CS(=O)C
2-Amino-4-phenylphenol,C1=CC=C(C=C1)C2=CC(=C(C=C2)O)N,5.338,DMSO,1,CS(=O)C
2-Amino-6-bromopyridine,C1=CC(=NC(=C1)Br)N,3.885,DMSO,1,CS(=O)C
2-Benzyloxybenzoic_acid,C1=CC=C(C=C1)COC2=CC=CC=C2C(=O)O,4.889,DMSO,1,CS(=O)C
"2-Bromo-2',6'-diisopropoxy-1,1'-biphenyl",CC(C)OC1=C(C(=CC=C1)OC(C)C)C2=CC=CC=C2Br,6.072,DMSO,1,CS(=O)C
2-Bromo-5-(trifluoromethyl)benzaldehyde,C1=CC(=C(C=C1C(F)(F)F)C=O)Br,5.384,DMSO,1,CS(=O)C
2-Bromo-5-chlorotoluene,CC1=C(C=CC(=C1)Cl)Br,3.237,DMSO,1,CS(=O)C
2-Bromoanthraquinone,C1=CC=C2C(=C1)C(=O)C3=C(C2=O)C=C(C=C3)Br,5.589,DMSO,1,CS(=O)C
2-Bromonaphthalen-1-ol,C1=CC=C2C(=C1)C=CC(=C2O)Br,5.236,DMSO,1,CS(=O)C
2-Bromophenethylamine,C1=CC=C(C(=C1)CCN)Br,3.177,DMSO,1,CS(=O)C
2-Bromotoluene,CC1=CC=CC=C1Br,5.409,DMSO,1,CS(=O)C
2-Hydroxy-4-(trifluoromethyl)aniline,C1=CC(=C(C=C1C(F)(F)F)O)N,4.598,DMSO,1,CS(=O)C
2-Iodobenzaldehyde,C1=CC=C(C(=C1)C=O)I,4.958,DMSO,1,CS(=O)C
2-Iodobenzyl_bromide,C1=CC=C(C(=C1)CBr)I,3.862,DMSO,1,CS(=O)C
2-Iodopyridine,C1=CC=NC(=C1)I,4.131,DMSO,1,CS(=O)C
2-Isopropylthioxanthone,CC(C)C1=CC2=C(C=C1)SC3=CC=CC=C3C2=O,5.888,DMSO,0,CS(=O)C
"2-Methyl-5-(trifluoromethyl)-1,3-benzoxazole",CC1=NC2=C(O1)C=CC(=C2)C(F)(F)F,5.112,DMSO,1,CS(=O)C
"3,3-Dimethyl-1-indanone",CC1(CC(=O)C2=CC=CC=C21)C,4.854,DMSO,1,CS(=O)C
"3,4,5-TRIBROMO-1H-PYRAZOLE",C1(=C(NN=C1Br)Br)Br,4.747,DMSO,1,CS(=O)C
"3,4,7,8-Tetramethyl-1,10-phenanthroline",CC1=CN=C2C(=C1C)C=CC3=C(C(=CN=C32)C)C,3.915,DMSO,0,CS(=O)C
"3,5-Di-tert-butylbenzoic acid",CC(C)(C)C1=CC(=CC(=C1)C(=O)O)C(C)(C)C,5.448,DMSO,1,CS(=O)C
"3,5-Dibromotoluene",CC1=CC(=CC(=C1)Br)Br,3.23,DMSO,1,CS(=O)C
"3,5-Dimethylbenzoyl_chloride",CC1=CC(=CC(=C1)C(=O)Cl)C,4.64,DMSO,1,CS(=O)C
"3,6-Dimethoxy-9H-carbazole",COC1=CC2=C(C=C1)NC3=C2C=C(C=C3)OC,5.178,DMSO,1,CS(=O)C
3-(2-Naphthyl)acrylic_acid,C1=CC=C2C=C(C=CC2=C1)/C=C/C(=O)O,4.88,DMSO,1,CS(=O)C
3-(Phenylthio)propanoic-acid,C1=CC=C(C=C1)SCCC(=O)O,4.525,DMSO,1,CS(=O)C
3-(tert-Butoxycarbonyl)benzoic_acid,CC(C)(C)OC(=O)C1=CC=CC(=C1)C(=O)O,4.895,DMSO,1,CS(=O)C
3-Bromobenzoyl_chloride,C1=CC(=CC(=C1)Br)C(=O)Cl,4.514,DMSO,1,CS(=O)C
3-Bromopropionyl_chloride,C(CBr)C(=O)Cl,5.916,DMSO,1,CS(=O)C
3-Chloro-4-methoxyaniline,COC1=C(C=C(C=C1)N)Cl,3.047,DMSO,1,CS(=O)C
3-[[(9H-Fluoren-9-ylmethoxy)carbonyl]amino]-2-naphthalenecarboxylic acid,C1=CC=C2C=C(C(=CC2=C1)C(=O)O)NC(=O)OCC3C4=CC=CC=C4C5=CC=CC=C35,5.821,DMSO,0,CS(=O)C
"4,4',4''-Trimethoxytrityl chloride",COC1=CC=C(C=C1)C(C2=CC=C(C=C2)OC)(C3=CC=C(C=C3)OC)Cl,5.637,DMSO,0,CS(=O)C
"4,4'-Dihydroxybiphenyl",C1=CC(=CC=C1C2=CC=C(C=C2)O)O,4.349,DMSO,1,CS(=O)C
"4,4'-Dimethoxybenzophenone",COC1=CC=C(C=C1)C(=O)C2=CC=C(C=C2)OC,5.198,DMSO,0,CS(=O)C
"4,4?,4??-(1,3,5-TRIAZINE-2,4,6-TRIYL)TRIBENZALDEHYDE",C1=CC(=CC=C1C=O)C2=NC(=NC(=N2)C3=CC=C(C=C3)C=O)C4=CC=C(C=C4)C=O,5.079,DMSO,0,CS(=O)C
4-(Bromomethyl)benzoic_acid,C1=CC(=CC=C1CBr)C(=O)O,4.519,DMSO,1,CS(=O)C
4-(Hydroxymethyl)phenylacetic-acid,C1=CC(=CC=C1CC(=O)O)CO,5.497,DMSO,1,CS(=O)C
4-(Trifluoroacetyl)phenacyl-bromide,C1=CC(=CC=C1C(=O)CBr)C(=O)C(F)(F)F,4.658,DMSO,1,CS(=O)C
4-(Trifluoromethyl)benzylamine,C1=CC(=CC=C1CN)C(F)(F)F,3.315,DMSO,1,CS(=O)C
"4-Bromo-3,5-dimethoxybenzoic acid",COC1=CC(=CC(=C1Br)OC)C(=O)O,4.615,DMSO,1,CS(=O)C
4-Bromo-L-phenylalanine,C1=CC(=CC=C1C[C@@H](C(=O)O)N)Br,0.0,DMSO,0,CS(=O)C
4-Chlorobenzenesulfonic_acid,C1=CC(=CC=C1S(=O)(=O)O)Cl,2.148,DMSO,1,CS(=O)C
4-Chloropyridine-3-carboxylic_acid,C1=CN=CC(=C1Cl)C(=O)O,1.342,DMSO,1,CS(=O)C
"4-Hydroxy-3,5-diiodobenzoic acid",C1=C(C=C(C(=C1I)O)I)C(=O)O,4.482,DMSO,1,CS(=O)C
4-Hydroxyphthalic_acid,C1=CC(=C(C=C1O)C(=O)O)C(=O)O,1.768,DMSO,1,CS(=O)C
4-Methoxybiphenyl,COC1=CC=C(C=C1)C2=CC=CC=C2,5.52,DMSO,1,CS(=O)C
4-Methoxytriphenylamine,COC1=CC=C(C=C1)N(C2=CC=CC=C2)C3=CC=CC=C3,5.874,DMSO,0,CS(=O)C
4-tert-Butylbenzoyl_chloride,CC(C)(C)C1=CC=C(C=C1)C(=O)Cl,4.945,DMSO,1,CS(=O)C
"5,7-Dimethyl-[1,2,4]triazolo[1,5-a]pyrimidine-2-carboxylic acid",CC1=CC(=NC2=NC(=NN12)C(=O)O)C,0.0,DMSO,0,CS(=O)C
5-(Trifluoromethyl)indole,C1=CC2=C(C=CN2)C=C1C(F)(F)F,5.318,DMSO,0,CS(=O)C
5-(Trifluoromethyl)pyridine-2-carboxaldehyde,C1=CC(=NC=C1C(F)(F)F)C=O,3.624,DMSO,1,CS(=O)C
5-Bromo-2-furoic_acid,C1=C(OC(=C1)Br)C(=O)O,3.206,DMSO,1,CS(=O)C
5-Bromo-2-phenylpyridine,C1=CC=C(C=C1)C2=NC=C(C=C2)Br,5.416,DMSO,1,CS(=O)C
"6,6'-Dibromo-1,1'-bi-2-naphthol",C1=CC2=C(C=CC(=C2C3=C(C=CC4=C3C=CC(=C4)Br)O)O)C=C1Br,5.583,DMSO,1,CS(=O)C
8-Isoquinolinecarboxaldehyde,C1=CC2=C(C=NC=C2)C(=C1)C=O,4.702,DMSO,1,CS(=O)C
Allyl-alpha-D-glucopyranoside,C=CCO[C@@H]1[C@@H]([C@H]([C@@H]([C@H](O1)CO)O)O)O,0.0,DMSO,1,CS(=O)C
Aniline-2-sulfonic_acid,C1=CC=C(C(=C1)N)S(=O)(=O)O,0.0,DMSO,1,CS(=O)C
Bis(diphenylphosphino)methane,C1=CC=C(C=C1)P(CP(C2=CC=CC=C2)C3=CC=CC=C3)C4=CC=CC=C4,6.087,DMSO,0,CS(=O)C
DL-beta-Phenylalanine,C1=CC=C(C=C1)C(CC(=O)O)N,0.0,DMSO,0,CS(=O)C
Di-tert-butylcyclopentadiene,CC(C)(C)C1C=CC(=C1)C(C)(C)C,4.495,DMSO,1,CS(=O)C
Dibenzyl-malonate,C1=CC=C(C=C1)COC(=O)CC(=O)OCC2=CC=CC=C2,5.438,DMSO,1,CS(=O)C
Dibromomaleic-acid,C(=C(\C(=O)O)/Br)(\C(=O)O)/Br,2.41,DMSO,1,CS(=O)C
Diethyl 4-Methoxyphenylphosphonate,CCOP(=O)(C1=CC=C(C=C1)OC)OCC,5.367,DMSO,1,CS(=O)C
Diethyl_dibutylmalonate,CCCCC(CCCC)(C(=O)OCC)C(=O)OCC,5.916,DMSO,1,CS(=O)C
Diethyl_phenylmalonate,CCOC(=O)C(C1=CC=CC=C1)C(=O)OCC,5.198,DMSO,1,CS(=O)C
"Dimethyl 1,3-cyclohexadiene-1,4-dicarboxylate",COC(=O)C1=CC=C(CC1)C(=O)OC,5.562,DMSO,0,CS(=O)C
"Dimethyl 2,2'-bipyridine-4,4'-dicarboxylate",COC(=O)C1=CC(=NC=C1)C2=NC=CC(=C2)C(=O)OC,4.999,DMSO,0,CS(=O)C
Dimethyl-propargylmalonate,COC(=O)C(CC#C)C(=O)OC,4.303,DMSO,1,CS(=O)C
Ethyl 2-cyclohexanoneacetate,CCOC(=O)CC1CCCCC1=O,4.504,DMSO,1,CS(=O)C
Ethyl 3-thiopheneacetate,CCOC(=O)CC1=CSC=C1,4.873,DMSO,1,CS(=O)C
"Ethyl 4,4,4-trifluoroacetoacetate",CCOC(=O)CC(=O)C(F)(F)F,3.766,DMSO,1,CS(=O)C
Ethyl mesitylglyoxylate,CCOC(=O)C(=O)C1=C(C=C(C=C1C)C)C,4.246,DMSO,1,CS(=O)C
Ethyl-3-oxohexanoate,CCCC(=O)CC(=O)OCC,4.475,DMSO,1,CS(=O)C
Ethyl-4-bromocrotonate,CCOC(=O)/C=C/CBr,4.813,DMSO,1,CS(=O)C
Ethyl-4-iodobenzoate,CCOC(=O)C1=CC=C(C=C1)I,5.45,DMSO,1,CS(=O)C
FMOC-D-ORN(ALOC)-OH,C=CCOC(=O)NCCC[C@H](C(=O)O)NC(=O)OCC1C2=CC=CC=C2C3=CC=CC=C13,5.026,DMSO,1,CS(=O)C
Flavanone,C1C(OC2=CC=CC=C2C1=O)C3=CC=CC=C3,5.282,DMSO,1,CS(=O)C
Flufenamic-acid,C1=CC=C(C(=C1)C(=O)O)NC2=CC=CC(=C2)C(F)(F)F,5.47,DMSO,1,CS(=O)C
Hematein,C1C2=CC(=C(C=C2C3=C4C=CC(=O)C(=C4OCC31O)O)O)O,4.551,DMSO,0,CS(=O)C
METHYL 2-PHTHALIMIDOACETATE,COC(=O)CN1C(=O)C2=CC=CC=C2C1=O,4.468,DMSO,1,CS(=O)C
"Methyl 6-oxo-1,6-dihydropyridine-2-carboxylate",COC(=O)C1=CC=CC(=O)N1,2.625,DMSO,1,CS(=O)C
"Methyl-2,6-dimethoxybenzoate",COC1=C(C(=CC=C1)OC)C(=O)OC,4.622,DMSO,1,CS(=O)C
Methyl-3-bromo-4-iodobenzoate,COC(=O)C1=CC(=C(C=C1)I)Br,5.478,DMSO,0,CS(=O)C
"Methyl-6-Oxo-1,6-dihydropyridazine-3-carboxylate",COC(=O)C1=NNC(=O)C=C1,2.019,DMSO,1,CS(=O)C
Methyl-diethylphosphonoacetate,CCOP(=O)(CC(=O)OC)OCC,3.649,DMSO,1,CS(=O)C
N(im)-Trityl-L-histidine,C1=CC=C(C=C1)C(C2=CC=CC=C2)(C3=CC=CC=C3)N4C=C(N=C4)C[C@@H](C(=O)O)N,4.144,DMSO,0,CS(=O)C
"N,N-Dimethyl-L-phenylalanine",CN(C)[C@@H](CC1=CC=CC=C1)C(=O)O,1.754,DMSO,0,CS(=O)C
N-Acetyl-L-tryptophan,CC(=O)N[C@@H](CC1=CNC2=CC=CC=C21)C(=O)O,3.804,DMSO,1,CS(=O)C
N-Benzylidenebenzylamine,C1=CC=C(C=C1)CN=CC2=CC=CC=C2,4.253,DMSO,1,CS(=O)C
N-Phthaloylglycine,C1=CC=C2C(=C1)C(=O)N(C2=O)CC(=O)O,3.537,DMSO,1,CS(=O)C
"N-[(1,1-Dimethylethoxy)carbonyl]-L-histidine methyl_ester",CC(C)(C)OC(=O)N[C@@H](CC1=CN=CN1)C(=O)OC,3.194,DMSO,1,CS(=O)C
N-[(Phenylmethoxy)carbonyl]-O-(phenylmethyl)-L-serine_,C1=CC=C(C=C1)COC[C@@H](C(=O)O)NC(=O)OCC2=CC=CC=C2,4.91,DMSO,1,CS(=O)C
"N6-[(1,1-Dimethylethoxy)carbonyl]-N2-[(9H-fluoren-9-ylmethoxy)carbonyl]-2-methyl-D-lysine",C[C@@](CCCCNC(=O)OC(C)(C)C)(C(=O)O)NC(=O)OCC1C2=CC=CC=C2C3=CC=CC=C13,5.359,DMSO,1,CS(=O)C
"N6-[(1,1-Dimethylethoxy)carbonyl]-N2-[(phenylmethoxy)carbonyl]-L-lysine",CC(C)(C)OC(=O)NCCCC[C@@H](C(=O)O)NC(=O)OCC1=CC=CC=C1,4.837,DMSO,1,CS(=O)C
Nalpha-[(9H-Fluoren-9-ylmethoxy)carbonyl]-L-threonine tert-Butyl-Ester,C[C@H]([C@@H](C(=O)OC(C)(C)C)NC(=O)OCC1C2=CC=CC=C2C3=CC=CC=C13)O,5.403,DMSO,1,CS(=O)C
Phenyl-benzoate,C1=CC=C(C=C1)C(=O)OC2=CC=CC=C2,5.429,DMSO,1,CS(=O)C
Pindolol,CC(C)NCC(COC1=CC=CC2=C1C=CN2)O,3.378,DMSO,0,CS(=O)C
Protocatechuic_acid,C1=CC(=C(C=C1C(=O)O)O)O,2.706,DMSO,1,CS(=O)C
Suberic_acid_monomethyl_ester,COC(=O)CCCCCCC(=O)O,4.178,DMSO,1,CS(=O)C
Z-D-Glu-OBzl,C1=CC=C(C=C1)COC(=O)[C@@H](CCC(=O)O)NC(=O)OCC2=CC=CC=C2,4.963,DMSO,0,CS(=O)C
Z-D-Phg-OH,C1=CC=C(C=C1)COC(=O)N[C@H](C2=CC=CC=C2)C(=O)O,4.698,DMSO,1,CS(=O)C
"meso-1,2-Dibromo-1,2-diphenylethane",C1=CC=C(C=C1)C(C(C2=CC=CC=C2)Br)Br,5.646,DMSO,0,CS(=O)C
mono-tert-Butyl_succinate,CC(C)(C)OC(=O)CCC(=O)O,4.07,DMSO,1,CS(=O)C
pentafluorobenzyl-bromide,C(C1=C(C(=C(C(=C1F)F)F)F)F)Br,3.384,DMSO,1,CS(=O)C
"trans-1,2-Bis(phenylsulfonyl)ethylene",C1=CC=C(C=C1)S(=O)(=O)/C=C/S(=O)(=O)C2=CC=CC=C2,5.132,DMSO,0,CS(=O)C
trans-4-(9-Fluorenylmethyloxycarbonylaminomethyl)-cyclohexanoic_acid,C1CC(CCC1CNC(=O)OCC2C3=CC=CC=C3C4=CC=CC=C24)C(=O)O,5.095,DMSO,0,CS(=O)C
trans-Aconitic-acid,C(/C(=C\C(=O)O)/C(=O)O)C(=O)O,0.0,DMSO,1,CS(=O)C
(1-BROMOETHYL)BENZENE,CC(C1=CC=CC=C1)Br,0.0,DMSO,1,CS(=O)C
"(2,6-Dioxo-piperidin-4-yl)-acetic_acid",C1C(CC(=O)NC1=O)CC(=O)O,3.569,DMSO,1,CS(=O)C
(2-BENZYLOXYCARBONYLAMINO-ACETYLAMINO)-ACETIC_ACID,C1=CC=C(C=C1)COC(=O)NCC(=O)NCC(=O)O,0.0,DMSO,1,CS(=O)C
(2S)-2-{[(9H-fluoren-9-ylmethoxy)carbonyl]amino}-4-hydroxybutanoic acid,C1=CC=C2C(=C1)C(C3=CC=CC=C32)COC(=O)N[C@@H](CCO)C(=O)O,3.732,DMSO,1,CS(=O)C
"(2S,5S)-1-Hydroxy-2,5-diphenylphospholane 1-oxide",C1C[C@H](P(=O)([C@@H]1C2=CC=CC=C2)O)C3=CC=CC=C3,0.0,DMSO,0,CS(=O)C
"(?S)-4-(1,1-Dimethylethoxy)-?-[[(9H-fluoren-9-ylmethoxy)carbonyl]amino]benzenebutanoic_acid",CC(C)(C)OC1=CC=C(C=C1)CC[C@@H](C(=O)O)NC(=O)OCC2C3=CC=CC=C3C4=CC=CC=C24,6.277,DMSO,1,CS(=O)C
(R)-(-)-2-Methoxy-2-phenylethanol,CO[C@@H](CO)C1=CC=CC=C1,4.365,DMSO,1,CS(=O)C
"(S)-(-)-2-Amino-3-methyl-1,1-diphenyl-1-butanol",CC(C)[C@@H](C(C1=CC=CC=C1)(C2=CC=CC=C2)O)N,3.014,DMSO,1,CS(=O)C
(S)-Benzyl 2-(((S)-1-methoxy-4-methyl-1-oxopentan-2-yl)carbamoyl)pyrrolidine-1-carboxylate,CC(C)C[C@@H](C(=O)OC)NC(=O)[C@@H]1CCCN1C(=O)OCC2=CC=CC=C2,5.47,DMSO,1,CS(=O)C
"1,1,1-Tris(4-hydroxyphenyl)ethane",CC(C1=CC=C(C=C1)O)(C2=CC=C(C=C2)O)C3=CC=C(C=C3)O,5.602,DMSO,1,CS(=O)C
"1,1,3-Triphenylpropargyl alcohol",C1=CC=C(C=C1)C#CC(C2=CC=CC=C2)(C3=CC=CC=C3)O,6.401,DMSO,1,CS(=O)C
"1,2-Bis(4-hydroxyphenyl)ethane-1,2-dione",C1=CC(=CC=C1C(=O)C(=O)C2=CC=C(C=C2)O)O,5.685,DMSO,1,CS(=O)C
"1,3-Bis(trifluoromethyl)-5-bromobenzene",C1=C(C=C(C=C1C(F)(F)F)Br)C(F)(F)F,6.506,DMSO,1,CS(=O)C
"1,3-Butanediol-diacrylate",CC(CCOC(=O)C=C)OC(=O)C=C,5.31,DMSO,1,CS(=O)C
"1,3-Dimethyl 2-[(4-methoxyphenyl)methylene]propanedioate",COC1=CC=C(C=C1)C=C(C(=O)OC)C(=O)OC,5.496,DMSO,1,CS(=O)C
"1,3-Diphenylacetone_p-tosylhydrazone",CC1=CC=C(C=C1)S(=O)(=O)NN=C(CC2=CC=CC=C2)CC3=CC=CC=C3,6.301,DMSO,0,CS(=O)C
"1,4-Bis(bromomethyl)-2,3,5,6-tetrafluorobenzene_",C(C1=C(C(=C(C(=C1F)F)CBr)F)F)Br,6.311,DMSO,0,CS(=O)C
"1,4-Cyclohexanedicarboxylic-acid",C1CC(CCC1C(=O)O)C(=O)O,5.063,DMSO,0,CS(=O)C
"1,4-Dibromo-2,3-butanedione",C(C(=O)C(=O)CBr)Br,4.258,DMSO,1,CS(=O)C
1-(4-Biphenyl)-1-ethanol,CC(C1=CC=C(C=C1)C2=CC=CC=C2)O,5.763,DMSO,0,CS(=O)C
"1-(9H-Fluoren-9-ylmethyl) (2S,4S)-4-[[(1,1-dimethylethoxy)carbonyl]amino]-1,2-pyrrolidinedicarboxylate_",CC(C)(C)OC(=O)N[C@H]1C[C@H](N(C1)C(=O)OCC2C3=CC=CC=C3C4=CC=CC=C24)C(=O)O,0.0,DMSO,1,CS(=O)C
1-(tert-Butoxycarbonyl)-4-[(9H-fluoren-9-ylmethoxy)carbonyl]-2-piperazinecarboxylic_acid,CC(C)(C)OC(=O)N1CCN(CC1C(=O)O)C(=O)OCC2C3=CC=CC=C3C4=CC=CC=C24,0.0,DMSO,1,CS(=O)C
1-BROMO-3-METHYLBUTANE,CC(C)CCBr,6.308,DMSO,1,CS(=O)C
1-Benzofuran-5-carboxylic_acid,C1=CC2=C(C=CO2)C=C1C(=O)O,0.0,DMSO,0,CS(=O)C
1-Benzylpiperidine,C1CCN(CC1)CC2=CC=CC=C2,0.0,DMSO,1,CS(=O)C
1-Bromo-4-(trifluoromethoxy)benzene,C1=CC(=CC=C1OC(F)(F)F)Br,6.395,DMSO,1,CS(=O)C
1-Bromopentanemethylbenzene,CC1=C(C(=C(C(=C1C)C)Br)C)C,0.0,DMSO,0,CS(=O)C
1-Phenyl-5-(trifluoromethyl)-1H-pyrazole-4-carboxylic_acid,C1=CC=C(C=C1)N2C(=C(C=N2)C(=O)O)C(F)(F)F,6.759,DMSO,1,CS(=O)C
1-Pyrenemethanol,C1=CC2=C3C(=C1)C=CC4=C(C=CC(=C43)C=C2)CO,6.426,DMSO,1,CS(=O)C
"1-Tosyl-2,5-dihydro-1H-pyrrole",CC1=CC=C(C=C1)S(=O)(=O)N2CC=CC2,5.458,DMSO,1,CS(=O)C
"2,2"",4,4""-Tetramethylbenzophenone",CC1=CC(=C(C=C1)C(=O)C2=C(C=C(C=C2)C)C)C,0.0,DMSO,1,CS(=O)C
"2,2,2-TRIFLUOROACETOPHENONE",C1=CC=C(C=C1)C(=O)C(F)(F)F,4.892,DMSO,1,CS(=O)C
"2,3,4-Trifluorobenzoic acid",C1=CC(=C(C(=C1C(=O)O)F)F)F,0.0,DMSO,1,CS(=O)C
"2,3,6,7,10,11-Hexamethoxytriphenylene",COC1=C(C=C2C(=C1)C3=CC(=C(C=C3C4=CC(=C(C=C24)OC)OC)OC)OC)OC,6.081,DMSO,0,CS(=O)C
"2,4,6-Tris(bromomethyl)mesitylene",CC1=C(C(=C(C(=C1CBr)C)CBr)C)CBr,6.749,DMSO,0,CS(=O)C
"2,4-Dichlorophenol",C1=CC(=C(C=C1Cl)Cl)O,6.191,DMSO,1,CS(=O)C
"2,6-Bis[(4S)-4-phenyl-2-oxazolinyl]pyridine",C1[C@@H](N=C(O1)C2=NC(=CC=C2)C3=N[C@H](CO3)C4=CC=CC=C4)C5=CC=CC=C5,5.752,DMSO,0,CS(=O)C
"2,6-Dichloroiodobenzene",C1=CC(=C(C(=C1)Cl)I)Cl,6.749,DMSO,1,CS(=O)C
"2,6-Diisopropylphenol",CC(C)C1=C(C(=CC=C1)C(C)C)O,6.456,DMSO,1,CS(=O)C
"2,6-Dimethoxy-1,4-benzoquinone",COC1=CC(=O)C=C(C1=O)OC,3.784,DMSO,0,CS(=O)C
"2,6-Dimethoxybenzoyl_chloride",COC1=C(C(=CC=C1)OC)C(=O)Cl,0.0,DMSO,0,CS(=O)C
2-(3-Chlorophenoxy)propionic-acid,CC(C(=O)O)OC1=CC(=CC=C1)Cl,0.0,DMSO,1,CS(=O)C
2-(4-Chlorobenzoyl)benzoic_acid,C1=CC=C(C(=C1)C(=O)C2=CC=C(C=C2)Cl)C(=O)O,0.0,DMSO,1,CS(=O)C
2-(Diphenylphosphino)benzoic-acid,C1=CC=C(C=C1)P(C2=CC=CC=C2)C3=CC=CC=C3C(=O)O,0.0,DMSO,1,CS(=O)C
2-(Trifluoromethyl)pyridine-4-carboxylic_acid,C1=CN=C(C=C1C(=O)O)C(F)(F)F,0.0,DMSO,1,CS(=O)C
2-Amino-4-phenylphenol,C1=CC=C(C=C1)C2=CC(=C(C=C2)O)N,4.969,DMSO,1,CS(=O)C
2-Amino-6-bromopyridine,C1=CC(=NC(=C1)Br)N,4.595,DMSO,1,CS(=O)C
2-Benzyloxybenzoic_acid ,C1=CC=C(C=C1)COC2=CC=CC=C2C(=O)O,6.665,DMSO,1,CS(=O)C
"2-Bromo-2',6'-diisopropoxy-1,1'-biphenyl",CC(C)OC1=C(C(=CC=C1)OC(C)C)C2=CC=CC=C2Br,0.0,DMSO,1,CS(=O)C
2-Bromo-5-(trifluoromethyl)benzaldehyde,C1=CC(=C(C=C1C(F)(F)F)C=O)Br,6.015,DMSO,1,CS(=O)C
2-Bromo-5-chlorotoluene,CC1=C(C=CC(=C1)Cl)Br,6.784,DMSO,1,CS(=O)C
2-Bromoanthraquinone,C1=CC=C2C(=C1)C(=O)C3=C(C2=O)C=C(C=C3)Br,0.0,DMSO,1,CS(=O)C
2-Bromonaphthalen-1-ol,C1=CC=C2C(=C1)C=CC(=C2O)Br,6.324,DMSO,1,CS(=O)C
2-Bromophenethylamine,C1=CC=C(C(=C1)CCN)Br,0.0,DMSO,1,CS(=O)C
2-Bromotoluene,CC1=CC=CC=C1Br,6.386,DMSO,1,CS(=O)C
2-Hydroxy-4-(trifluoromethyl)aniline,C1=CC(=C(C=C1C(F)(F)F)O)N,5.296,DMSO,1,CS(=O)C
2-Iodobenzaldehyde,C1=CC=C(C(=C1)C=O)I,5.768,DMSO,1,CS(=O)C
2-Iodobenzyl_bromide,C1=CC=C(C(=C1)CBr)I,6.329,DMSO,1,CS(=O)C
2-Iodopyridine,C1=CC=NC(=C1)I,4.887,DMSO,1,CS(=O)C
2-Isopropylthioxanthone,CC(C)C1=CC2=C(C=C1)SC3=CC=CC=C3C2=O,0.0,DMSO,0,CS(=O)C
"2-Methyl-5-(trifluoromethyl)-1,3-benzoxazole",CC1=NC2=C(O1)C=CC(=C2)C(F)(F)F,5.575,DMSO,1,CS(=O)C
"3,3-Dimethyl-1-indanone",CC1(CC(=O)C2=CC=CC=C21)C,5.447,DMSO,1,CS(=O)C
"3,4,5-TRIBROMO-1H-PYRAZOLE",C1(=C(NN=C1Br)Br)Br,6.39,DMSO,1,CS(=O)C
"3,4,7,8-Tetramethyl-1,10-phenanthroline",CC1=CN=C2C(=C1C)C=CC3=C(C(=CN=C32)C)C,3.501,DMSO,0,CS(=O)C
"3,5-Di-tert-butylbenzoic acid",CC(C)(C)C1=CC(=CC(=C1)C(=O)O)C(C)(C)C,0.0,DMSO,1,CS(=O)C
"3,5-Dibromotoluene",CC1=CC(=CC(=C1)Br)Br,0.0,DMSO,1,CS(=O)C
"3,5-Dimethylbenzoyl_chloride",CC1=CC(=CC(=C1)C(=O)Cl)C,0.0,DMSO,1,CS(=O)C
"3,6-Dimethoxy-9H-carbazole",COC1=CC2=C(C=C1)NC3=C2C=C(C=C3)OC,5.86,DMSO,1,CS(=O)C
3-(2-Naphthyl)acrylic_acid,C1=CC=C2C=C(C=CC2=C1)/C=C/C(=O)O,0.0,DMSO,1,CS(=O)C
3-(Phenylthio)propanoic-acid,C1=CC=C(C=C1)SCCC(=O)O,0.0,DMSO,1,CS(=O)C
3-(tert-Butoxycarbonyl)benzoic_acid,CC(C)(C)OC(=O)C1=CC=CC(=C1)C(=O)O,0.0,DMSO,1,CS(=O)C
3-Bromobenzoyl_chloride,C1=CC(=CC(=C1)Br)C(=O)Cl,0.0,DMSO,1,CS(=O)C
3-Bromopropionyl_chloride,C(CBr)C(=O)Cl,0.0,DMSO,1,CS(=O)C
3-Chloro-4-methoxyaniline,COC1=C(C=C(C=C1)N)Cl,3.349,DMSO,1,CS(=O)C
3-[[(9H-Fluoren-9-ylmethoxy)carbonyl]amino]-2-naphthalenecarboxylic acid,C1=CC=C2C=C(C(=CC2=C1)C(=O)O)NC(=O)OCC3C4=CC=CC=C4C5=CC=CC=C35,5.672,DMSO,0,CS(=O)C
"4,4',4''-Trimethoxytrityl chloride",COC1=CC=C(C=C1)C(C2=CC=C(C=C2)OC)(C3=CC=C(C=C3)OC)Cl,6.038,DMSO,0,CS(=O)C
"4,4'-Dihydroxybiphenyl",C1=CC(=CC=C1C2=CC=C(C=C2)O)O,5.345,DMSO,1,CS(=O)C
"4,4'-Dimethoxybenzophenone",COC1=CC=C(C=C1)C(=O)C2=CC=C(C=C2)OC,5.848,DMSO,0,CS(=O)C
"4,4?,4??-(1,3,5-TRIAZINE-2,4,6-TRIYL)TRIBENZALDEHYDE",C1=CC(=CC=C1C=O)C2=NC(=NC(=N2)C3=CC=C(C=C3)C=O)C4=CC=C(C=C4)C=O,5.916,DMSO,0,CS(=O)C
4-(Bromomethyl)benzoic_acid,C1=CC(=CC=C1CBr)C(=O)O,0.0,DMSO,1,CS(=O)C
4-(Hydroxymethyl)phenylacetic-acid,C1=CC(=CC=C1CC(=O)O)CO,4.948,DMSO,1,CS(=O)C
4-(Trifluoroacetyl)phenacyl-bromide,C1=CC(=CC=C1C(=O)CBr)C(=O)C(F)(F)F,5.209,DMSO,1,CS(=O)C
4-(Trifluoromethyl)benzylamine,C1=CC(=CC=C1CN)C(F)(F)F,0.0,DMSO,1,CS(=O)C
"4-Bromo-3,5-dimethoxybenzoic acid",COC1=CC(=CC(=C1Br)OC)C(=O)O,0.0,DMSO,1,CS(=O)C
4-Bromo-L-phenylalanine,C1=CC(=CC=C1C[C@@H](C(=O)O)N)Br,3.583,DMSO,0,CS(=O)C
4-Chlorobenzenesulfonic_acid,C1=CC(=CC=C1S(=O)(=O)O)Cl,0.0,DMSO,1,CS(=O)C
4-Chloropyridine-3-carboxylic_acid,C1=CN=CC(=C1Cl)C(=O)O,2.319,DMSO,1,CS(=O)C
"4-Hydroxy-3,5-diiodobenzoic acid",C1=C(C=C(C(=C1I)O)I)C(=O)O,0.0,DMSO,1,CS(=O)C
4-Hydroxyphthalic_acid,C1=CC(=C(C=C1O)C(=O)O)C(=O)O,0.0,DMSO,1,CS(=O)C
4-Methoxybiphenyl,COC1=CC=C(C=C1)C2=CC=CC=C2,6.312,DMSO,1,CS(=O)C
4-Methoxytriphenylamine,COC1=CC=C(C=C1)N(C2=CC=CC=C2)C3=CC=CC=C3,0.0,DMSO,0,CS(=O)C
4-tert-Butylbenzoyl_chloride,CC(C)(C)C1=CC=C(C=C1)C(=O)Cl,0.0,DMSO,1,CS(=O)C
"5,7-Dimethyl-[1,2,4]triazolo[1,5-a]pyrimidine-2-carboxylic acid",CC1=CC(=NC2=NC(=NN12)C(=O)O)C,0.0,DMSO,0,CS(=O)C
5-(Trifluoromethyl)indole,C1=CC2=C(C=CN2)C=C1C(F)(F)F,6.048,DMSO,0,CS(=O)C
5-(Trifluoromethyl)pyridine-2-carboxaldehyde,C1=CC(=NC=C1C(F)(F)F)C=O,0.0,DMSO,1,CS(=O)C
5-Bromo-2-furoic_acid,C1=C(OC(=C1)Br)C(=O)O,0.0,DMSO,1,CS(=O)C
5-Bromo-2-phenylpyridine,C1=CC=C(C=C1)C2=NC=C(C=C2)Br,6.401,DMSO,1,CS(=O)C
"6,6'-Dibromo-1,1'-bi-2-naphthol",C1=CC2=C(C=CC(=C2C3=C(C=CC4=C3C=CC(=C4)Br)O)O)C=C1Br,6.717,DMSO,1,CS(=O)C
8-Isoquinolinecarboxaldehyde,C1=CC2=C(C=NC=C2)C(=C1)C=O,3.313,DMSO,1,CS(=O)C
Allyl-alpha-D-glucopyranoside,C=CCO[C@@H]1[C@@H]([C@H]([C@@H]([C@H](O1)CO)O)O)O,1.204,DMSO,1,CS(=O)C
Aniline-2-sulfonic_acid,C1=CC=C(C(=C1)N)S(=O)(=O)O,6.718,DMSO,1,CS(=O)C
Bis(diphenylphosphino)methane,C1=CC=C(C=C1)P(CP(C2=CC=CC=C2)C3=CC=CC=C3)C4=CC=CC=C4,0.0,DMSO,0,CS(=O)C
DL-beta-Phenylalanine,C1=CC=C(C=C1)C(CC(=O)O)N,1.658,DMSO,0,CS(=O)C
Di-tert-butylcyclopentadiene,CC(C)(C)C1C=CC(=C1)C(C)(C)C,0.0,DMSO,1,CS(=O)C
Dibenzyl-malonate,C1=CC=C(C=C1)COC(=O)CC(=O)OCC2=CC=CC=C2,5.942,DMSO,1,CS(=O)C
Dibromomaleic-acid,C(=C(\C(=O)O)/Br)(\C(=O)O)/Br,0.0,DMSO,1,CS(=O)C
Diethyl 4-Methoxyphenylphosphonate,CCOP(=O)(C1=CC=C(C=C1)OC)OCC,4.853,DMSO,1,CS(=O)C
Diethyl_dibutylmalonate,CCCCC(CCCC)(C(=O)OCC)C(=O)OCC,0.0,DMSO,1,CS(=O)C
Diethyl_phenylmalonate,CCOC(=O)C(C1=CC=CC=C1)C(=O)OCC,5.921,DMSO,1,CS(=O)C
"Dimethyl 1,3-cyclohexadiene-1,4-dicarboxylate",COC(=O)C1=CC=C(CC1)C(=O)OC,5.288,DMSO,0,CS(=O)C
"Dimethyl 2,2'-bipyridine-4,4'-dicarboxylate",COC(=O)C1=CC(=NC=C1)C2=NC=CC(=C2)C(=O)OC,5.764,DMSO,0,CS(=O)C
Dimethyl-propargylmalonate,COC(=O)C(CC#C)C(=O)OC,0.0,DMSO,1,CS(=O)C
Ethyl 2-cyclohexanoneacetate,CCOC(=O)CC1CCCCC1=O,5.042,DMSO,1,CS(=O)C
Ethyl 3-thiopheneacetate,CCOC(=O)CC1=CSC=C1,5.455,DMSO,1,CS(=O)C
"Ethyl 4,4,4-trifluoroacetoacetate",CCOC(=O)CC(=O)C(F)(F)F,4.325,DMSO,1,CS(=O)C
Ethyl mesitylglyoxylate,CCOC(=O)C(=O)C1=C(C=C(C=C1C)C)C,6.07,DMSO,1,CS(=O)C
Ethyl-3-oxohexanoate,CCCC(=O)CC(=O)OCC,4.983,DMSO,1,CS(=O)C
Ethyl-4-bromocrotonate,CCOC(=O)/C=C/CBr,5.389,DMSO,1,CS(=O)C
Ethyl-4-iodobenzoate,CCOC(=O)C1=CC=C(C=C1)I,6.432,DMSO,1,CS(=O)C
FMOC-D-ORN(ALOC)-OH,C=CCOC(=O)NCCC[C@H](C(=O)O)NC(=O)OCC1C2=CC=CC=C2C3=CC=CC=C13,0.0,DMSO,1,CS(=O)C
Flavanone,C1C(OC2=CC=CC=C2C1=O)C3=CC=CC=C3,5.947,DMSO,1,CS(=O)C
Flufenamic-acid,C1=CC=C(C(=C1)C(=O)O)NC2=CC=CC(=C2)C(F)(F)F,0.0,DMSO,1,CS(=O)C
Hematein,C1C2=CC(=C(C=C2C3=C4C=CC(=O)C(=C4OCC31O)O)O)O,5.585,DMSO,0,CS(=O)C
METHYL 2-PHTHALIMIDOACETATE,COC(=O)CN1C(=O)C2=CC=CC=C2C1=O,5.872,DMSO,1,CS(=O)C
"Methyl 6-oxo-1,6-dihydropyridine-2-carboxylate",COC(=O)C1=CC=CC(=O)N1,3.265,DMSO,1,CS(=O)C
"Methyl-2,6-dimethoxybenzoate",COC1=C(C(=CC=C1)OC)C(=O)OC,4.99,DMSO,1,CS(=O)C
Methyl-3-bromo-4-iodobenzoate,COC(=O)C1=CC(=C(C=C1)I)Br,6.546,DMSO,0,CS(=O)C
"Methyl-6-Oxo-1,6-dihydropyridazine-3-carboxylate",COC(=O)C1=NNC(=O)C=C1,3.114,DMSO,1,CS(=O)C
Methyl-diethylphosphonoacetate,CCOP(=O)(CC(=O)OC)OCC,3.921,DMSO,1,CS(=O)C
N(im)-Trityl-L-histidine,C1=CC=C(C=C1)C(C2=CC=CC=C2)(C3=CC=CC=C3)N4C=C(N=C4)C[C@@H](C(=O)O)N,4.065,DMSO,0,CS(=O)C
"N,N-Dimethyl-L-phenylalanine",CN(C)[C@@H](CC1=CC=CC=C1)C(=O)O,2.647,DMSO,0,CS(=O)C
N-Acetyl-L-tryptophan,CC(=O)N[C@@H](CC1=CNC2=CC=CC=C21)C(=O)O,0.0,DMSO,1,CS(=O)C
N-Benzylidenebenzylamine,C1=CC=C(C=C1)CN=CC2=CC=CC=C2,4.87,DMSO,1,CS(=O)C
N-Phthaloylglycine,C1=CC=C2C(=C1)C(=O)N(C2=O)CC(=O)O,0.0,DMSO,1,CS(=O)C
"N-[(1,1-Dimethylethoxy)carbonyl]-L-histidine methyl_ester",CC(C)(C)OC(=O)N[C@@H](CC1=CN=CN1)C(=O)OC,0.0,DMSO,1,CS(=O)C
N-[(Phenylmethoxy)carbonyl]-O-(phenylmethyl)-L-serine_,C1=CC=C(C=C1)COC[C@@H](C(=O)O)NC(=O)OCC2=CC=CC=C2,0.0,DMSO,1,CS(=O)C
"N6-[(1,1-Dimethylethoxy)carbonyl]-N2-[(9H-fluoren-9-ylmethoxy)carbonyl]-2-methyl-D-lysine",C[C@@](CCCCNC(=O)OC(C)(C)C)(C(=O)O)NC(=O)OCC1C2=CC=CC=C2C3=CC=CC=C13,6.201,DMSO,1,CS(=O)C
"N6-[(1,1-Dimethylethoxy)carbonyl]-N2-[(phenylmethoxy)carbonyl]-L-lysine",CC(C)(C)OC(=O)NCCCC[C@@H](C(=O)O)NC(=O)OCC1=CC=CC=C1,0.0,DMSO,1,CS(=O)C
Nalpha-[(9H-Fluoren-9-ylmethoxy)carbonyl]-L-threonine tert-Butyl-Ester,C[C@H]([C@@H](C(=O)OC(C)(C)C)NC(=O)OCC1C2=CC=CC=C2C3=CC=CC=C13)O,6.179,DMSO,1,CS(=O)C
Phenyl-benzoate,C1=CC=C(C=C1)C(=O)OC2=CC=CC=C2,6.129,DMSO,1,CS(=O)C
Pindolol,CC(C)NCC(COC1=CC=CC2=C1C=CN2)O,0.0,DMSO,0,CS(=O)C
Protocatechuic_acid,C1=CC(=C(C=C1C(=O)O)O)O,4.331,DMSO,1,CS(=O)C
Suberic_acid_monomethyl_ester,COC(=O)CCCCCCC(=O)O,5.205,DMSO,1,CS(=O)C
Z-D-Glu-OBzl,C1=CC=C(C=C1)COC(=O)[C@@H](CCC(=O)O)NC(=O)OCC2=CC=CC=C2,6.478,DMSO,0,CS(=O)C
Z-D-Phg-OH,C1=CC=C(C=C1)COC(=O)N[C@H](C2=CC=CC=C2)C(=O)O,0.0,DMSO,1,CS(=O)C
"meso-1,2-Dibromo-1,2-diphenylethane",C1=CC=C(C=C1)C(C(C2=CC=CC=C2)Br)Br,6.378,DMSO,0,CS(=O)C
mono-tert-Butyl_succinate,CC(C)(C)OC(=O)CCC(=O)O,5.562,DMSO,1,CS(=O)C
pentafluorobenzyl-bromide,C(C1=C(C(=C(C(=C1F)F)F)F)F)Br,6.149,DMSO,1,CS(=O)C
"trans-1,2-Bis(phenylsulfonyl)ethylene",C1=CC=C(C=C1)S(=O)(=O)/C=C/S(=O)(=O)C2=CC=CC=C2,5.493,DMSO,0,CS(=O)C
trans-4-(9-Fluorenylmethyloxycarbonylaminomethyl)-cyclohexanoic_acid,C1CC(CCC1CNC(=O)OCC2C3=CC=CC=C3C4=CC=CC=C24)C(=O)O,6.639,DMSO,0,CS(=O)C
trans-Aconitic-acid,C(/C(=C\C(=O)O)/C(=O)O)C(=O)O,0.0,DMSO,1,CS(=O)C
(1-BROMOETHYL)BENZENE,CC(C1=CC=CC=C1)Br,5.717,DMSO,1,CS(=O)C
"(2,6-Dioxo-piperidin-4-yl)-acetic_acid",C1C(CC(=O)NC1=O)CC(=O)O,0.0,DMSO,1,CS(=O)C
(2-BENZYLOXYCARBONYLAMINO-ACETYLAMINO)-ACETIC_ACID,C1=CC=C(C=C1)COC(=O)NCC(=O)NCC(=O)O,3.685,DMSO,1,CS(=O)C
(2S)-2-{[(9H-fluoren-9-ylmethoxy)carbonyl]amino}-4-hydroxybutanoic acid,C1=CC=C2C(=C1)C(C3=CC=CC=C32)COC(=O)N[C@@H](CCO)C(=O)O,3.196,DMSO,1,CS(=O)C
"(2S,5S)-1-Hydroxy-2,5-diphenylphospholane 1-oxide",C1C[C@H](P(=O)([C@@H]1C2=CC=CC=C2)O)C3=CC=CC=C3,4.103,DMSO,0,CS(=O)C
"(?S)-4-(1,1-Dimethylethoxy)-?-[[(9H-fluoren-9-ylmethoxy)carbonyl]amino]benzenebutanoic_acid",CC(C)(C)OC1=CC=C(C=C1)CC[C@@H](C(=O)O)NC(=O)OCC2C3=CC=CC=C3C4=CC=CC=C24,6.069,DMSO,1,CS(=O)C
(R)-(-)-2-Methoxy-2-phenylethanol,CO[C@@H](CO)C1=CC=CC=C1,3.954,DMSO,1,CS(=O)C
"(S)-(-)-2-Amino-3-methyl-1,1-diphenyl-1-butanol",CC(C)[C@@H](C(C1=CC=CC=C1)(C2=CC=CC=C2)O)N,3.579,DMSO,1,CS(=O)C
(S)-Benzyl 2-(((S)-1-methoxy-4-methyl-1-oxopentan-2-yl)carbamoyl)pyrrolidine-1-carboxylate,CC(C)C[C@@H](C(=O)OC)NC(=O)[C@@H]1CCCN1C(=O)OCC2=CC=CC=C2,5.166,DMSO,1,CS(=O)C
"1,1,1-Tris(4-hydroxyphenyl)ethane",CC(C1=CC=C(C=C1)O)(C2=CC=C(C=C2)O)C3=CC=C(C=C3)O,4.516,DMSO,1,CS(=O)C
"1,1,3-Triphenylpropargyl alcohol",C1=CC=C(C=C1)C#CC(C2=CC=CC=C2)(C3=CC=CC=C3)O,6.022,DMSO,1,CS(=O)C
"1,2-Bis(4-hydroxyphenyl)ethane-1,2-dione",C1=CC(=CC=C1C(=O)C(=O)C2=CC=C(C=C2)O)O,4.356,DMSO,1,CS(=O)C
"1,3-Bis(trifluoromethyl)-5-bromobenzene",C1=C(C=C(C=C1C(F)(F)F)Br)C(F)(F)F,6.316,DMSO,1,CS(=O)C
"1,3-Butanediol-diacrylate",CC(CCOC(=O)C=C)OC(=O)C=C,4.994,DMSO,1,CS(=O)C
"1,3-Dimethyl 2-[(4-methoxyphenyl)methylene]propanedioate",COC1=CC=C(C=C1)C=C(C(=O)OC)C(=O)OC,5.146,DMSO,1,CS(=O)C
"1,3-Diphenylacetone_p-tosylhydrazone",CC1=CC=C(C=C1)S(=O)(=O)NN=C(CC2=CC=CC=C2)CC3=CC=CC=C3,5.997,DMSO,0,CS(=O)C
"1,4-Bis(bromomethyl)-2,3,5,6-tetrafluorobenzene_",C(C1=C(C(=C(C(=C1F)F)CBr)F)F)Br,5.996,DMSO,0,CS(=O)C
"1,4-Cyclohexanedicarboxylic-acid",C1CC(CCC1C(=O)O)C(=O)O,3.453,DMSO,0,CS(=O)C
"1,4-Dibromo-2,3-butanedione",C(C(=O)C(=O)CBr)Br,3.548,DMSO,1,CS(=O)C
1-(4-Biphenyl)-1-ethanol,CC(C1=CC=C(C=C1)C2=CC=CC=C2)O,5.219,DMSO,0,CS(=O)C
"1-(9H-Fluoren-9-ylmethyl) (2S,4S)-4-[[(1,1-dimethylethoxy)carbonyl]amino]-1,2-pyrrolidinedicarboxylate_",CC(C)(C)OC(=O)N[C@H]1C[C@H](N(C1)C(=O)OCC2C3=CC=CC=C3C4=CC=CC=C24)C(=O)O,5.46,DMSO,1,CS(=O)C
1-(tert-Butoxycarbonyl)-4-[(9H-fluoren-9-ylmethoxy)carbonyl]-2-piperazinecarboxylic_acid,CC(C)(C)OC(=O)N1CCN(CC1C(=O)O)C(=O)OCC2C3=CC=CC=C3C4=CC=CC=C24,5.698,DMSO,1,CS(=O)C
1-BROMO-3-METHYLBUTANE,CC(C)CCBr,0.0,DMSO,1,CS(=O)C
1-Benzofuran-5-carboxylic_acid,C1=CC2=C(C=CO2)C=C1C(=O)O,4.328,DMSO,0,CS(=O)C
1-Benzylpiperidine,C1CCN(CC1)CC2=CC=CC=C2,2.932,DMSO,1,CS(=O)C
1-Bromo-4-(trifluoromethoxy)benzene,C1=CC(=CC=C1OC(F)(F)F)Br,6.126,DMSO,1,CS(=O)C
1-Bromopentanemethylbenzene,CC1=C(C(=C(C(=C1C)C)Br)C)C,0.0,DMSO,0,CS(=O)C
1-Phenyl-5-(trifluoromethyl)-1H-pyrazole-4-carboxylic_acid,C1=CC=C(C=C1)N2C(=C(C=N2)C(=O)O)C(F)(F)F,4.692,DMSO,1,CS(=O)C
1-Pyrenemethanol,C1=CC2=C3C(=C1)C=CC4=C(C=CC(=C43)C=C2)CO,5.493,DMSO,1,CS(=O)C
"1-Tosyl-2,5-dihydro-1H-pyrrole",CC1=CC=C(C=C1)S(=O)(=O)N2CC=CC2,5.084,DMSO,1,CS(=O)C
"2,2"",4,4""-Tetramethylbenzophenone",CC1=CC(=C(C=C1)C(=O)C2=C(C=C(C=C2)C)C)C,6.666,DMSO,1,CS(=O)C
"2,2,2-TRIFLUOROACETOPHENONE",C1=CC=C(C=C1)C(=O)C(F)(F)F,4.321,DMSO,1,CS(=O)C
"2,3,4-Trifluorobenzoic acid",C1=CC(=C(C(=C1C(=O)O)F)F)F,4.217,DMSO,1,CS(=O)C
"2,3,6,7,10,11-Hexamethoxytriphenylene",COC1=C(C=C2C(=C1)C3=CC(=C(C=C3C4=CC(=C(C=C24)OC)OC)OC)OC)OC,5.479,DMSO,0,CS(=O)C
"2,4,6-Tris(bromomethyl)mesitylene",CC1=C(C(=C(C(=C1CBr)C)CBr)C)CBr,6.441,DMSO,0,CS(=O)C
"2,4-Dichlorophenol",C1=CC(=C(C=C1Cl)Cl)O,5.002,DMSO,1,CS(=O)C
"2,6-Bis[(4S)-4-phenyl-2-oxazolinyl]pyridine",C1[C@@H](N=C(O1)C2=NC(=CC=C2)C3=N[C@H](CO3)C4=CC=CC=C4)C5=CC=CC=C5,5.388,DMSO,0,CS(=O)C
"2,6-Dichloroiodobenzene",C1=CC(=C(C(=C1)Cl)I)Cl,6.278,DMSO,1,CS(=O)C
"2,6-Diisopropylphenol",CC(C)C1=C(C(=CC=C1)C(C)C)O,5.934,DMSO,1,CS(=O)C
"2,6-Dimethoxy-1,4-benzoquinone",COC1=CC(=O)C=C(C1=O)OC,3.382,DMSO,0,CS(=O)C
"2,6-Dimethoxybenzoyl_chloride",COC1=C(C(=CC=C1)OC)C(=O)Cl,3.697,DMSO,0,CS(=O)C
2-(3-Chlorophenoxy)propionic-acid,CC(C(=O)O)OC1=CC(=CC=C1)Cl,4.625,DMSO,1,CS(=O)C
2-(4-Chlorobenzoyl)benzoic_acid,C1=CC=C(C(=C1)C(=O)C2=CC=C(C=C2)Cl)C(=O)O,4.998,DMSO,1,CS(=O)C
2-(Diphenylphosphino)benzoic-acid,C1=CC=C(C=C1)P(C2=CC=CC=C2)C3=CC=CC=C3C(=O)O,5.797,DMSO,1,CS(=O)C
2-(Trifluoromethyl)pyridine-4-carboxylic_acid,C1=CN=C(C=C1C(=O)O)C(F)(F)F,3.635,DMSO,1,CS(=O)C
2-Amino-4-phenylphenol,C1=CC=C(C=C1)C2=CC(=C(C=C2)O)N,4.249,DMSO,1,CS(=O)C
2-Amino-6-bromopyridine,C1=CC(=NC(=C1)Br)N,3.979,DMSO,1,CS(=O)C
2-Benzyloxybenzoic_acid ,C1=CC=C(C=C1)COC2=CC=CC=C2C(=O)O,4.952,DMSO,1,CS(=O)C
"2-Bromo-2',6'-diisopropoxy-1,1'-biphenyl",CC(C)OC1=C(C(=CC=C1)OC(C)C)C2=CC=CC=C2Br,6.768,DMSO,1,CS(=O)C
2-Bromo-5-(trifluoromethyl)benzaldehyde,C1=CC(=C(C=C1C(F)(F)F)C=O)Br,5.646,DMSO,1,CS(=O)C
2-Bromo-5-chlorotoluene,CC1=C(C=CC(=C1)Cl)Br,6.471,DMSO,1,CS(=O)C
2-Bromoanthraquinone,C1=CC=C2C(=C1)C(=O)C3=C(C2=O)C=C(C=C3)Br,6.357,DMSO,1,CS(=O)C
2-Bromonaphthalen-1-ol,C1=CC=C2C(=C1)C=CC(=C2O)Br,5.492,DMSO,1,CS(=O)C
2-Bromophenethylamine,C1=CC=C(C(=C1)CCN)Br,3.228,DMSO,1,CS(=O)C
2-Bromotoluene,CC1=CC=CC=C1Br,6.087,DMSO,1,CS(=O)C
2-Hydroxy-4-(trifluoromethyl)aniline,C1=CC(=C(C=C1C(F)(F)F)O)N,4.516,DMSO,1,CS(=O)C
2-Iodobenzaldehyde,C1=CC=C(C(=C1)C=O)I,5.318,DMSO,1,CS(=O)C
2-Iodobenzyl_bromide,C1=CC=C(C(=C1)CBr)I,5.97,DMSO,1,CS(=O)C
2-Iodopyridine,C1=CC=NC(=C1)I,4.355,DMSO,1,CS(=O)C
2-Isopropylthioxanthone,CC(C)C1=CC2=C(C=C1)SC3=CC=CC=C3C2=O,6.747,DMSO,0,CS(=O)C
"2-Methyl-5-(trifluoromethyl)-1,3-benzoxazole",CC1=NC2=C(O1)C=CC(=C2)C(F)(F)F,5.228,DMSO,1,CS(=O)C
"3,3-Dimethyl-1-indanone",CC1(CC(=O)C2=CC=CC=C21)C,5.052,DMSO,1,CS(=O)C
"3,4,5-TRIBROMO-1H-PYRAZOLE",C1(=C(NN=C1Br)Br)Br,4.913,DMSO,1,CS(=O)C
"3,4,7,8-Tetramethyl-1,10-phenanthroline",CC1=CN=C2C(=C1C)C=CC3=C(C(=CN=C32)C)C,3.691,DMSO,0,CS(=O)C
"3,5-Di-tert-butylbenzoic acid",CC(C)(C)C1=CC(=CC(=C1)C(=O)O)C(C)(C)C,6.004,DMSO,1,CS(=O)C
"3,5-Dibromotoluene",CC1=CC(=CC(=C1)Br)Br,6.643,DMSO,1,CS(=O)C
"3,5-Dimethylbenzoyl_chloride",CC1=CC(=CC(=C1)C(=O)Cl)C,4.74,DMSO,1,CS(=O)C
"3,6-Dimethoxy-9H-carbazole",COC1=CC2=C(C=C1)NC3=C2C=C(C=C3)OC,5.201,DMSO,1,CS(=O)C
3-(2-Naphthyl)acrylic_acid,C1=CC=C2C=C(C=CC2=C1)/C=C/C(=O)O,5.0,DMSO,1,CS(=O)C
3-(Phenylthio)propanoic-acid,C1=CC=C(C=C1)SCCC(=O)O,4.613,DMSO,1,CS(=O)C
3-(tert-Butoxycarbonyl)benzoic_acid,CC(C)(C)OC(=O)C1=CC=CC(=C1)C(=O)O,5.044,DMSO,1,CS(=O)C
3-Bromobenzoyl_chloride,C1=CC(=CC(=C1)Br)C(=O)Cl,6.034,DMSO,1,CS(=O)C
3-Bromopropionyl_chloride,C(CBr)C(=O)Cl,2.905,DMSO,1,CS(=O)C
3-Chloro-4-methoxyaniline,COC1=C(C=C(C=C1)N)Cl,3.239,DMSO,1,CS(=O)C
3-[[(9H-Fluoren-9-ylmethoxy)carbonyl]amino]-2-naphthalenecarboxylic acid,C1=CC=C2C=C(C(=CC2=C1)C(=O)O)NC(=O)OCC3C4=CC=CC=C4C5=CC=CC=C35,6.295,DMSO,0,CS(=O)C
"4,4',4''-Trimethoxytrityl chloride",COC1=CC=C(C=C1)C(C2=CC=C(C=C2)OC)(C3=CC=C(C=C3)OC)Cl,5.708,DMSO,0,CS(=O)C
"4,4'-Dihydroxybiphenyl",C1=CC(=CC=C1C2=CC=C(C=C2)O)O,4.206,DMSO,1,CS(=O)C
"4,4'-Dimethoxybenzophenone",COC1=CC=C(C=C1)C(=O)C2=CC=C(C=C2)OC,5.439,DMSO,0,CS(=O)C
"4,4?,4??-(1,3,5-TRIAZINE-2,4,6-TRIYL)TRIBENZALDEHYDE",C1=CC(=CC=C1C=O)C2=NC(=NC(=N2)C3=CC=C(C=C3)C=O)C4=CC=C(C=C4)C=O,5.0,DMSO,0,CS(=O)C
4-(Bromomethyl)benzoic_acid,C1=CC(=CC=C1CBr)C(=O)O,4.555,DMSO,1,CS(=O)C
4-(Hydroxymethyl)phenylacetic-acid,C1=CC(=CC=C1CC(=O)O)CO,3.294,DMSO,1,CS(=O)C
4-(Trifluoroacetyl)phenacyl-bromide,C1=CC(=CC=C1C(=O)CBr)C(=O)C(F)(F)F,4.66,DMSO,1,CS(=O)C
4-(Trifluoromethyl)benzylamine,C1=CC(=CC=C1CN)C(F)(F)F,3.284,DMSO,1,CS(=O)C
"4-Bromo-3,5-dimethoxybenzoic acid",COC1=CC(=CC(=C1Br)OC)C(=O)O,4.586,DMSO,1,CS(=O)C
4-Bromo-L-phenylalanine,C1=CC(=CC=C1C[C@@H](C(=O)O)N)Br,3.259,DMSO,0,CS(=O)C
4-Chlorobenzenesulfonic_acid,C1=CC(=CC=C1S(=O)(=O)O)Cl,2.93,DMSO,1,CS(=O)C
4-Chloropyridine-3-carboxylic_acid,C1=CN=CC(=C1Cl)C(=O)O,0.0,DMSO,1,CS(=O)C
"4-Hydroxy-3,5-diiodobenzoic acid",C1=C(C=C(C(=C1I)O)I)C(=O)O,4.476,DMSO,1,CS(=O)C
4-Hydroxyphthalic_acid,C1=CC(=C(C=C1O)C(=O)O)C(=O)O,1.493,DMSO,1,CS(=O)C
4-Methoxybiphenyl,COC1=CC=C(C=C1)C2=CC=CC=C2,5.974,DMSO,1,CS(=O)C
4-Methoxytriphenylamine,COC1=CC=C(C=C1)N(C2=CC=CC=C2)C3=CC=CC=C3,6.687,DMSO,0,CS(=O)C
4-tert-Butylbenzoyl_chloride,CC(C)(C)C1=CC=C(C=C1)C(=O)Cl,5.189,DMSO,1,CS(=O)C
"5,7-Dimethyl-[1,2,4]triazolo[1,5-a]pyrimidine-2-carboxylic acid",CC1=CC(=NC2=NC(=NN12)C(=O)O)C,1.395,DMSO,0,CS(=O)C
5-(Trifluoromethyl)indole,C1=CC2=C(C=CN2)C=C1C(F)(F)F,5.41,DMSO,0,CS(=O)C
5-(Trifluoromethyl)pyridine-2-carboxaldehyde,C1=CC(=NC=C1C(F)(F)F)C=O,3.586,DMSO,1,CS(=O)C
5-Bromo-2-furoic_acid,C1=C(OC(=C1)Br)C(=O)O,3.478,DMSO,1,CS(=O)C
5-Bromo-2-phenylpyridine,C1=CC=C(C=C1)C2=NC=C(C=C2)Br,5.999,DMSO,1,CS(=O)C
"6,6'-Dibromo-1,1'-bi-2-naphthol",C1=CC2=C(C=CC(=C2C3=C(C=CC4=C3C=CC(=C4)Br)O)O)C=C1Br,6.251,DMSO,1,CS(=O)C
8-Isoquinolinecarboxaldehyde,C1=CC2=C(C=NC=C2)C(=C1)C=O,3.029,DMSO,1,CS(=O)C
Allyl-alpha-D-glucopyranoside,C=CCO[C@@H]1[C@@H]([C@H]([C@@H]([C@H](O1)CO)O)O)O,0.0,DMSO,1,CS(=O)C
Aniline-2-sulfonic_acid,C1=CC=C(C(=C1)N)S(=O)(=O)O,0.0,DMSO,1,CS(=O)C
Bis(diphenylphosphino)methane,C1=CC=C(C=C1)P(CP(C2=CC=CC=C2)C3=CC=CC=C3)C4=CC=CC=C4,0.0,DMSO,0,CS(=O)C
DL-beta-Phenylalanine,C1=CC=C(C=C1)C(CC(=O)O)N,1.085,DMSO,0,CS(=O)C
Di-tert-butylcyclopentadiene,CC(C)(C)C1C=CC(=C1)C(C)(C)C,0.0,DMSO,1,CS(=O)C
Dibenzyl-malonate,C1=CC=C(C=C1)COC(=O)CC(=O)OCC2=CC=CC=C2,5.676,DMSO,1,CS(=O)C
Dibromomaleic-acid,C(=C(\C(=O)O)/Br)(\C(=O)O)/Br,3.282,DMSO,1,CS(=O)C
Diethyl 4-Methoxyphenylphosphonate,CCOP(=O)(C1=CC=C(C=C1)OC)OCC,4.523,DMSO,1,CS(=O)C
Diethyl_dibutylmalonate,CCCCC(CCCC)(C(=O)OCC)C(=O)OCC,6.757,DMSO,1,CS(=O)C
Diethyl_phenylmalonate,CCOC(=O)C(C1=CC=CC=C1)C(=O)OCC,5.407,DMSO,1,CS(=O)C
"Dimethyl 1,3-cyclohexadiene-1,4-dicarboxylate",COC(=O)C1=CC=C(CC1)C(=O)OC,4.897,DMSO,0,CS(=O)C
"Dimethyl 2,2'-bipyridine-4,4'-dicarboxylate",COC(=O)C1=CC(=NC=C1)C2=NC=CC(=C2)C(=O)OC,5.278,DMSO,0,CS(=O)C
Dimethyl-propargylmalonate,COC(=O)C(CC#C)C(=O)OC,0.0,DMSO,1,CS(=O)C
Ethyl 2-cyclohexanoneacetate,CCOC(=O)CC1CCCCC1=O,4.689,DMSO,1,CS(=O)C
Ethyl 3-thiopheneacetate,CCOC(=O)CC1=CSC=C1,5.098,DMSO,1,CS(=O)C
"Ethyl 4,4,4-trifluoroacetoacetate",CCOC(=O)CC(=O)C(F)(F)F,3.859,DMSO,1,CS(=O)C
Ethyl mesitylglyoxylate,CCOC(=O)C(=O)C1=C(C=C(C=C1C)C)C,5.827,DMSO,1,CS(=O)C
Ethyl-3-oxohexanoate,CCCC(=O)CC(=O)OCC,4.603,DMSO,1,CS(=O)C
Ethyl-4-bromocrotonate,CCOC(=O)/C=C/CBr,5.037,DMSO,1,CS(=O)C
Ethyl-4-iodobenzoate,CCOC(=O)C1=CC=C(C=C1)I,6.075,DMSO,1,CS(=O)C
FMOC-D-ORN(ALOC)-OH,C=CCOC(=O)NCCC[C@H](C(=O)O)NC(=O)OCC1C2=CC=CC=C2C3=CC=CC=C13,5.147,DMSO,1,CS(=O)C
Flavanone,C1C(OC2=CC=CC=C2C1=O)C3=CC=CC=C3,5.607,DMSO,1,CS(=O)C
Flufenamic-acid,C1=CC=C(C(=C1)C(=O)O)NC2=CC=CC(=C2)C(F)(F)F,5.77,DMSO,1,CS(=O)C
Hematein,C1C2=CC(=C(C=C2C3=C4C=CC(=O)C(=C4OCC31O)O)O)O,4.566,DMSO,0,CS(=O)C
METHYL 2-PHTHALIMIDOACETATE,COC(=O)CN1C(=O)C2=CC=CC=C2C1=O,4.476,DMSO,1,CS(=O)C
"Methyl 6-oxo-1,6-dihydropyridine-2-carboxylate",COC(=O)C1=CC=CC(=O)N1,2.879,DMSO,1,CS(=O)C
"Methyl-2,6-dimethoxybenzoate",COC1=C(C(=CC=C1)OC)C(=O)OC,4.625,DMSO,1,CS(=O)C
Methyl-3-bromo-4-iodobenzoate,COC(=O)C1=CC(=C(C=C1)I)Br,6.145,DMSO,0,CS(=O)C
"Methyl-6-Oxo-1,6-dihydropyridazine-3-carboxylate",COC(=O)C1=NNC(=O)C=C1,2.341,DMSO,1,CS(=O)C
Methyl-diethylphosphonoacetate,CCOP(=O)(CC(=O)OC)OCC,3.635,DMSO,1,CS(=O)C
N(im)-Trityl-L-histidine,C1=CC=C(C=C1)C(C2=CC=CC=C2)(C3=CC=CC=C3)N4C=C(N=C4)C[C@@H](C(=O)O)N,4.033,DMSO,0,CS(=O)C
"N,N-Dimethyl-L-phenylalanine",CN(C)[C@@H](CC1=CC=CC=C1)C(=O)O,2.393,DMSO,0,CS(=O)C
N-Acetyl-L-tryptophan,CC(=O)N[C@@H](CC1=CNC2=CC=CC=C21)C(=O)O,3.707,DMSO,1,CS(=O)C
N-Benzylidenebenzylamine,C1=CC=C(C=C1)CN=CC2=CC=CC=C2,4.383,DMSO,1,CS(=O)C
N-Phthaloylglycine,C1=CC=C2C(=C1)C(=O)N(C2=O)CC(=O)O,3.573,DMSO,1,CS(=O)C
"N-[(1,1-Dimethylethoxy)carbonyl]-L-histidine methyl_ester",CC(C)(C)OC(=O)N[C@@H](CC1=CN=CN1)C(=O)OC,3.209,DMSO,1,CS(=O)C
N-[(Phenylmethoxy)carbonyl]-O-(phenylmethyl)-L-serine_,C1=CC=C(C=C1)COC[C@@H](C(=O)O)NC(=O)OCC2=CC=CC=C2,5.044,DMSO,1,CS(=O)C
"N6-[(1,1-Dimethylethoxy)carbonyl]-N2-[(9H-fluoren-9-ylmethoxy)carbonyl]-2-methyl-D-lysine",C[C@@](CCCCNC(=O)OC(C)(C)C)(C(=O)O)NC(=O)OCC1C2=CC=CC=C2C3=CC=CC=C13,5.667,DMSO,1,CS(=O)C
"N6-[(1,1-Dimethylethoxy)carbonyl]-N2-[(phenylmethoxy)carbonyl]-L-lysine",CC(C)(C)OC(=O)NCCCC[C@@H](C(=O)O)NC(=O)OCC1=CC=CC=C1,4.943,DMSO,1,CS(=O)C
Nalpha-[(9H-Fluoren-9-ylmethoxy)carbonyl]-L-threonine tert-Butyl-Ester,C[C@H]([C@@H](C(=O)OC(C)(C)C)NC(=O)OCC1C2=CC=CC=C2C3=CC=CC=C13)O,5.789,DMSO,1,CS(=O)C
Phenyl-benzoate,C1=CC=C(C=C1)C(=O)OC2=CC=CC=C2,5.81,DMSO,1,CS(=O)C
Pindolol,CC(C)NCC(COC1=CC=CC2=C1C=CN2)O,3.149,DMSO,0,CS(=O)C
Protocatechuic_acid,C1=CC(=C(C=C1C(=O)O)O)O,2.458,DMSO,1,CS(=O)C
Suberic_acid_monomethyl_ester,COC(=O)CCCCCCC(=O)O,4.207,DMSO,1,CS(=O)C
Z-D-Glu-OBzl,C1=CC=C(C=C1)COC(=O)[C@@H](CCC(=O)O)NC(=O)OCC2=CC=CC=C2,5.043,DMSO,0,CS(=O)C
Z-D-Phg-OH,C1=CC=C(C=C1)COC(=O)N[C@H](C2=CC=CC=C2)C(=O)O,4.772,DMSO,1,CS(=O)C
"meso-1,2-Dibromo-1,2-diphenylethane",C1=CC=C(C=C1)C(C(C2=CC=CC=C2)Br)Br,6.089,DMSO,0,CS(=O)C
mono-tert-Butyl_succinate,CC(C)(C)OC(=O)CCC(=O)O,4.127,DMSO,1,CS(=O)C
pentafluorobenzyl-bromide,C(C1=C(C(=C(C(=C1F)F)F)F)F)Br,5.876,DMSO,1,CS(=O)C
"trans-1,2-Bis(phenylsulfonyl)ethylene",C1=CC=C(C=C1)S(=O)(=O)/C=C/S(=O)(=O)C2=CC=CC=C2,5.113,DMSO,0,CS(=O)C
trans-4-(9-Fluorenylmethyloxycarbonylaminomethyl)-cyclohexanoic_acid,C1CC(CCC1CNC(=O)OCC2C3=CC=CC=C3C4=CC=CC=C24)C(=O)O,5.288,DMSO,0,CS(=O)C
trans-Aconitic-acid,C(/C(=C\C(=O)O)/C(=O)O)C(=O)O,0.0,DMSO,1,CS(=O)C
(1-BROMOETHYL)BENZENE,CC(C1=CC=CC=C1)Br,0.0,DMSO,1,CS(=O)C
"(2,6-Dioxo-piperidin-4-yl)-acetic_acid",C1C(CC(=O)NC1=O)CC(=O)O,0.0,DMSO,1,CS(=O)C
(2-BENZYLOXYCARBONYLAMINO-ACETYLAMINO)-ACETIC_ACID,C1=CC=C(C=C1)COC(=O)NCC(=O)NCC(=O)O,1.036,DMSO,1,CS(=O)C
(2S)-2-{[(9H-fluoren-9-ylmethoxy)carbonyl]amino}-4-hydroxybutanoic acid,C1=CC=C2C(=C1)C(C3=CC=CC=C32)COC(=O)N[C@@H](CCO)C(=O)O,3.166,DMSO,1,CS(=O)C
"(2S,5S)-1-Hydroxy-2,5-diphenylphospholane 1-oxide",C1C[C@H](P(=O)([C@@H]1C2=CC=CC=C2)O)C3=CC=CC=C3,2.987,DMSO,0,CS(=O)C
"(?S)-4-(1,1-Dimethylethoxy)-?-[[(9H-fluoren-9-ylmethoxy)carbonyl]amino]benzenebutanoic_acid",CC(C)(C)OC1=CC=C(C=C1)CC[C@@H](C(=O)O)NC(=O)OCC2C3=CC=CC=C3C4=CC=CC=C24,6.089,DMSO,1,CS(=O)C
(R)-(-)-2-Methoxy-2-phenylethanol,CO[C@@H](CO)C1=CC=CC=C1,3.918,DMSO,1,CS(=O)C
"(S)-(-)-2-Amino-3-methyl-1,1-diphenyl-1-butanol",CC(C)[C@@H](C(C1=CC=CC=C1)(C2=CC=CC=C2)O)N,5.745,DMSO,1,CS(=O)C
(S)-Benzyl 2-(((S)-1-methoxy-4-methyl-1-oxopentan-2-yl)carbamoyl)pyrrolidine-1-carboxylate,CC(C)C[C@@H](C(=O)OC)NC(=O)[C@@H]1CCCN1C(=O)OCC2=CC=CC=C2,5.188,DMSO,1,CS(=O)C
"1,1,1-Tris(4-hydroxyphenyl)ethane",CC(C1=CC=C(C=C1)O)(C2=CC=C(C=C2)O)C3=CC=C(C=C3)O,4.517,DMSO,1,CS(=O)C
"1,1,3-Triphenylpropargyl alcohol",C1=CC=C(C=C1)C#CC(C2=CC=CC=C2)(C3=CC=CC=C3)O,5.918,DMSO,1,CS(=O)C
"1,2-Bis(4-hydroxyphenyl)ethane-1,2-dione",C1=CC(=CC=C1C(=O)C(=O)C2=CC=C(C=C2)O)O,0.0,DMSO,1,CS(=O)C
"1,3-Bis(trifluoromethyl)-5-bromobenzene",C1=C(C=C(C=C1C(F)(F)F)Br)C(F)(F)F,6.328,DMSO,1,CS(=O)C
"1,3-Butanediol-diacrylate",CC(CCOC(=O)C=C)OC(=O)C=C,4.985,DMSO,1,CS(=O)C
"1,3-Dimethyl 2-[(4-methoxyphenyl)methylene]propanedioate",COC1=CC=C(C=C1)C=C(C(=O)OC)C(=O)OC,5.076,DMSO,1,CS(=O)C
"1,3-Diphenylacetone_p-tosylhydrazone",CC1=CC=C(C=C1)S(=O)(=O)NN=C(CC2=CC=CC=C2)CC3=CC=CC=C3,5.841,DMSO,0,CS(=O)C
"1,4-Bis(bromomethyl)-2,3,5,6-tetrafluorobenzene_",C(C1=C(C(=C(C(=C1F)F)CBr)F)F)Br,6.007,DMSO,0,CS(=O)C
"1,4-Cyclohexanedicarboxylic-acid",C1CC(CCC1C(=O)O)C(=O)O,0.0,DMSO,0,CS(=O)C
"1,4-Dibromo-2,3-butanedione",C(C(=O)C(=O)CBr)Br,3.147,DMSO,1,CS(=O)C
1-(4-Biphenyl)-1-ethanol,CC(C1=CC=C(C=C1)C2=CC=CC=C2)O,5.138,DMSO,0,CS(=O)C
"1-(9H-Fluoren-9-ylmethyl) (2S,4S)-4-[[(1,1-dimethylethoxy)carbonyl]amino]-1,2-pyrrolidinedicarboxylate_",CC(C)(C)OC(=O)N[C@H]1C[C@H](N(C1)C(=O)OCC2C3=CC=CC=C3C4=CC=CC=C24)C(=O)O,5.506,DMSO,1,CS(=O)C
1-(tert-Butoxycarbonyl)-4-[(9H-fluoren-9-ylmethoxy)carbonyl]-2-piperazinecarboxylic_acid,CC(C)(C)OC(=O)N1CCN(CC1C(=O)O)C(=O)OCC2C3=CC=CC=C3C4=CC=CC=C24,5.725,DMSO,1,CS(=O)C
1-BROMO-3-METHYLBUTANE,CC(C)CCBr,0.0,DMSO,1,CS(=O)C
1-Benzofuran-5-carboxylic_acid,C1=CC2=C(C=CO2)C=C1C(=O)O,0.0,DMSO,0,CS(=O)C
1-Benzylpiperidine,C1CCN(CC1)CC2=CC=CC=C2,0.0,DMSO,1,CS(=O)C
1-Bromo-4-(trifluoromethoxy)benzene,C1=CC(=CC=C1OC(F)(F)F)Br,6.13,DMSO,1,CS(=O)C
1-Bromopentanemethylbenzene,CC1=C(C(=C(C(=C1C)C)Br)C)C,0.0,DMSO,0,CS(=O)C
1-Phenyl-5-(trifluoromethyl)-1H-pyrazole-4-carboxylic_acid,C1=CC=C(C=C1)N2C(=C(C=N2)C(=O)O)C(F)(F)F,1.535,DMSO,1,CS(=O)C
1-Pyrenemethanol,C1=CC2=C3C(=C1)C=CC4=C(C=CC(=C43)C=C2)CO,5.412,DMSO,1,CS(=O)C
"1-Tosyl-2,5-dihydro-1H-pyrrole",CC1=CC=C(C=C1)S(=O)(=O)N2CC=CC2,5.012,DMSO,1,CS(=O)C
"2,2"",4,4""-Tetramethylbenzophenone",CC1=CC(=C(C=C1)C(=O)C2=C(C=C(C=C2)C)C)C,6.702,DMSO,1,CS(=O)C
"2,2,2-TRIFLUOROACETOPHENONE",C1=CC=C(C=C1)C(=O)C(F)(F)F,4.336,DMSO,1,CS(=O)C
"2,3,4-Trifluorobenzoic acid",C1=CC(=C(C(=C1C(=O)O)F)F)F,0.0,DMSO,1,CS(=O)C
"2,3,6,7,10,11-Hexamethoxytriphenylene",COC1=C(C=C2C(=C1)C3=CC(=C(C=C3C4=CC(=C(C=C24)OC)OC)OC)OC)OC,5.502,DMSO,0,CS(=O)C
"2,4,6-Tris(bromomethyl)mesitylene",CC1=C(C(=C(C(=C1CBr)C)CBr)C)CBr,6.321,DMSO,0,CS(=O)C
"2,4-Dichlorophenol",C1=CC(=C(C=C1Cl)Cl)O,4.973,DMSO,1,CS(=O)C
"2,6-Bis[(4S)-4-phenyl-2-oxazolinyl]pyridine",C1[C@@H](N=C(O1)C2=NC(=CC=C2)C3=N[C@H](CO3)C4=CC=CC=C4)C5=CC=CC=C5,5.315,DMSO,0,CS(=O)C
"2,6-Dichloroiodobenzene",C1=CC(=C(C(=C1)Cl)I)Cl,6.307,DMSO,1,CS(=O)C
"2,6-Diisopropylphenol",CC(C)C1=C(C(=CC=C1)C(C)C)O,5.957,DMSO,1,CS(=O)C
"2,6-Dimethoxy-1,4-benzoquinone",COC1=CC(=O)C=C(C1=O)OC,3.37,DMSO,0,CS(=O)C
"2,6-Dimethoxybenzoyl_chloride",COC1=C(C(=CC=C1)OC)C(=O)Cl,0.0,DMSO,0,CS(=O)C
2-(3-Chlorophenoxy)propionic-acid,CC(C(=O)O)OC1=CC(=CC=C1)Cl,1.262,DMSO,1,CS(=O)C
2-(4-Chlorobenzoyl)benzoic_acid,C1=CC=C(C(=C1)C(=O)C2=CC=C(C=C2)Cl)C(=O)O,3.206,DMSO,1,CS(=O)C
2-(Diphenylphosphino)benzoic-acid,C1=CC=C(C=C1)P(C2=CC=CC=C2)C3=CC=CC=C3C(=O)O,3.53,DMSO,1,CS(=O)C
2-(Trifluoromethyl)pyridine-4-carboxylic_acid,C1=CN=C(C=C1C(=O)O)C(F)(F)F,0.0,DMSO,1,CS(=O)C
2-Amino-4-phenylphenol,C1=CC=C(C=C1)C2=CC(=C(C=C2)O)N,4.572,DMSO,1,CS(=O)C
2-Amino-6-bromopyridine,C1=CC(=NC(=C1)Br)N,3.972,DMSO,1,CS(=O)C
2-Benzyloxybenzoic_acid ,C1=CC=C(C=C1)COC2=CC=CC=C2C(=O)O,2.663,DMSO,1,CS(=O)C
"2-Bromo-2',6'-diisopropoxy-1,1'-biphenyl",CC(C)OC1=C(C(=CC=C1)OC(C)C)C2=CC=CC=C2Br,6.612,DMSO,1,CS(=O)C
2-Bromo-5-(trifluoromethyl)benzaldehyde,C1=CC(=C(C=C1C(F)(F)F)C=O)Br,5.656,DMSO,1,CS(=O)C
2-Bromo-5-chlorotoluene,CC1=C(C=CC(=C1)Cl)Br,6.353,DMSO,1,CS(=O)C
2-Bromoanthraquinone,C1=CC=C2C(=C1)C(=O)C3=C(C2=O)C=C(C=C3)Br,6.246,DMSO,1,CS(=O)C
2-Bromonaphthalen-1-ol,C1=CC=C2C(=C1)C=CC(=C2O)Br,5.31,DMSO,1,CS(=O)C
2-Bromophenethylamine,C1=CC=C(C(=C1)CCN)Br,4.393,DMSO,1,CS(=O)C
2-Bromotoluene,CC1=CC=CC=C1Br,5.988,DMSO,1,CS(=O)C
2-Hydroxy-4-(trifluoromethyl)aniline,C1=CC(=C(C=C1C(F)(F)F)O)N,4.393,DMSO,1,CS(=O)C
2-Iodobenzaldehyde,C1=CC=C(C(=C1)C=O)I,5.335,DMSO,1,CS(=O)C
2-Iodobenzyl_bromide,C1=CC=C(C(=C1)CBr)I,5.878,DMSO,1,CS(=O)C
2-Iodopyridine,C1=CC=NC(=C1)I,4.366,DMSO,1,CS(=O)C
2-Isopropylthioxanthone,CC(C)C1=CC2=C(C=C1)SC3=CC=CC=C3C2=O,6.761,DMSO,0,CS(=O)C
"2-Methyl-5-(trifluoromethyl)-1,3-benzoxazole",CC1=NC2=C(O1)C=CC(=C2)C(F)(F)F,5.238,DMSO,1,CS(=O)C
"3,3-Dimethyl-1-indanone",CC1(CC(=O)C2=CC=CC=C21)C,5.065,DMSO,1,CS(=O)C
"3,4,5-TRIBROMO-1H-PYRAZOLE",C1(=C(NN=C1Br)Br)Br,3.923,DMSO,1,CS(=O)C
"3,4,7,8-Tetramethyl-1,10-phenanthroline",CC1=CN=C2C(=C1C)C=CC3=C(C(=CN=C32)C)C,5.008,DMSO,0,CS(=O)C
"3,5-Di-tert-butylbenzoic acid",CC(C)(C)C1=CC(=CC(=C1)C(=O)O)C(C)(C)C,3.669,DMSO,1,CS(=O)C
"3,5-Dibromotoluene",CC1=CC(=CC(=C1)Br)Br,6.506,DMSO,1,CS(=O)C
"3,5-Dimethylbenzoyl_chloride",CC1=CC(=CC(=C1)C(=O)Cl)C,6.252,DMSO,1,CS(=O)C
"3,6-Dimethoxy-9H-carbazole",COC1=CC2=C(C=C1)NC3=C2C=C(C=C3)OC,5.212,DMSO,1,CS(=O)C
3-(2-Naphthyl)acrylic_acid,C1=CC=C2C=C(C=CC2=C1)/C=C/C(=O)O,5.009,DMSO,1,CS(=O)C
3-(Phenylthio)propanoic-acid,C1=CC=C(C=C1)SCCC(=O)O,0.0,DMSO,1,CS(=O)C
3-(tert-Butoxycarbonyl)benzoic_acid,CC(C)(C)OC(=O)C1=CC=CC(=C1)C(=O)O,3.134,DMSO,1,CS(=O)C
3-Bromobenzoyl_chloride,C1=CC(=CC(=C1)Br)C(=O)Cl,6.056,DMSO,1,CS(=O)C
3-Bromopropionyl_chloride,C(CBr)C(=O)Cl,0.0,DMSO,1,CS(=O)C
3-Chloro-4-methoxyaniline,COC1=C(C=C(C=C1)N)Cl,4.215,DMSO,1,CS(=O)C
3-[[(9H-Fluoren-9-ylmethoxy)carbonyl]amino]-2-naphthalenecarboxylic acid,C1=CC=C2C=C(C(=CC2=C1)C(=O)O)NC(=O)OCC3C4=CC=CC=C4C5=CC=CC=C35,4.126,DMSO,0,CS(=O)C
"4,4',4''-Trimethoxytrityl chloride",COC1=CC=C(C=C1)C(C2=CC=C(C=C2)OC)(C3=CC=C(C=C3)OC)Cl,5.629,DMSO,0,CS(=O)C
"4,4'-Dihydroxybiphenyl",C1=CC(=CC=C1C2=CC=C(C=C2)O)O,4.214,DMSO,1,CS(=O)C
"4,4'-Dimethoxybenzophenone",COC1=CC=C(C=C1)C(=O)C2=CC=C(C=C2)OC,5.466,DMSO,0,CS(=O)C
"4,4?,4??-(1,3,5-TRIAZINE-2,4,6-TRIYL)TRIBENZALDEHYDE",C1=CC(=CC=C1C=O)C2=NC(=NC(=N2)C3=CC=C(C=C3)C=O)C4=CC=C(C=C4)C=O,5.013,DMSO,0,CS(=O)C
4-(Bromomethyl)benzoic_acid,C1=CC(=CC=C1CBr)C(=O)O,4.563,DMSO,1,CS(=O)C
4-(Hydroxymethyl)phenylacetic-acid,C1=CC(=CC=C1CC(=O)O)CO,0.0,DMSO,1,CS(=O)C
4-(Trifluoroacetyl)phenacyl-bromide,C1=CC(=CC=C1C(=O)CBr)C(=O)C(F)(F)F,4.599,DMSO,1,CS(=O)C
4-(Trifluoromethyl)benzylamine,C1=CC(=CC=C1CN)C(F)(F)F,5.479,DMSO,1,CS(=O)C
"4-Bromo-3,5-dimethoxybenzoic acid",COC1=CC(=CC(=C1Br)OC)C(=O)O,1.681,DMSO,1,CS(=O)C
4-Bromo-L-phenylalanine,C1=CC(=CC=C1C[C@@H](C(=O)O)N)Br,3.078,DMSO,0,CS(=O)C
4-Chlorobenzenesulfonic_acid,C1=CC(=CC=C1S(=O)(=O)O)Cl,0.0,DMSO,1,CS(=O)C
4-Chloropyridine-3-carboxylic_acid,C1=CN=CC(=C1Cl)C(=O)O,0.0,DMSO,1,CS(=O)C
"4-Hydroxy-3,5-diiodobenzoic acid",C1=C(C=C(C(=C1I)O)I)C(=O)O,0.0,DMSO,1,CS(=O)C
4-Hydroxyphthalic_acid,C1=CC(=C(C=C1O)C(=O)O)C(=O)O,0.0,DMSO,1,CS(=O)C
4-Methoxybiphenyl,COC1=CC=C(C=C1)C2=CC=CC=C2,5.992,DMSO,1,CS(=O)C
4-Methoxytriphenylamine,COC1=CC=C(C=C1)N(C2=CC=CC=C2)C3=CC=CC=C3,6.676,DMSO,0,CS(=O)C
4-tert-Butylbenzoyl_chloride,CC(C)(C)C1=CC=C(C=C1)C(=O)Cl,3.054,DMSO,1,CS(=O)C
"5,7-Dimethyl-[1,2,4]triazolo[1,5-a]pyrimidine-2-carboxylic acid",CC1=CC(=NC2=NC(=NN12)C(=O)O)C,0.0,DMSO,0,CS(=O)C
5-(Trifluoromethyl)indole,C1=CC2=C(C=CN2)C=C1C(F)(F)F,5.434,DMSO,0,CS(=O)C
5-(Trifluoromethyl)pyridine-2-carboxaldehyde,C1=CC(=NC=C1C(F)(F)F)C=O,0.0,DMSO,1,CS(=O)C
5-Bromo-2-furoic_acid,C1=C(OC(=C1)Br)C(=O)O,0.0,DMSO,1,CS(=O)C
5-Bromo-2-phenylpyridine,C1=CC=C(C=C1)C2=NC=C(C=C2)Br,5.916,DMSO,1,CS(=O)C
"6,6'-Dibromo-1,1'-bi-2-naphthol",C1=CC2=C(C=CC(=C2C3=C(C=CC4=C3C=CC(=C4)Br)O)O)C=C1Br,6.116,DMSO,1,CS(=O)C
8-Isoquinolinecarboxaldehyde,C1=CC2=C(C=NC=C2)C(=C1)C=O,3.966,DMSO,1,CS(=O)C
Allyl-alpha-D-glucopyranoside,C=CCO[C@@H]1[C@@H]([C@H]([C@@H]([C@H](O1)CO)O)O)O,0.0,DMSO,1,CS(=O)C
Aniline-2-sulfonic_acid,C1=CC=C(C(=C1)N)S(=O)(=O)O,0.0,DMSO,1,CS(=O)C
Bis(diphenylphosphino)methane,C1=CC=C(C=C1)P(CP(C2=CC=CC=C2)C3=CC=CC=C3)C4=CC=CC=C4,0.0,DMSO,0,CS(=O)C
DL-beta-Phenylalanine,C1=CC=C(C=C1)C(CC(=O)O)N,0.0,DMSO,0,CS(=O)C
Di-tert-butylcyclopentadiene,CC(C)(C)C1C=CC(=C1)C(C)(C)C,0.0,DMSO,1,CS(=O)C
Dibenzyl-malonate,C1=CC=C(C=C1)COC(=O)CC(=O)OCC2=CC=CC=C2,5.69,DMSO,1,CS(=O)C
Dibromomaleic-acid,C(=C(\C(=O)O)/Br)(\C(=O)O)/Br,0.0,DMSO,1,CS(=O)C
Diethyl 4-Methoxyphenylphosphonate,CCOP(=O)(C1=CC=C(C=C1)OC)OCC,4.482,DMSO,1,CS(=O)C
Diethyl_dibutylmalonate,CCCCC(CCCC)(C(=O)OCC)C(=O)OCC,0.0,DMSO,1,CS(=O)C
Diethyl_phenylmalonate,CCOC(=O)C(C1=CC=CC=C1)C(=O)OCC,5.417,DMSO,1,CS(=O)C
"Dimethyl 1,3-cyclohexadiene-1,4-dicarboxylate",COC(=O)C1=CC=C(CC1)C(=O)OC,4.833,DMSO,0,CS(=O)C
"Dimethyl 2,2'-bipyridine-4,4'-dicarboxylate",COC(=O)C1=CC(=NC=C1)C2=NC=CC(=C2)C(=O)OC,5.298,DMSO,0,CS(=O)C
Dimethyl-propargylmalonate,COC(=O)C(CC#C)C(=O)OC,0.0,DMSO,1,CS(=O)C
Ethyl 2-cyclohexanoneacetate,CCOC(=O)CC1CCCCC1=O,4.698,DMSO,1,CS(=O)C
Ethyl 3-thiopheneacetate,CCOC(=O)CC1=CSC=C1,5.116,DMSO,1,CS(=O)C
"Ethyl 4,4,4-trifluoroacetoacetate",CCOC(=O)CC(=O)C(F)(F)F,3.865,DMSO,1,CS(=O)C
Ethyl mesitylglyoxylate,CCOC(=O)C(=O)C1=C(C=C(C=C1C)C)C,5.739,DMSO,1,CS(=O)C
Ethyl-3-oxohexanoate,CCCC(=O)CC(=O)OCC,4.617,DMSO,1,CS(=O)C
Ethyl-4-bromocrotonate,CCOC(=O)/C=C/CBr,5.051,DMSO,1,CS(=O)C
Ethyl-4-iodobenzoate,CCOC(=O)C1=CC=C(C=C1)I,6.08,DMSO,1,CS(=O)C
FMOC-D-ORN(ALOC)-OH,C=CCOC(=O)NCCC[C@H](C(=O)O)NC(=O)OCC1C2=CC=CC=C2C3=CC=CC=C13,5.181,DMSO,1,CS(=O)C
Flavanone,C1C(OC2=CC=CC=C2C1=O)C3=CC=CC=C3,5.629,DMSO,1,CS(=O)C
Flufenamic-acid,C1=CC=C(C(=C1)C(=O)O)NC2=CC=CC(=C2)C(F)(F)F,3.574,DMSO,1,CS(=O)C
Hematein,C1C2=CC(=C(C=C2C3=C4C=CC(=O)C(=C4OCC31O)O)O)O,3.426,DMSO,0,CS(=O)C
METHYL 2-PHTHALIMIDOACETATE,COC(=O)CN1C(=O)C2=CC=CC=C2C1=O,4.424,DMSO,1,CS(=O)C
"Methyl 6-oxo-1,6-dihydropyridine-2-carboxylate",COC(=O)C1=CC=CC(=O)N1,2.824,DMSO,1,CS(=O)C
"Methyl-2,6-dimethoxybenzoate",COC1=C(C(=CC=C1)OC)C(=O)OC,4.637,DMSO,1,CS(=O)C
Methyl-3-bromo-4-iodobenzoate,COC(=O)C1=CC(=C(C=C1)I)Br,6.161,DMSO,0,CS(=O)C
"Methyl-6-Oxo-1,6-dihydropyridazine-3-carboxylate",COC(=O)C1=NNC(=O)C=C1,1.314,DMSO,1,CS(=O)C
Methyl-diethylphosphonoacetate,CCOP(=O)(CC(=O)OC)OCC,3.654,DMSO,1,CS(=O)C
N(im)-Trityl-L-histidine,C1=CC=C(C=C1)C(C2=CC=CC=C2)(C3=CC=CC=C3)N4C=C(N=C4)C[C@@H](C(=O)O)N,0.0,DMSO,0,CS(=O)C
"N,N-Dimethyl-L-phenylalanine",CN(C)[C@@H](CC1=CC=CC=C1)C(=O)O,1.55,DMSO,0,CS(=O)C
N-Acetyl-L-tryptophan,CC(=O)N[C@@H](CC1=CNC2=CC=CC=C21)C(=O)O,0.0,DMSO,1,CS(=O)C
N-Benzylidenebenzylamine,C1=CC=C(C=C1)CN=CC2=CC=CC=C2,5.775,DMSO,1,CS(=O)C
N-Phthaloylglycine,C1=CC=C2C(=C1)C(=O)N(C2=O)CC(=O)O,0.0,DMSO,1,CS(=O)C
"N-[(1,1-Dimethylethoxy)carbonyl]-L-histidine methyl_ester",CC(C)(C)OC(=O)N[C@@H](CC1=CN=CN1)C(=O)OC,3.927,DMSO,1,CS(=O)C
N-[(Phenylmethoxy)carbonyl]-O-(phenylmethyl)-L-serine_,C1=CC=C(C=C1)COC[C@@H](C(=O)O)NC(=O)OCC2=CC=CC=C2,3.41,DMSO,1,CS(=O)C
"N6-[(1,1-Dimethylethoxy)carbonyl]-N2-[(9H-fluoren-9-ylmethoxy)carbonyl]-2-methyl-D-lysine",C[C@@](CCCCNC(=O)OC(C)(C)C)(C(=O)O)NC(=O)OCC1C2=CC=CC=C2C3=CC=CC=C13,5.694,DMSO,1,CS(=O)C
"N6-[(1,1-Dimethylethoxy)carbonyl]-N2-[(phenylmethoxy)carbonyl]-L-lysine",CC(C)(C)OC(=O)NCCCC[C@@H](C(=O)O)NC(=O)OCC1=CC=CC=C1,3.484,DMSO,1,CS(=O)C
Nalpha-[(9H-Fluoren-9-ylmethoxy)carbonyl]-L-threonine tert-Butyl-Ester,C[C@H]([C@@H](C(=O)OC(C)(C)C)NC(=O)OCC1C2=CC=CC=C2C3=CC=CC=C13)O,5.805,DMSO,1,CS(=O)C
Phenyl-benzoate,C1=CC=C(C=C1)C(=O)OC2=CC=CC=C2,5.715,DMSO,1,CS(=O)C
Pindolol,CC(C)NCC(COC1=CC=CC2=C1C=CN2)O,0.0,DMSO,0,CS(=O)C
Protocatechuic_acid,C1=CC(=C(C=C1C(=O)O)O)O,0.0,DMSO,1,CS(=O)C
Suberic_acid_monomethyl_ester,COC(=O)CCCCCCC(=O)O,0.0,DMSO,1,CS(=O)C
Z-D-Glu-OBzl,C1=CC=C(C=C1)COC(=O)[C@@H](CCC(=O)O)NC(=O)OCC2=CC=CC=C2,3.573,DMSO,0,CS(=O)C
Z-D-Phg-OH,C1=CC=C(C=C1)COC(=O)N[C@H](C2=CC=CC=C2)C(=O)O,3.199,DMSO,1,CS(=O)C
"meso-1,2-Dibromo-1,2-diphenylethane",C1=CC=C(C=C1)C(C(C2=CC=CC=C2)Br)Br,6.104,DMSO,0,CS(=O)C
mono-tert-Butyl_succinate,CC(C)(C)OC(=O)CCC(=O)O,4.12,DMSO,1,CS(=O)C
pentafluorobenzyl-bromide,C(C1=C(C(=C(C(=C1F)F)F)F)F)Br,5.778,DMSO,1,CS(=O)C
"trans-1,2-Bis(phenylsulfonyl)ethylene",C1=CC=C(C=C1)S(=O)(=O)/C=C/S(=O)(=O)C2=CC=CC=C2,5.16,DMSO,0,CS(=O)C
trans-4-(9-Fluorenylmethyloxycarbonylaminomethyl)-cyclohexanoic_acid,C1CC(CCC1CNC(=O)OCC2C3=CC=CC=C3C4=CC=CC=C24)C(=O)O,3.703,DMSO,0,CS(=O)C
trans-Aconitic-acid,C(/C(=C\C(=O)O)/C(=O)O)C(=O)O,0.0,DMSO,1,CS(=O)C
(1-BROMOETHYL)BENZENE,CC(C1=CC=CC=C1)Br,5.96,DMSO,1,CS(=O)C
"(2,6-Dioxo-piperidin-4-yl)-acetic_acid",C1C(CC(=O)NC1=O)CC(=O)O,1.603,DMSO,1,CS(=O)C
(2-BENZYLOXYCARBONYLAMINO-ACETYLAMINO)-ACETIC_ACID,C1=CC=C(C=C1)COC(=O)NCC(=O)NCC(=O)O,4.138,DMSO,1,CS(=O)C
(2S)-2-{[(9H-fluoren-9-ylmethoxy)carbonyl]amino}-4-hydroxybutanoic acid,C1=CC=C2C(=C1)C(C3=CC=CC=C32)COC(=O)N[C@@H](CCO)C(=O)O,3.575,DMSO,1,CS(=O)C
"(2S,5S)-1-Hydroxy-2,5-diphenylphospholane 1-oxide",C1C[C@H](P(=O)([C@@H]1C2=CC=CC=C2)O)C3=CC=CC=C3,4.587,DMSO,0,CS(=O)C
"(?S)-4-(1,1-Dimethylethoxy)-?-[[(9H-fluoren-9-ylmethoxy)carbonyl]amino]benzenebutanoic_acid",CC(C)(C)OC1=CC=C(C=C1)CC[C@@H](C(=O)O)NC(=O)OCC2C3=CC=CC=C3C4=CC=CC=C24,6.202,DMSO,1,CS(=O)C
(R)-(-)-2-Methoxy-2-phenylethanol,CO[C@@H](CO)C1=CC=CC=C1,4.385,DMSO,1,CS(=O)C
"(S)-(-)-2-Amino-3-methyl-1,1-diphenyl-1-butanol",CC(C)[C@@H](C(C1=CC=CC=C1)(C2=CC=CC=C2)O)N,4.044,DMSO,1,CS(=O)C
(S)-Benzyl 2-(((S)-1-methoxy-4-methyl-1-oxopentan-2-yl)carbamoyl)pyrrolidine-1-carboxylate,CC(C)C[C@@H](C(=O)OC)NC(=O)[C@@H]1CCCN1C(=O)OCC2=CC=CC=C2,5.522,DMSO,1,CS(=O)C
"1,1,1-Tris(4-hydroxyphenyl)ethane",CC(C1=CC=C(C=C1)O)(C2=CC=C(C=C2)O)C3=CC=C(C=C3)O,4.962,DMSO,1,CS(=O)C
"1,1,3-Triphenylpropargyl alcohol",C1=CC=C(C=C1)C#CC(C2=CC=CC=C2)(C3=CC=CC=C3)O,6.308,DMSO,1,CS(=O)C
"1,2-Bis(4-hydroxyphenyl)ethane-1,2-dione",C1=CC(=CC=C1C(=O)C(=O)C2=CC=C(C=C2)O)O,4.821,DMSO,1,CS(=O)C
"1,3-Bis(trifluoromethyl)-5-bromobenzene",C1=C(C=C(C=C1C(F)(F)F)Br)C(F)(F)F,6.324,DMSO,1,CS(=O)C
"1,3-Butanediol-diacrylate",CC(CCOC(=O)C=C)OC(=O)C=C,5.359,DMSO,1,CS(=O)C
"1,3-Dimethyl 2-[(4-methoxyphenyl)methylene]propanedioate",COC1=CC=C(C=C1)C=C(C(=O)OC)C(=O)OC,5.569,DMSO,1,CS(=O)C
"1,3-Diphenylacetone_p-tosylhydrazone",CC1=CC=C(C=C1)S(=O)(=O)NN=C(CC2=CC=CC=C2)CC3=CC=CC=C3,6.303,DMSO,0,CS(=O)C
"1,4-Bis(bromomethyl)-2,3,5,6-tetrafluorobenzene_",C(C1=C(C(=C(C(=C1F)F)CBr)F)F)Br,6.262,DMSO,0,CS(=O)C
"1,4-Cyclohexanedicarboxylic-acid",C1CC(CCC1C(=O)O)C(=O)O,3.862,DMSO,0,CS(=O)C
"1,4-Dibromo-2,3-butanedione",C(C(=O)C(=O)CBr)Br,4.114,DMSO,1,CS(=O)C
1-(4-Biphenyl)-1-ethanol,CC(C1=CC=C(C=C1)C2=CC=CC=C2)O,5.562,DMSO,0,CS(=O)C
"1-(9H-Fluoren-9-ylmethyl) (2S,4S)-4-[[(1,1-dimethylethoxy)carbonyl]amino]-1,2-pyrrolidinedicarboxylate_",CC(C)(C)OC(=O)N[C@H]1C[C@H](N(C1)C(=O)OCC2C3=CC=CC=C3C4=CC=CC=C24)C(=O)O,5.724,DMSO,1,CS(=O)C
1-(tert-Butoxycarbonyl)-4-[(9H-fluoren-9-ylmethoxy)carbonyl]-2-piperazinecarboxylic_acid,CC(C)(C)OC(=O)N1CCN(CC1C(=O)O)C(=O)OCC2C3=CC=CC=C3C4=CC=CC=C24,5.934,DMSO,1,CS(=O)C
1-BROMO-3-METHYLBUTANE,CC(C)CCBr,0.0,DMSO,1,CS(=O)C
1-Benzofuran-5-carboxylic_acid,C1=CC2=C(C=CO2)C=C1C(=O)O,4.758,DMSO,0,CS(=O)C
1-Benzylpiperidine,C1CCN(CC1)CC2=CC=CC=C2,3.3,DMSO,1,CS(=O)C
1-Bromo-4-(trifluoromethoxy)benzene,C1=CC(=CC=C1OC(F)(F)F)Br,6.188,DMSO,1,CS(=O)C
1-Bromopentanemethylbenzene,CC1=C(C(=C(C(=C1C)C)Br)C)C,0.0,DMSO,0,CS(=O)C
1-Phenyl-5-(trifluoromethyl)-1H-pyrazole-4-carboxylic_acid,C1=CC=C(C=C1)N2C(=C(C=N2)C(=O)O)C(F)(F)F,5.106,DMSO,1,CS(=O)C
1-Pyrenemethanol,C1=CC2=C3C(=C1)C=CC4=C(C=CC(=C43)C=C2)CO,5.734,DMSO,1,CS(=O)C
"1-Tosyl-2,5-dihydro-1H-pyrrole",CC1=CC=C(C=C1)S(=O)(=O)N2CC=CC2,5.542,DMSO,1,CS(=O)C
"2,2"",4,4""-Tetramethylbenzophenone",CC1=CC(=C(C=C1)C(=O)C2=C(C=C(C=C2)C)C)C,6.671,DMSO,1,CS(=O)C
"2,2,2-TRIFLUOROACETOPHENONE",C1=CC=C(C=C1)C(=O)C(F)(F)F,4.769,DMSO,1,CS(=O)C
"2,3,4-Trifluorobenzoic acid",C1=CC(=C(C(=C1C(=O)O)F)F)F,4.677,DMSO,1,CS(=O)C
"2,3,6,7,10,11-Hexamethoxytriphenylene",COC1=C(C=C2C(=C1)C3=CC(=C(C=C3C4=CC(=C(C=C24)OC)OC)OC)OC)OC,5.87,DMSO,0,CS(=O)C
"2,4,6-Tris(bromomethyl)mesitylene",CC1=C(C(=C(C(=C1CBr)C)CBr)C)CBr,6.722,DMSO,0,CS(=O)C
"2,4-Dichlorophenol",C1=CC(=C(C=C1Cl)Cl)O,5.337,DMSO,1,CS(=O)C
"2,6-Bis[(4S)-4-phenyl-2-oxazolinyl]pyridine",C1[C@@H](N=C(O1)C2=NC(=CC=C2)C3=N[C@H](CO3)C4=CC=CC=C4)C5=CC=CC=C5,5.816,DMSO,0,CS(=O)C
"2,6-Dichloroiodobenzene",C1=CC(=C(C(=C1)Cl)I)Cl,6.312,DMSO,1,CS(=O)C
"2,6-Diisopropylphenol",CC(C)C1=C(C(=CC=C1)C(C)C)O,6.114,DMSO,1,CS(=O)C
"2,6-Dimethoxy-1,4-benzoquinone",COC1=CC(=O)C=C(C1=O)OC,3.943,DMSO,0,CS(=O)C
"2,6-Dimethoxybenzoyl_chloride",COC1=C(C(=CC=C1)OC)C(=O)Cl,4.229,DMSO,0,CS(=O)C
2-(3-Chlorophenoxy)propionic-acid,CC(C(=O)O)OC1=CC(=CC=C1)Cl,5.044,DMSO,1,CS(=O)C
2-(4-Chlorobenzoyl)benzoic_acid,C1=CC=C(C(=C1)C(=O)C2=CC=C(C=C2)Cl)C(=O)O,5.374,DMSO,1,CS(=O)C
2-(Diphenylphosphino)benzoic-acid,C1=CC=C(C=C1)P(C2=CC=CC=C2)C3=CC=CC=C3C(=O)O,6.127,DMSO,1,CS(=O)C
2-(Trifluoromethyl)pyridine-4-carboxylic_acid,C1=CN=C(C=C1C(=O)O)C(F)(F)F,4.163,DMSO,1,CS(=O)C
2-Amino-4-phenylphenol,C1=CC=C(C=C1)C2=CC(=C(C=C2)O)N,4.711,DMSO,1,CS(=O)C
2-Amino-6-bromopyridine,C1=CC(=NC(=C1)Br)N,4.496,DMSO,1,CS(=O)C
2-Benzyloxybenzoic_acid ,C1=CC=C(C=C1)COC2=CC=CC=C2C(=O)O,5.359,DMSO,1,CS(=O)C
"2-Bromo-2',6'-diisopropoxy-1,1'-biphenyl",CC(C)OC1=C(C(=CC=C1)OC(C)C)C2=CC=CC=C2Br,0.0,DMSO,1,CS(=O)C
2-Bromo-5-(trifluoromethyl)benzaldehyde,C1=CC(=C(C=C1C(F)(F)F)C=O)Br,5.885,DMSO,1,CS(=O)C
2-Bromo-5-chlorotoluene,CC1=C(C=CC(=C1)Cl)Br,6.454,DMSO,1,CS(=O)C
2-Bromoanthraquinone,C1=CC=C2C(=C1)C(=O)C3=C(C2=O)C=C(C=C3)Br,6.445,DMSO,1,CS(=O)C
2-Bromonaphthalen-1-ol,C1=CC=C2C(=C1)C=CC(=C2O)Br,5.757,DMSO,1,CS(=O)C
2-Bromophenethylamine,C1=CC=C(C(=C1)CCN)Br,3.473,DMSO,1,CS(=O)C
2-Bromotoluene,CC1=CC=CC=C1Br,6.157,DMSO,1,CS(=O)C
2-Hydroxy-4-(trifluoromethyl)aniline,C1=CC(=C(C=C1C(F)(F)F)O)N,4.993,DMSO,1,CS(=O)C
2-Iodobenzaldehyde,C1=CC=C(C(=C1)C=O)I,5.631,DMSO,1,CS(=O)C
2-Iodobenzyl_bromide,C1=CC=C(C(=C1)CBr)I,6.206,DMSO,1,CS(=O)C
2-Iodopyridine,C1=CC=NC(=C1)I,4.783,DMSO,1,CS(=O)C
2-Isopropylthioxanthone,CC(C)C1=CC2=C(C=C1)SC3=CC=CC=C3C2=O,6.677,DMSO,0,CS(=O)C
"2-Methyl-5-(trifluoromethyl)-1,3-benzoxazole",CC1=NC2=C(O1)C=CC(=C2)C(F)(F)F,5.479,DMSO,1,CS(=O)C
"3,3-Dimethyl-1-indanone",CC1(CC(=O)C2=CC=CC=C21)C,5.38,DMSO,1,CS(=O)C
"3,4,5-TRIBROMO-1H-PYRAZOLE",C1(=C(NN=C1Br)Br)Br,5.283,DMSO,1,CS(=O)C
"3,4,7,8-Tetramethyl-1,10-phenanthroline",CC1=CN=C2C(=C1C)C=CC3=C(C(=CN=C32)C)C,4.057,DMSO,0,CS(=O)C
"3,5-Di-tert-butylbenzoic acid",CC(C)(C)C1=CC(=CC(=C1)C(=O)O)C(C)(C)C,6.11,DMSO,1,CS(=O)C
"3,5-Dibromotoluene",CC1=CC(=CC(=C1)Br)Br,6.552,DMSO,1,CS(=O)C
"3,5-Dimethylbenzoyl_chloride",CC1=CC(=CC(=C1)C(=O)Cl)C,5.091,DMSO,1,CS(=O)C
"3,6-Dimethoxy-9H-carbazole",COC1=CC2=C(C=C1)NC3=C2C=C(C=C3)OC,5.577,DMSO,1,CS(=O)C
3-(2-Naphthyl)acrylic_acid,C1=CC=C2C=C(C=CC2=C1)/C=C/C(=O)O,5.297,DMSO,1,CS(=O)C
3-(Phenylthio)propanoic-acid,C1=CC=C(C=C1)SCCC(=O)O,5.054,DMSO,1,CS(=O)C
3-(tert-Butoxycarbonyl)benzoic_acid,CC(C)(C)OC(=O)C1=CC=CC(=C1)C(=O)O,5.33,DMSO,1,CS(=O)C
3-Bromobenzoyl_chloride,C1=CC(=CC(=C1)Br)C(=O)Cl,6.177,DMSO,1,CS(=O)C
3-Bromopropionyl_chloride,C(CBr)C(=O)Cl,3.625,DMSO,1,CS(=O)C
3-Chloro-4-methoxyaniline,COC1=C(C=C(C=C1)N)Cl,3.884,DMSO,1,CS(=O)C
3-[[(9H-Fluoren-9-ylmethoxy)carbonyl]amino]-2-naphthalenecarboxylic acid,C1=CC=C2C=C(C(=CC2=C1)C(=O)O)NC(=O)OCC3C4=CC=CC=C4C5=CC=CC=C35,6.389,DMSO,0,CS(=O)C
"4,4',4''-Trimethoxytrityl chloride",COC1=CC=C(C=C1)C(C2=CC=C(C=C2)OC)(C3=CC=C(C=C3)OC)Cl,6.063,DMSO,0,CS(=O)C
"4,4'-Dihydroxybiphenyl",C1=CC(=CC=C1C2=CC=C(C=C2)O)O,4.669,DMSO,1,CS(=O)C
"4,4'-Dimethoxybenzophenone",COC1=CC=C(C=C1)C(=O)C2=CC=C(C=C2)OC,5.783,DMSO,0,CS(=O)C
"4,4?,4??-(1,3,5-TRIAZINE-2,4,6-TRIYL)TRIBENZALDEHYDE",C1=CC(=CC=C1C=O)C2=NC(=NC(=N2)C3=CC=C(C=C3)C=O)C4=CC=C(C=C4)C=O,5.449,DMSO,0,CS(=O)C
4-(Bromomethyl)benzoic_acid,C1=CC(=CC=C1CBr)C(=O)O,4.98,DMSO,1,CS(=O)C
4-(Hydroxymethyl)phenylacetic-acid,C1=CC(=CC=C1CC(=O)O)CO,3.718,DMSO,1,CS(=O)C
4-(Trifluoroacetyl)phenacyl-bromide,C1=CC(=CC=C1C(=O)CBr)C(=O)C(F)(F)F,5.142,DMSO,1,CS(=O)C
4-(Trifluoromethyl)benzylamine,C1=CC(=CC=C1CN)C(F)(F)F,3.509,DMSO,1,CS(=O)C
"4-Bromo-3,5-dimethoxybenzoic acid",COC1=CC(=CC(=C1Br)OC)C(=O)O,5.027,DMSO,1,CS(=O)C
4-Bromo-L-phenylalanine,C1=CC(=CC=C1C[C@@H](C(=O)O)N)Br,3.622,DMSO,0,CS(=O)C
4-Chlorobenzenesulfonic_acid,C1=CC(=CC=C1S(=O)(=O)O)Cl,3.882,DMSO,1,CS(=O)C
4-Chloropyridine-3-carboxylic_acid,C1=CN=CC(=C1Cl)C(=O)O,1.818,DMSO,1,CS(=O)C
"4-Hydroxy-3,5-diiodobenzoic acid",C1=C(C=C(C(=C1I)O)I)C(=O)O,4.922,DMSO,1,CS(=O)C
4-Hydroxyphthalic_acid,C1=CC(=C(C=C1O)C(=O)O)C(=O)O,3.237,DMSO,1,CS(=O)C
4-Methoxybiphenyl,COC1=CC=C(C=C1)C2=CC=CC=C2,6.123,DMSO,1,CS(=O)C
4-Methoxytriphenylamine,COC1=CC=C(C=C1)N(C2=CC=CC=C2)C3=CC=CC=C3,6.766,DMSO,0,CS(=O)C
4-tert-Butylbenzoyl_chloride,CC(C)(C)C1=CC=C(C=C1)C(=O)Cl,5.431,DMSO,1,CS(=O)C
"5,7-Dimethyl-[1,2,4]triazolo[1,5-a]pyrimidine-2-carboxylic acid",CC1=CC(=NC2=NC(=NN12)C(=O)O)C,3.073,DMSO,0,CS(=O)C
5-(Trifluoromethyl)indole,C1=CC2=C(C=CN2)C=C1C(F)(F)F,5.722,DMSO,0,CS(=O)C
5-(Trifluoromethyl)pyridine-2-carboxaldehyde,C1=CC(=NC=C1C(F)(F)F)C=O,3.976,DMSO,1,CS(=O)C
5-Bromo-2-furoic_acid,C1=C(OC(=C1)Br)C(=O)O,4.056,DMSO,1,CS(=O)C
5-Bromo-2-phenylpyridine,C1=CC=C(C=C1)C2=NC=C(C=C2)Br,6.116,DMSO,1,CS(=O)C
"6,6'-Dibromo-1,1'-bi-2-naphthol",C1=CC2=C(C=CC(=C2C3=C(C=CC4=C3C=CC(=C4)Br)O)O)C=C1Br,6.489,DMSO,1,CS(=O)C
8-Isoquinolinecarboxaldehyde,C1=CC2=C(C=NC=C2)C(=C1)C=O,3.547,DMSO,1,CS(=O)C
Allyl-alpha-D-glucopyranoside,C=CCO[C@@H]1[C@@H]([C@H]([C@@H]([C@H](O1)CO)O)O)O,1.36,DMSO,1,CS(=O)C
Aniline-2-sulfonic_acid,C1=CC=C(C(=C1)N)S(=O)(=O)O,2.292,DMSO,1,CS(=O)C
Bis(diphenylphosphino)methane,C1=CC=C(C=C1)P(CP(C2=CC=CC=C2)C3=CC=CC=C3)C4=CC=CC=C4,0.0,DMSO,0,CS(=O)C
DL-beta-Phenylalanine,C1=CC=C(C=C1)C(CC(=O)O)N,1.918,DMSO,0,CS(=O)C
Di-tert-butylcyclopentadiene,CC(C)(C)C1C=CC(=C1)C(C)(C)C,0.0,DMSO,1,CS(=O)C
Dibenzyl-malonate,C1=CC=C(C=C1)COC(=O)CC(=O)OCC2=CC=CC=C2,5.989,DMSO,1,CS(=O)C
Dibromomaleic-acid,C(=C(\C(=O)O)/Br)(\C(=O)O)/Br,3.974,DMSO,1,CS(=O)C
Diethyl 4-Methoxyphenylphosphonate,CCOP(=O)(C1=CC=C(C=C1)OC)OCC,4.937,DMSO,1,CS(=O)C
Diethyl_dibutylmalonate,CCCCC(CCCC)(C(=O)OCC)C(=O)OCC,0.0,DMSO,1,CS(=O)C
Diethyl_phenylmalonate,CCOC(=O)C(C1=CC=CC=C1)C(=O)OCC,5.761,DMSO,1,CS(=O)C
"Dimethyl 1,3-cyclohexadiene-1,4-dicarboxylate",COC(=O)C1=CC=C(CC1)C(=O)OC,5.27,DMSO,0,CS(=O)C
"Dimethyl 2,2'-bipyridine-4,4'-dicarboxylate",COC(=O)C1=CC(=NC=C1)C2=NC=CC(=C2)C(=O)OC,5.562,DMSO,0,CS(=O)C
Dimethyl-propargylmalonate,COC(=O)C(CC#C)C(=O)OC,0.0,DMSO,1,CS(=O)C
Ethyl 2-cyclohexanoneacetate,CCOC(=O)CC1CCCCC1=O,5.103,DMSO,1,CS(=O)C
Ethyl 3-thiopheneacetate,CCOC(=O)CC1=CSC=C1,5.496,DMSO,1,CS(=O)C
"Ethyl 4,4,4-trifluoroacetoacetate",CCOC(=O)CC(=O)C(F)(F)F,4.313,DMSO,1,CS(=O)C
Ethyl mesitylglyoxylate,CCOC(=O)C(=O)C1=C(C=C(C=C1C)C)C,6.088,DMSO,1,CS(=O)C
Ethyl-3-oxohexanoate,CCCC(=O)CC(=O)OCC,5.04,DMSO,1,CS(=O)C
Ethyl-4-bromocrotonate,CCOC(=O)/C=C/CBr,5.433,DMSO,1,CS(=O)C
Ethyl-4-iodobenzoate,CCOC(=O)C1=CC=C(C=C1)I,6.153,DMSO,1,CS(=O)C
FMOC-D-ORN(ALOC)-OH,C=CCOC(=O)NCCC[C@H](C(=O)O)NC(=O)OCC1C2=CC=CC=C2C3=CC=CC=C13,5.469,DMSO,1,CS(=O)C
Flavanone,C1C(OC2=CC=CC=C2C1=O)C3=CC=CC=C3,5.939,DMSO,1,CS(=O)C
Flufenamic-acid,C1=CC=C(C(=C1)C(=O)O)NC2=CC=CC(=C2)C(F)(F)F,6.025,DMSO,1,CS(=O)C
Hematein,C1C2=CC(=C(C=C2C3=C4C=CC(=O)C(=C4OCC31O)O)O)O,4.919,DMSO,0,CS(=O)C
METHYL 2-PHTHALIMIDOACETATE,COC(=O)CN1C(=O)C2=CC=CC=C2C1=O,5.022,DMSO,1,CS(=O)C
"Methyl 6-oxo-1,6-dihydropyridine-2-carboxylate",COC(=O)C1=CC=CC(=O)N1,3.413,DMSO,1,CS(=O)C
"Methyl-2,6-dimethoxybenzoate",COC1=C(C(=CC=C1)OC)C(=O)OC,5.138,DMSO,1,CS(=O)C
Methyl-3-bromo-4-iodobenzoate,COC(=O)C1=CC(=C(C=C1)I)Br,6.256,DMSO,0,CS(=O)C
"Methyl-6-Oxo-1,6-dihydropyridazine-3-carboxylate",COC(=O)C1=NNC(=O)C=C1,3.235,DMSO,1,CS(=O)C
Methyl-diethylphosphonoacetate,CCOP(=O)(CC(=O)OC)OCC,4.05,DMSO,1,CS(=O)C
N(im)-Trityl-L-histidine,C1=CC=C(C=C1)C(C2=CC=CC=C2)(C3=CC=CC=C3)N4C=C(N=C4)C[C@@H](C(=O)O)N,4.361,DMSO,0,CS(=O)C
"N,N-Dimethyl-L-phenylalanine",CN(C)[C@@H](CC1=CC=CC=C1)C(=O)O,3.197,DMSO,0,CS(=O)C
N-Acetyl-L-tryptophan,CC(=O)N[C@@H](CC1=CNC2=CC=CC=C21)C(=O)O,4.141,DMSO,1,CS(=O)C
N-Benzylidenebenzylamine,C1=CC=C(C=C1)CN=CC2=CC=CC=C2,4.85,DMSO,1,CS(=O)C
N-Phthaloylglycine,C1=CC=C2C(=C1)C(=O)N(C2=O)CC(=O)O,4.125,DMSO,1,CS(=O)C
"N-[(1,1-Dimethylethoxy)carbonyl]-L-histidine methyl_ester",CC(C)(C)OC(=O)N[C@@H](CC1=CN=CN1)C(=O)OC,3.445,DMSO,1,CS(=O)C
N-[(Phenylmethoxy)carbonyl]-O-(phenylmethyl)-L-serine_,C1=CC=C(C=C1)COC[C@@H](C(=O)O)NC(=O)OCC2=CC=CC=C2,5.432,DMSO,1,CS(=O)C
"N6-[(1,1-Dimethylethoxy)carbonyl]-N2-[(9H-fluoren-9-ylmethoxy)carbonyl]-2-methyl-D-lysine",C[C@@](CCCCNC(=O)OC(C)(C)C)(C(=O)O)NC(=O)OCC1C2=CC=CC=C2C3=CC=CC=C13,5.893,DMSO,1,CS(=O)C
"N6-[(1,1-Dimethylethoxy)carbonyl]-N2-[(phenylmethoxy)carbonyl]-L-lysine",CC(C)(C)OC(=O)NCCCC[C@@H](C(=O)O)NC(=O)OCC1=CC=CC=C1,5.311,DMSO,1,CS(=O)C
Nalpha-[(9H-Fluoren-9-ylmethoxy)carbonyl]-L-threonine tert-Butyl-Ester,C[C@H]([C@@H](C(=O)OC(C)(C)C)NC(=O)OCC1C2=CC=CC=C2C3=CC=CC=C13)O,6.036,DMSO,1,CS(=O)C
Phenyl-benzoate,C1=CC=C(C=C1)C(=O)OC2=CC=CC=C2,6.089,DMSO,1,CS(=O)C
Pindolol,CC(C)NCC(COC1=CC=CC2=C1C=CN2)O,3.486,DMSO,0,CS(=O)C
Protocatechuic_acid,C1=CC(=C(C=C1C(=O)O)O)O,3.331,DMSO,1,CS(=O)C
Suberic_acid_monomethyl_ester,COC(=O)CCCCCCC(=O)O,4.605,DMSO,1,CS(=O)C
Z-D-Glu-OBzl,C1=CC=C(C=C1)COC(=O)[C@@H](CCC(=O)O)NC(=O)OCC2=CC=CC=C2,5.408,DMSO,0,CS(=O)C
Z-D-Phg-OH,C1=CC=C(C=C1)COC(=O)N[C@H](C2=CC=CC=C2)C(=O)O,5.194,DMSO,1,CS(=O)C
"meso-1,2-Dibromo-1,2-diphenylethane",C1=CC=C(C=C1)C(C(C2=CC=CC=C2)Br)Br,6.367,DMSO,0,CS(=O)C
mono-tert-Butyl_succinate,CC(C)(C)OC(=O)CCC(=O)O,4.527,DMSO,1,CS(=O)C
pentafluorobenzyl-bromide,C(C1=C(C(=C(C(=C1F)F)F)F)F)Br,6.171,DMSO,1,CS(=O)C
"trans-1,2-Bis(phenylsulfonyl)ethylene",C1=CC=C(C=C1)S(=O)(=O)/C=C/S(=O)(=O)C2=CC=CC=C2,5.559,DMSO,0,CS(=O)C
trans-4-(9-Fluorenylmethyloxycarbonylaminomethyl)-cyclohexanoic_acid,C1CC(CCC1CNC(=O)OCC2C3=CC=CC=C3C4=CC=CC=C24)C(=O)O,5.583,DMSO,0,CS(=O)C
trans-Aconitic-acid,C(/C(=C\C(=O)O)/C(=O)O)C(=O)O,1.35,DMSO,1,CS(=O)C
(1-BROMOETHYL)BENZENE,CC(C1=CC=CC=C1)Br,5.967,DMSO,1,CS(=O)C
"(2,6-Dioxo-piperidin-4-yl)-acetic_acid",C1C(CC(=O)NC1=O)CC(=O)O,0.0,DMSO,1,CS(=O)C
(2-BENZYLOXYCARBONYLAMINO-ACETYLAMINO)-ACETIC_ACID,C1=CC=C(C=C1)COC(=O)NCC(=O)NCC(=O)O,4.144,DMSO,1,CS(=O)C
(2S)-2-{[(9H-fluoren-9-ylmethoxy)carbonyl]amino}-4-hydroxybutanoic acid,C1=CC=C2C(=C1)C(C3=CC=CC=C32)COC(=O)N[C@@H](CCO)C(=O)O,3.558,DMSO,1,CS(=O)C
"(2S,5S)-1-Hydroxy-2,5-diphenylphospholane 1-oxide",C1C[C@H](P(=O)([C@@H]1C2=CC=CC=C2)O)C3=CC=CC=C3,2.549,DMSO,0,CS(=O)C
"(?S)-4-(1,1-Dimethylethoxy)-?-[[(9H-fluoren-9-ylmethoxy)carbonyl]amino]benzenebutanoic_acid",CC(C)(C)OC1=CC=C(C=C1)CC[C@@H](C(=O)O)NC(=O)OCC2C3=CC=CC=C3C4=CC=CC=C24,3.933,DMSO,1,CS(=O)C
(R)-(-)-2-Methoxy-2-phenylethanol,CO[C@@H](CO)C1=CC=CC=C1,4.342,DMSO,1,CS(=O)C
"(S)-(-)-2-Amino-3-methyl-1,1-diphenyl-1-butanol",CC(C)[C@@H](C(C1=CC=CC=C1)(C2=CC=CC=C2)O)N,6.79,DMSO,1,CS(=O)C
(S)-Benzyl 2-(((S)-1-methoxy-4-methyl-1-oxopentan-2-yl)carbamoyl)pyrrolidine-1-carboxylate,CC(C)C[C@@H](C(=O)OC)NC(=O)[C@@H]1CCCN1C(=O)OCC2=CC=CC=C2,5.557,DMSO,1,CS(=O)C
"1,1,1-Tris(4-hydroxyphenyl)ethane",CC(C1=CC=C(C=C1)O)(C2=CC=C(C=C2)O)C3=CC=C(C=C3)O,4.966,DMSO,1,CS(=O)C
"1,1,3-Triphenylpropargyl alcohol",C1=CC=C(C=C1)C#CC(C2=CC=CC=C2)(C3=CC=CC=C3)O,6.219,DMSO,1,CS(=O)C
"1,2-Bis(4-hydroxyphenyl)ethane-1,2-dione",C1=CC(=CC=C1C(=O)C(=O)C2=CC=C(C=C2)O)O,0.0,DMSO,1,CS(=O)C
"1,3-Bis(trifluoromethyl)-5-bromobenzene",C1=C(C=C(C=C1C(F)(F)F)Br)C(F)(F)F,6.352,DMSO,1,CS(=O)C
"1,3-Butanediol-diacrylate",CC(CCOC(=O)C=C)OC(=O)C=C,5.342,DMSO,1,CS(=O)C
"1,3-Dimethyl 2-[(4-methoxyphenyl)methylene]propanedioate",COC1=CC=C(C=C1)C=C(C(=O)OC)C(=O)OC,5.492,DMSO,1,CS(=O)C
"1,3-Diphenylacetone_p-tosylhydrazone",CC1=CC=C(C=C1)S(=O)(=O)NN=C(CC2=CC=CC=C2)CC3=CC=CC=C3,6.124,DMSO,0,CS(=O)C
"1,4-Bis(bromomethyl)-2,3,5,6-tetrafluorobenzene_",C(C1=C(C(=C(C(=C1F)F)CBr)F)F)Br,6.298,DMSO,0,CS(=O)C
"1,4-Cyclohexanedicarboxylic-acid",C1CC(CCC1C(=O)O)C(=O)O,0.0,DMSO,0,CS(=O)C
"1,4-Dibromo-2,3-butanedione",C(C(=O)C(=O)CBr)Br,3.62,DMSO,1,CS(=O)C
1-(4-Biphenyl)-1-ethanol,CC(C1=CC=C(C=C1)C2=CC=CC=C2)O,5.558,DMSO,0,CS(=O)C
"1-(9H-Fluoren-9-ylmethyl) (2S,4S)-4-[[(1,1-dimethylethoxy)carbonyl]amino]-1,2-pyrrolidinedicarboxylate_",CC(C)(C)OC(=O)N[C@H]1C[C@H](N(C1)C(=O)OCC2C3=CC=CC=C3C4=CC=CC=C24)C(=O)O,3.658,DMSO,1,CS(=O)C
1-(tert-Butoxycarbonyl)-4-[(9H-fluoren-9-ylmethoxy)carbonyl]-2-piperazinecarboxylic_acid,CC(C)(C)OC(=O)N1CCN(CC1C(=O)O)C(=O)OCC2C3=CC=CC=C3C4=CC=CC=C24,3.705,DMSO,1,CS(=O)C
1-BROMO-3-METHYLBUTANE,CC(C)CCBr,0.0,DMSO,1,CS(=O)C
1-Benzofuran-5-carboxylic_acid,C1=CC2=C(C=CO2)C=C1C(=O)O,0.0,DMSO,0,CS(=O)C
1-Benzylpiperidine,C1CCN(CC1)CC2=CC=CC=C2,0.0,DMSO,1,CS(=O)C
1-Bromo-4-(trifluoromethoxy)benzene,C1=CC(=CC=C1OC(F)(F)F)Br,0.0,DMSO,1,CS(=O)C
1-Bromopentanemethylbenzene,CC1=C(C(=C(C(=C1C)C)Br)C)C,0.0,DMSO,0,CS(=O)C
1-Phenyl-5-(trifluoromethyl)-1H-pyrazole-4-carboxylic_acid,C1=CC=C(C=C1)N2C(=C(C=N2)C(=O)O)C(F)(F)F,1.555,DMSO,1,CS(=O)C
1-Pyrenemethanol,C1=CC2=C3C(=C1)C=CC4=C(C=CC(=C43)C=C2)CO,5.63,DMSO,1,CS(=O)C
"1-Tosyl-2,5-dihydro-1H-pyrrole",CC1=CC=C(C=C1)S(=O)(=O)N2CC=CC2,5.568,DMSO,1,CS(=O)C
"2,2"",4,4""-Tetramethylbenzophenone",CC1=CC(=C(C=C1)C(=O)C2=C(C=C(C=C2)C)C)C,6.718,DMSO,1,CS(=O)C
"2,2,2-TRIFLUOROACETOPHENONE",C1=CC=C(C=C1)C(=O)C(F)(F)F,4.757,DMSO,1,CS(=O)C
"2,3,4-Trifluorobenzoic acid",C1=CC(=C(C(=C1C(=O)O)F)F)F,0.0,DMSO,1,CS(=O)C
"2,3,6,7,10,11-Hexamethoxytriphenylene",COC1=C(C=C2C(=C1)C3=CC(=C(C=C3C4=CC(=C(C=C24)OC)OC)OC)OC)OC,5.892,DMSO,0,CS(=O)C
"2,4,6-Tris(bromomethyl)mesitylene",CC1=C(C(=C(C(=C1CBr)C)CBr)C)CBr,6.604,DMSO,0,CS(=O)C
"2,4-Dichlorophenol",C1=CC(=C(C=C1Cl)Cl)O,5.219,DMSO,1,CS(=O)C
"2,6-Bis[(4S)-4-phenyl-2-oxazolinyl]pyridine",C1[C@@H](N=C(O1)C2=NC(=CC=C2)C3=N[C@H](CO3)C4=CC=CC=C4)C5=CC=CC=C5,5.83,DMSO,0,CS(=O)C
"2,6-Dichloroiodobenzene",C1=CC(=C(C(=C1)Cl)I)Cl,5.546,DMSO,1,CS(=O)C
"2,6-Diisopropylphenol",CC(C)C1=C(C(=CC=C1)C(C)C)O,6.125,DMSO,1,CS(=O)C
"2,6-Dimethoxy-1,4-benzoquinone",COC1=CC(=O)C=C(C1=O)OC,3.926,DMSO,0,CS(=O)C
"2,6-Dimethoxybenzoyl_chloride",COC1=C(C(=CC=C1)OC)C(=O)Cl,0.0,DMSO,0,CS(=O)C
2-(3-Chlorophenoxy)propionic-acid,CC(C(=O)O)OC1=CC(=CC=C1)Cl,0.0,DMSO,1,CS(=O)C
2-(4-Chlorobenzoyl)benzoic_acid,C1=CC=C(C(=C1)C(=O)C2=CC=C(C=C2)Cl)C(=O)O,3.145,DMSO,1,CS(=O)C
2-(Diphenylphosphino)benzoic-acid,C1=CC=C(C=C1)P(C2=CC=CC=C2)C3=CC=CC=C3C(=O)O,4.301,DMSO,1,CS(=O)C
2-(Trifluoromethyl)pyridine-4-carboxylic_acid,C1=CN=C(C=C1C(=O)O)C(F)(F)F,0.0,DMSO,1,CS(=O)C
2-Amino-4-phenylphenol,C1=CC=C(C=C1)C2=CC(=C(C=C2)O)N,4.993,DMSO,1,CS(=O)C
2-Amino-6-bromopyridine,C1=CC(=NC(=C1)Br)N,4.539,DMSO,1,CS(=O)C
2-Benzyloxybenzoic_acid ,C1=CC=C(C=C1)COC2=CC=CC=C2C(=O)O,1.02,DMSO,1,CS(=O)C
"2-Bromo-2',6'-diisopropoxy-1,1'-biphenyl",CC(C)OC1=C(C(=CC=C1)OC(C)C)C2=CC=CC=C2Br,6.718,DMSO,1,CS(=O)C
2-Bromo-5-(trifluoromethyl)benzaldehyde,C1=CC(=C(C=C1C(F)(F)F)C=O)Br,5.909,DMSO,1,CS(=O)C
2-Bromo-5-chlorotoluene,CC1=C(C=CC(=C1)Cl)Br,6.34,DMSO,1,CS(=O)C
2-Bromoanthraquinone,C1=CC=C2C(=C1)C(=O)C3=C(C2=O)C=C(C=C3)Br,6.448,DMSO,1,CS(=O)C
2-Bromonaphthalen-1-ol,C1=CC=C2C(=C1)C=CC(=C2O)Br,5.471,DMSO,1,CS(=O)C
2-Bromophenethylamine,C1=CC=C(C(=C1)CCN)Br,4.843,DMSO,1,CS(=O)C
2-Bromotoluene,CC1=CC=CC=C1Br,6.192,DMSO,1,CS(=O)C
2-Hydroxy-4-(trifluoromethyl)aniline,C1=CC(=C(C=C1C(F)(F)F)O)N,5.006,DMSO,1,CS(=O)C
2-Iodobenzaldehyde,C1=CC=C(C(=C1)C=O)I,5.649,DMSO,1,CS(=O)C
2-Iodobenzyl_bromide,C1=CC=C(C(=C1)CBr)I,6.106,DMSO,1,CS(=O)C
2-Iodopyridine,C1=CC=NC(=C1)I,4.791,DMSO,1,CS(=O)C
2-Isopropylthioxanthone,CC(C)C1=CC2=C(C=C1)SC3=CC=CC=C3C2=O,6.709,DMSO,0,CS(=O)C
"2-Methyl-5-(trifluoromethyl)-1,3-benzoxazole",CC1=NC2=C(O1)C=CC(=C2)C(F)(F)F,5.487,DMSO,1,CS(=O)C
"3,3-Dimethyl-1-indanone",CC1(CC(=O)C2=CC=CC=C21)C,5.403,DMSO,1,CS(=O)C
"3,4,5-TRIBROMO-1H-PYRAZOLE",C1(=C(NN=C1Br)Br)Br,4.016,DMSO,1,CS(=O)C
"3,4,7,8-Tetramethyl-1,10-phenanthroline",CC1=CN=C2C(=C1C)C=CC3=C(C(=CN=C32)C)C,0.0,DMSO,0,CS(=O)C
"3,5-Di-tert-butylbenzoic acid",CC(C)(C)C1=CC(=CC(=C1)C(=O)O)C(C)(C)C,3.58,DMSO,1,CS(=O)C
"3,5-Dibromotoluene",CC1=CC(=CC(=C1)Br)Br,6.456,DMSO,1,CS(=O)C
"3,5-Dimethylbenzoyl_chloride",CC1=CC(=CC(=C1)C(=O)Cl)C,0.0,DMSO,1,CS(=O)C
"3,6-Dimethoxy-9H-carbazole",COC1=CC2=C(C=C1)NC3=C2C=C(C=C3)OC,5.577,DMSO,1,CS(=O)C
3-(2-Naphthyl)acrylic_acid,C1=CC=C2C=C(C=CC2=C1)/C=C/C(=O)O,1.842,DMSO,1,CS(=O)C
3-(Phenylthio)propanoic-acid,C1=CC=C(C=C1)SCCC(=O)O,0.0,DMSO,1,CS(=O)C
3-(tert-Butoxycarbonyl)benzoic_acid,CC(C)(C)OC(=O)C1=CC=CC(=C1)C(=O)O,2.692,DMSO,1,CS(=O)C
3-Bromobenzoyl_chloride,C1=CC(=CC(=C1)Br)C(=O)Cl,6.192,DMSO,1,CS(=O)C
3-Bromopropionyl_chloride,C(CBr)C(=O)Cl,0.0,DMSO,1,CS(=O)C
3-Chloro-4-methoxyaniline,COC1=C(C=C(C=C1)N)Cl,4.796,DMSO,1,CS(=O)C
3-[[(9H-Fluoren-9-ylmethoxy)carbonyl]amino]-2-naphthalenecarboxylic acid,C1=CC=C2C=C(C(=CC2=C1)C(=O)O)NC(=O)OCC3C4=CC=CC=C4C5=CC=CC=C35,4.224,DMSO,0,CS(=O)C
"4,4',4''-Trimethoxytrityl chloride",COC1=CC=C(C=C1)C(C2=CC=C(C=C2)OC)(C3=CC=C(C=C3)OC)Cl,5.956,DMSO,0,CS(=O)C
"4,4'-Dihydroxybiphenyl",C1=CC(=CC=C1C2=CC=C(C=C2)O)O,4.662,DMSO,1,CS(=O)C
"4,4'-Dimethoxybenzophenone",COC1=CC=C(C=C1)C(=O)C2=CC=C(C=C2)OC,5.813,DMSO,0,CS(=O)C
"4,4?,4??-(1,3,5-TRIAZINE-2,4,6-TRIYL)TRIBENZALDEHYDE",C1=CC(=CC=C1C=O)C2=NC(=NC(=N2)C3=CC=C(C=C3)C=O)C4=CC=C(C=C4)C=O,5.452,DMSO,0,CS(=O)C
4-(Bromomethyl)benzoic_acid,C1=CC(=CC=C1CBr)C(=O)O,0.0,DMSO,1,CS(=O)C
4-(Hydroxymethyl)phenylacetic-acid,C1=CC(=CC=C1CC(=O)O)CO,0.0,DMSO,1,CS(=O)C
4-(Trifluoroacetyl)phenacyl-bromide,C1=CC(=CC=C1C(=O)CBr)C(=O)C(F)(F)F,5.13,DMSO,1,CS(=O)C
4-(Trifluoromethyl)benzylamine,C1=CC(=CC=C1CN)C(F)(F)F,6.592,DMSO,1,CS(=O)C
"4-Bromo-3,5-dimethoxybenzoic acid",COC1=CC(=CC(=C1Br)OC)C(=O)O,1.023,DMSO,1,CS(=O)C
4-Bromo-L-phenylalanine,C1=CC(=CC=C1C[C@@H](C(=O)O)N)Br,3.402,DMSO,0,CS(=O)C
4-Chlorobenzenesulfonic_acid,C1=CC(=CC=C1S(=O)(=O)O)Cl,0.0,DMSO,1,CS(=O)C
4-Chloropyridine-3-carboxylic_acid,C1=CN=CC(=C1Cl)C(=O)O,0.0,DMSO,1,CS(=O)C
"4-Hydroxy-3,5-diiodobenzoic acid",C1=C(C=C(C(=C1I)O)I)C(=O)O,0.0,DMSO,1,CS(=O)C
4-Hydroxyphthalic_acid,C1=CC(=C(C=C1O)C(=O)O)C(=O)O,0.0,DMSO,1,CS(=O)C
4-Methoxybiphenyl,COC1=CC=C(C=C1)C2=CC=CC=C2,6.133,DMSO,1,CS(=O)C
4-Methoxytriphenylamine,COC1=CC=C(C=C1)N(C2=CC=CC=C2)C3=CC=CC=C3,0.0,DMSO,0,CS(=O)C
4-tert-Butylbenzoyl_chloride,CC(C)(C)C1=CC=C(C=C1)C(=O)Cl,1.757,DMSO,1,CS(=O)C
"5,7-Dimethyl-[1,2,4]triazolo[1,5-a]pyrimidine-2-carboxylic acid",CC1=CC(=NC2=NC(=NN12)C(=O)O)C,0.0,DMSO,0,CS(=O)C
5-(Trifluoromethyl)indole,C1=CC2=C(C=CN2)C=C1C(F)(F)F,5.736,DMSO,0,CS(=O)C
5-(Trifluoromethyl)pyridine-2-carboxaldehyde,C1=CC(=NC=C1C(F)(F)F)C=O,4.096,DMSO,1,CS(=O)C
5-Bromo-2-furoic_acid,C1=C(OC(=C1)Br)C(=O)O,0.0,DMSO,1,CS(=O)C
5-Bromo-2-phenylpyridine,C1=CC=C(C=C1)C2=NC=C(C=C2)Br,6.024,DMSO,1,CS(=O)C
"6,6'-Dibromo-1,1'-bi-2-naphthol",C1=CC2=C(C=CC(=C2C3=C(C=CC4=C3C=CC(=C4)Br)O)O)C=C1Br,6.48,DMSO,1,CS(=O)C
8-Isoquinolinecarboxaldehyde,C1=CC2=C(C=NC=C2)C(=C1)C=O,4.445,DMSO,1,CS(=O)C
Allyl-alpha-D-glucopyranoside,C=CCO[C@@H]1[C@@H]([C@H]([C@@H]([C@H](O1)CO)O)O)O,1.351,DMSO,1,CS(=O)C
Aniline-2-sulfonic_acid,C1=CC=C(C(=C1)N)S(=O)(=O)O,0.0,DMSO,1,CS(=O)C
Bis(diphenylphosphino)methane,C1=CC=C(C=C1)P(CP(C2=CC=CC=C2)C3=CC=CC=C3)C4=CC=CC=C4,0.0,DMSO,0,CS(=O)C
DL-beta-Phenylalanine,C1=CC=C(C=C1)C(CC(=O)O)N,1.803,DMSO,0,CS(=O)C
Di-tert-butylcyclopentadiene,CC(C)(C)C1C=CC(=C1)C(C)(C)C,0.0,DMSO,1,CS(=O)C
Dibenzyl-malonate,C1=CC=C(C=C1)COC(=O)CC(=O)OCC2=CC=CC=C2,6.014,DMSO,1,CS(=O)C
Dibromomaleic-acid,C(=C(\C(=O)O)/Br)(\C(=O)O)/Br,0.0,DMSO,1,CS(=O)C
Diethyl 4-Methoxyphenylphosphonate,CCOP(=O)(C1=CC=C(C=C1)OC)OCC,4.883,DMSO,1,CS(=O)C
Diethyl_dibutylmalonate,CCCCC(CCCC)(C(=O)OCC)C(=O)OCC,6.745,DMSO,1,CS(=O)C
Diethyl_phenylmalonate,CCOC(=O)C(C1=CC=CC=C1)C(=O)OCC,5.776,DMSO,1,CS(=O)C
"Dimethyl 1,3-cyclohexadiene-1,4-dicarboxylate",COC(=O)C1=CC=C(CC1)C(=O)OC,5.209,DMSO,0,CS(=O)C
"Dimethyl 2,2'-bipyridine-4,4'-dicarboxylate",COC(=O)C1=CC(=NC=C1)C2=NC=CC(=C2)C(=O)OC,5.588,DMSO,0,CS(=O)C
Dimethyl-propargylmalonate,COC(=O)C(CC#C)C(=O)OC,0.0,DMSO,1,CS(=O)C
Ethyl 2-cyclohexanoneacetate,CCOC(=O)CC1CCCCC1=O,0.0,DMSO,1,CS(=O)C
Ethyl 3-thiopheneacetate,CCOC(=O)CC1=CSC=C1,5.513,DMSO,1,CS(=O)C
"Ethyl 4,4,4-trifluoroacetoacetate",CCOC(=O)CC(=O)C(F)(F)F,4.264,DMSO,1,CS(=O)C
Ethyl mesitylglyoxylate,CCOC(=O)C(=O)C1=C(C=C(C=C1C)C)C,5.994,DMSO,1,CS(=O)C
Ethyl-3-oxohexanoate,CCCC(=O)CC(=O)OCC,5.922,DMSO,1,CS(=O)C
Ethyl-4-bromocrotonate,CCOC(=O)/C=C/CBr,5.447,DMSO,1,CS(=O)C
Ethyl-4-iodobenzoate,CCOC(=O)C1=CC=C(C=C1)I,6.168,DMSO,1,CS(=O)C
FMOC-D-ORN(ALOC)-OH,C=CCOC(=O)NCCC[C@H](C(=O)O)NC(=O)OCC1C2=CC=CC=C2C3=CC=CC=C13,3.596,DMSO,1,CS(=O)C
Flavanone,C1C(OC2=CC=CC=C2C1=O)C3=CC=CC=C3,5.964,DMSO,1,CS(=O)C
Flufenamic-acid,C1=CC=C(C(=C1)C(=O)O)NC2=CC=CC(=C2)C(F)(F)F,3.789,DMSO,1,CS(=O)C
Hematein,C1C2=CC(=C(C=C2C3=C4C=CC(=O)C(=C4OCC31O)O)O)O,3.47,DMSO,0,CS(=O)C
METHYL 2-PHTHALIMIDOACETATE,COC(=O)CN1C(=O)C2=CC=CC=C2C1=O,5.027,DMSO,1,CS(=O)C
"Methyl 6-oxo-1,6-dihydropyridine-2-carboxylate",COC(=O)C1=CC=CC(=O)N1,3.345,DMSO,1,CS(=O)C
"Methyl-2,6-dimethoxybenzoate",COC1=C(C(=CC=C1)OC)C(=O)OC,5.156,DMSO,1,CS(=O)C
Methyl-3-bromo-4-iodobenzoate,COC(=O)C1=CC(=C(C=C1)I)Br,6.276,DMSO,0,CS(=O)C
"Methyl-6-Oxo-1,6-dihydropyridazine-3-carboxylate",COC(=O)C1=NNC(=O)C=C1,1.933,DMSO,1,CS(=O)C
Methyl-diethylphosphonoacetate,CCOP(=O)(CC(=O)OC)OCC,4.075,DMSO,1,CS(=O)C
N(im)-Trityl-L-histidine,C1=CC=C(C=C1)C(C2=CC=CC=C2)(C3=CC=CC=C3)N4C=C(N=C4)C[C@@H](C(=O)O)N,0.0,DMSO,0,CS(=O)C
"N,N-Dimethyl-L-phenylalanine",CN(C)[C@@H](CC1=CC=CC=C1)C(=O)O,2.23,DMSO,0,CS(=O)C
N-Acetyl-L-tryptophan,CC(=O)N[C@@H](CC1=CNC2=CC=CC=C21)C(=O)O,0.0,DMSO,1,CS(=O)C
N-Benzylidenebenzylamine,C1=CC=C(C=C1)CN=CC2=CC=CC=C2,6.028,DMSO,1,CS(=O)C
N-Phthaloylglycine,C1=CC=C2C(=C1)C(=O)N(C2=O)CC(=O)O,0.0,DMSO,1,CS(=O)C
"N-[(1,1-Dimethylethoxy)carbonyl]-L-histidine methyl_ester",CC(C)(C)OC(=O)N[C@@H](CC1=CN=CN1)C(=O)OC,4.47,DMSO,1,CS(=O)C
N-[(Phenylmethoxy)carbonyl]-O-(phenylmethyl)-L-serine_,C1=CC=C(C=C1)COC[C@@H](C(=O)O)NC(=O)OCC2=CC=CC=C2,3.575,DMSO,1,CS(=O)C
"N6-[(1,1-Dimethylethoxy)carbonyl]-N2-[(9H-fluoren-9-ylmethoxy)carbonyl]-2-methyl-D-lysine",C[C@@](CCCCNC(=O)OC(C)(C)C)(C(=O)O)NC(=O)OCC1C2=CC=CC=C2C3=CC=CC=C13,3.778,DMSO,1,CS(=O)C
"N6-[(1,1-Dimethylethoxy)carbonyl]-N2-[(phenylmethoxy)carbonyl]-L-lysine",CC(C)(C)OC(=O)NCCCC[C@@H](C(=O)O)NC(=O)OCC1=CC=CC=C1,3.45,DMSO,1,CS(=O)C
Nalpha-[(9H-Fluoren-9-ylmethoxy)carbonyl]-L-threonine tert-Butyl-Ester,C[C@H]([C@@H](C(=O)OC(C)(C)C)NC(=O)OCC1C2=CC=CC=C2C3=CC=CC=C13)O,6.055,DMSO,1,CS(=O)C
Phenyl-benzoate,C1=CC=C(C=C1)C(=O)OC2=CC=CC=C2,6.025,DMSO,1,CS(=O)C
Pindolol,CC(C)NCC(COC1=CC=CC2=C1C=CN2)O,0.0,DMSO,0,CS(=O)C
Protocatechuic_acid,C1=CC(=C(C=C1C(=O)O)O)O,0.0,DMSO,1,CS(=O)C
Suberic_acid_monomethyl_ester,COC(=O)CCCCCCC(=O)O,0.0,DMSO,1,CS(=O)C
Z-D-Glu-OBzl,C1=CC=C(C=C1)COC(=O)[C@@H](CCC(=O)O)NC(=O)OCC2=CC=CC=C2,3.553,DMSO,0,CS(=O)C
Z-D-Phg-OH,C1=CC=C(C=C1)COC(=O)N[C@H](C2=CC=CC=C2)C(=O)O,3.297,DMSO,1,CS(=O)C
"meso-1,2-Dibromo-1,2-diphenylethane",Did not work,6.381,DMSO,0,CS(=O)C
mono-tert-Butyl_succinate,CC(C)(C)OC(=O)CCC(=O)O,0.0,DMSO,1,CS(=O)C
pentafluorobenzyl-bromide,C(C1=C(C(=C(C(=C1F)F)F)F)F)Br,6.066,DMSO,1,CS(=O)C
"trans-1,2-Bis(phenylsulfonyl)ethylene",C1=CC=C(C=C1)S(=O)(=O)/C=C/S(=O)(=O)C2=CC=CC=C2,5.567,DMSO,0,CS(=O)C
trans-4-(9-Fluorenylmethyloxycarbonylaminomethyl)-cyclohexanoic_acid,C1CC(CCC1CNC(=O)OCC2C3=CC=CC=C3C4=CC=CC=C24)C(=O)O,3.542,DMSO,0,CS(=O)C
trans-Aconitic-acid,C(/C(=C\C(=O)O)/C(=O)O)C(=O)O,0.0,DMSO,1,CS(=O)C
(1-BROMOETHYL)BENZENE,CC(C1=CC=CC=C1)Br,5.607,DCM,1,C(Cl)Cl
"(2,6-Dioxo-piperidin-4-yl)-acetic_acid",C1C(CC(=O)NC1=O)CC(=O)O,1.146,DCM,0,C(Cl)Cl
(2-BENZYLOXYCARBONYLAMINO-ACETYLAMINO)-ACETIC_ACID,C1=CC=C(C=C1)COC(=O)NCC(=O)NCC(=O)O,4.021,DCM,0,C(Cl)Cl
(2S)-2-{[(9H-fluoren-9-ylmethoxy)carbonyl]amino}-4-hydroxybutanoic acid,C1=CC=C2C(=C1)C(C3=CC=CC=C32)COC(=O)N[C@@H](CCO)C(=O)O,3.327,DCM,0,C(Cl)Cl
"(2S,5S)-1-Hydroxy-2,5-diphenylphospholane 1-oxide",C1C[C@H](P(=O)([C@@H]1C2=CC=CC=C2)O)C3=CC=CC=C3,5.678,DCM,0,C(Cl)Cl
"(?S)-4-(1,1-Dimethylethoxy)-?-[[(9H-fluoren-9-ylmethoxy)carbonyl]amino]benzenebutanoic_acid",CC(C)(C)OC1=CC=C(C=C1)CC[C@@H](C(=O)O)NC(=O)OCC2C3=CC=CC=C3C4=CC=CC=C24,6.019,DCM,1,C(Cl)Cl
(R)-(-)-2-Methoxy-2-phenylethanol,CO[C@@H](CO)C1=CC=CC=C1,3.983,DCM,1,C(Cl)Cl
"(S)-(-)-2-Amino-3-methyl-1,1-diphenyl-1-butanol",CC(C)[C@@H](C(C1=CC=CC=C1)(C2=CC=CC=C2)O)N,3.412,DCM,1,C(Cl)Cl
(S)-Benzyl 2-(((S)-1-methoxy-4-methyl-1-oxopentan-2-yl)carbamoyl)pyrrolidine-1-carboxylate,CC(C)C[C@@H](C(=O)OC)NC(=O)[C@@H]1CCCN1C(=O)OCC2=CC=CC=C2,5.141,DCM,1,C(Cl)Cl
"1,1,1-Tris(4-hydroxyphenyl)ethane",CC(C1=CC=C(C=C1)O)(C2=CC=C(C=C2)O)C3=CC=C(C=C3)O,4.627,DCM,0,C(Cl)Cl
"1,1,3-Triphenylpropargyl alcohol",C1=CC=C(C=C1)C#CC(C2=CC=CC=C2)(C3=CC=CC=C3)O,5.897,DCM,1,C(Cl)Cl
"1,2-Bis(4-hydroxyphenyl)ethane-1,2-dione",C1=CC(=CC=C1C(=O)C(=O)C2=CC=C(C=C2)O)O,4.482,DCM,0,C(Cl)Cl
"1,3-Bis(trifluoromethyl)-5-bromobenzene",C1=C(C=C(C=C1C(F)(F)F)Br)C(F)(F)F,6.098,DCM,1,C(Cl)Cl
"1,3-Butanediol-diacrylate",CC(CCOC(=O)C=C)OC(=O)C=C,5.0,DCM,1,C(Cl)Cl
"1,3-Dimethyl 2-[(4-methoxyphenyl)methylene]propanedioate",COC1=CC=C(C=C1)C=C(C(=O)OC)C(=O)OC,5.161,DCM,1,C(Cl)Cl
"1,3-Diphenylacetone_p-tosylhydrazone",CC1=CC=C(C=C1)S(=O)(=O)NN=C(CC2=CC=CC=C2)CC3=CC=CC=C3,5.892,DCM,1,C(Cl)Cl
"1,4-Bis(bromomethyl)-2,3,5,6-tetrafluorobenzene_",C(C1=C(C(=C(C(=C1F)F)CBr)F)F)Br,5.895,DCM,1,C(Cl)Cl
"1,4-Cyclohexanedicarboxylic-acid",C1CC(CCC1C(=O)O)C(=O)O,3.53,DCM,0,C(Cl)Cl
"1,4-Dibromo-2,3-butanedione",C(C(=O)C(=O)CBr)Br,3.506,DCM,1,C(Cl)Cl
1-(4-Biphenyl)-1-ethanol,CC(C1=CC=C(C=C1)C2=CC=CC=C2)O,5.167,DCM,1,C(Cl)Cl
"1-(9H-Fluoren-9-ylmethyl) (2S,4S)-4-[[(1,1-dimethylethoxy)carbonyl]amino]-1,2-pyrrolidinedicarboxylate_",CC(C)(C)OC(=O)N[C@H]1C[C@H](N(C1)C(=O)OCC2C3=CC=CC=C3C4=CC=CC=C24)C(=O)O,5.559,DCM,1,C(Cl)Cl
1-(tert-Butoxycarbonyl)-4-[(9H-fluoren-9-ylmethoxy)carbonyl]-2-piperazinecarboxylic_acid,CC(C)(C)OC(=O)N1CCN(CC1C(=O)O)C(=O)OCC2C3=CC=CC=C3C4=CC=CC=C24,5.7,DCM,1,C(Cl)Cl
1-BROMO-3-METHYLBUTANE,CC(C)CCBr,0.0,DCM,1,C(Cl)Cl
1-Benzofuran-5-carboxylic_acid,C1=CC2=C(C=CO2)C=C1C(=O)O,4.429,DCM,0,C(Cl)Cl
1-Benzylpiperidine,C1CCN(CC1)CC2=CC=CC=C2,0.0,DCM,1,C(Cl)Cl
1-Bromo-4-(trifluoromethoxy)benzene,C1=CC(=CC=C1OC(F)(F)F)Br,5.937,DCM,1,C(Cl)Cl
1-Bromopentanemethylbenzene,CC1=C(C(=C(C(=C1C)C)Br)C)C,6.696,DCM,1,C(Cl)Cl
1-Phenyl-5-(trifluoromethyl)-1H-pyrazole-4-carboxylic_acid,C1=CC=C(C=C1)N2C(=C(C=N2)C(=O)O)C(F)(F)F,4.911,DCM,1,C(Cl)Cl
1-Pyrenemethanol,C1=CC2=C3C(=C1)C=CC4=C(C=CC(=C43)C=C2)CO,5.4,DCM,1,C(Cl)Cl
"1-Tosyl-2,5-dihydro-1H-pyrrole",CC1=CC=C(C=C1)S(=O)(=O)N2CC=CC2,5.089,DCM,1,C(Cl)Cl
"2,2"",4,4""-Tetramethylbenzophenone",CC1=CC(=C(C=C1)C(=O)C2=C(C=C(C=C2)C)C)C,6.309,DCM,1,C(Cl)Cl
"2,2,2-TRIFLUOROACETOPHENONE",C1=CC=C(C=C1)C(=O)C(F)(F)F,4.383,DCM,0,C(Cl)Cl
"2,3,4-Trifluorobenzoic acid",C1=CC(=C(C(=C1C(=O)O)F)F)F,4.672,DCM,1,C(Cl)Cl
"2,3,6,7,10,11-Hexamethoxytriphenylene",COC1=C(C=C2C(=C1)C3=CC(=C(C=C3C4=CC(=C(C=C24)OC)OC)OC)OC)OC,5.531,DCM,1,C(Cl)Cl
"2,4,6-Tris(bromomethyl)mesitylene",CC1=C(C(=C(C(=C1CBr)C)CBr)C)CBr,6.232,DCM,1,C(Cl)Cl
"2,4-Dichlorophenol",C1=CC(=C(C=C1Cl)Cl)O,4.997,DCM,1,C(Cl)Cl
"2,6-Bis[(4S)-4-phenyl-2-oxazolinyl]pyridine",C1[C@@H](N=C(O1)C2=NC(=CC=C2)C3=N[C@H](CO3)C4=CC=CC=C4)C5=CC=CC=C5,5.362,DCM,1,C(Cl)Cl
"2,6-Dichloroiodobenzene",C1=CC(=C(C(=C1)Cl)I)Cl,6.045,DCM,1,C(Cl)Cl
"2,6-Diisopropylphenol",CC(C)C1=C(C(=CC=C1)C(C)C)O,5.797,DCM,1,C(Cl)Cl
"2,6-Dimethoxy-1,4-benzoquinone",COC1=CC(=O)C=C(C1=O)OC,3.493,DCM,1,C(Cl)Cl
"2,6-Dimethoxybenzoyl_chloride",COC1=C(C(=CC=C1)OC)C(=O)Cl,3.843,DCM,1,C(Cl)Cl
2-(3-Chlorophenoxy)propionic-acid,CC(C(=O)O)OC1=CC(=CC=C1)Cl,4.927,DCM,1,C(Cl)Cl
2-(4-Chlorobenzoyl)benzoic_acid,C1=CC=C(C(=C1)C(=O)C2=CC=C(C=C2)Cl)C(=O)O,5.135,DCM,1,C(Cl)Cl
2-(Diphenylphosphino)benzoic-acid,C1=CC=C(C=C1)P(C2=CC=CC=C2)C3=CC=CC=C3C(=O)O,5.731,DCM,1,C(Cl)Cl
2-(Trifluoromethyl)pyridine-4-carboxylic_acid,C1=CN=C(C=C1C(=O)O)C(F)(F)F,4.521,DCM,0,C(Cl)Cl
2-Amino-4-phenylphenol,C1=CC=C(C=C1)C2=CC(=C(C=C2)O)N,4.231,DCM,0,C(Cl)Cl
2-Amino-6-bromopyridine,C1=CC(=NC(=C1)Br)N,4.028,DCM,1,C(Cl)Cl
2-Benzyloxybenzoic_acid ,C1=CC=C(C=C1)COC2=CC=CC=C2C(=O)O,5.023,DCM,1,C(Cl)Cl
"2-Bromo-2',6'-diisopropoxy-1,1'-biphenyl",CC(C)OC1=C(C(=CC=C1)OC(C)C)C2=CC=CC=C2Br,6.433,DCM,1,C(Cl)Cl
2-Bromo-5-(trifluoromethyl)benzaldehyde,C1=CC(=C(C=C1C(F)(F)F)C=O)Br,5.538,DCM,1,C(Cl)Cl
2-Bromo-5-chlorotoluene,CC1=C(C=CC(=C1)Cl)Br,6.108,DCM,1,C(Cl)Cl
2-Bromoanthraquinone,C1=CC=C2C(=C1)C(=O)C3=C(C2=O)C=C(C=C3)Br,6.069,DCM,1,C(Cl)Cl
2-Bromonaphthalen-1-ol,C1=CC=C2C(=C1)C=CC(=C2O)Br,5.391,DCM,1,C(Cl)Cl
2-Bromophenethylamine,C1=CC=C(C(=C1)CCN)Br,1.793,DCM,1,C(Cl)Cl
2-Bromotoluene,CC1=CC=CC=C1Br,5.8,DCM,1,C(Cl)Cl
2-Hydroxy-4-(trifluoromethyl)aniline,C1=CC(=C(C=C1C(F)(F)F)O)N,5.242,DCM,0,C(Cl)Cl
2-Iodobenzaldehyde,C1=CC=C(C(=C1)C=O)I,5.212,DCM,1,C(Cl)Cl
2-Iodobenzyl_bromide,C1=CC=C(C(=C1)CBr)I,5.787,DCM,1,C(Cl)Cl
2-Iodopyridine,C1=CC=NC(=C1)I,4.373,DCM,1,C(Cl)Cl
2-Isopropylthioxanthone,CC(C)C1=CC2=C(C=C1)SC3=CC=CC=C3C2=O,6.361,DCM,1,C(Cl)Cl
"2-Methyl-5-(trifluoromethyl)-1,3-benzoxazole",CC1=NC2=C(O1)C=CC(=C2)C(F)(F)F,5.205,DCM,1,C(Cl)Cl
"3,3-Dimethyl-1-indanone",CC1(CC(=O)C2=CC=CC=C21)C,5.04,DCM,1,C(Cl)Cl
"3,4,5-TRIBROMO-1H-PYRAZOLE",C1(=C(NN=C1Br)Br)Br,4.899,DCM,0,C(Cl)Cl
"3,4,7,8-Tetramethyl-1,10-phenanthroline",CC1=CN=C2C(=C1C)C=CC3=C(C(=CN=C32)C)C,3.473,DCM,1,C(Cl)Cl
"3,5-Di-tert-butylbenzoic acid",CC(C)(C)C1=CC(=CC(=C1)C(=O)O)C(C)(C)C,5.809,DCM,1,C(Cl)Cl
"3,5-Dibromotoluene",CC1=CC(=CC(=C1)Br)Br,6.23,DCM,0,C(Cl)Cl
"3,5-Dimethylbenzoyl_chloride",CC1=CC(=CC(=C1)C(=O)Cl)C,4.754,DCM,1,C(Cl)Cl
"3,6-Dimethoxy-9H-carbazole",COC1=CC2=C(C=C1)NC3=C2C=C(C=C3)OC,5.255,DCM,1,C(Cl)Cl
3-(2-Naphthyl)acrylic_acid,C1=CC=C2C=C(C=CC2=C1)/C=C/C(=O)O,5.054,DCM,0,C(Cl)Cl
3-(Phenylthio)propanoic-acid,C1=CC=C(C=C1)SCCC(=O)O,4.682,DCM,1,C(Cl)Cl
3-(tert-Butoxycarbonyl)benzoic_acid,CC(C)(C)OC(=O)C1=CC=CC(=C1)C(=O)O,5.126,DCM,1,C(Cl)Cl
3-Bromobenzoyl_chloride,C1=CC(=CC(=C1)Br)C(=O)Cl,4.835,DCM,1,C(Cl)Cl
3-Bromopropionyl_chloride,C(CBr)C(=O)Cl,2.918,DCM,1,C(Cl)Cl
3-Chloro-4-methoxyaniline,COC1=C(C=C(C=C1)N)Cl,3.019,DCM,1,C(Cl)Cl
3-[[(9H-Fluoren-9-ylmethoxy)carbonyl]amino]-2-naphthalenecarboxylic acid,C1=CC=C2C=C(C(=CC2=C1)C(=O)O)NC(=O)OCC3C4=CC=CC=C4C5=CC=CC=C35,6.491,DCM,0,C(Cl)Cl
"4,4',4''-Trimethoxytrityl chloride",COC1=CC=C(C=C1)C(C2=CC=C(C=C2)OC)(C3=CC=C(C=C3)OC)Cl,5.641,DCM,1,C(Cl)Cl
"4,4'-Dihydroxybiphenyl",C1=CC(=CC=C1C2=CC=C(C=C2)O)O,4.374,DCM,0,C(Cl)Cl
"4,4'-Dimethoxybenzophenone",COC1=CC=C(C=C1)C(=O)C2=CC=C(C=C2)OC,5.396,DCM,1,C(Cl)Cl
"4,4?,4??-(1,3,5-TRIAZINE-2,4,6-TRIYL)TRIBENZALDEHYDE",C1=CC(=CC=C1C=O)C2=NC(=NC(=N2)C3=CC=C(C=C3)C=O)C4=CC=C(C=C4)C=O,5.238,DCM,0,C(Cl)Cl
4-(Bromomethyl)benzoic_acid,C1=CC(=CC=C1CBr)C(=O)O,4.688,DCM,0,C(Cl)Cl
4-(Hydroxymethyl)phenylacetic-acid,C1=CC(=CC=C1CC(=O)O)CO,3.398,DCM,0,C(Cl)Cl
4-(Trifluoroacetyl)phenacyl-bromide,C1=CC(=CC=C1C(=O)CBr)C(=O)C(F)(F)F,4.708,DCM,0,C(Cl)Cl
4-(Trifluoromethyl)benzylamine,C1=CC(=CC=C1CN)C(F)(F)F,0.0,DCM,1,C(Cl)Cl
"4-Bromo-3,5-dimethoxybenzoic acid",COC1=CC(=CC(=C1Br)OC)C(=O)O,4.778,DCM,0,C(Cl)Cl
4-Bromo-L-phenylalanine,C1=CC(=CC=C1C[C@@H](C(=O)O)N)Br,3.24,DCM,0,C(Cl)Cl
4-Chlorobenzenesulfonic_acid,C1=CC(=CC=C1S(=O)(=O)O)Cl,4.811,DCM,1,C(Cl)Cl
4-Chloropyridine-3-carboxylic_acid,C1=CN=CC(=C1Cl)C(=O)O,1.327,DCM,0,C(Cl)Cl
"4-Hydroxy-3,5-diiodobenzoic acid",C1=C(C=C(C(=C1I)O)I)C(=O)O,4.728,DCM,0,C(Cl)Cl
4-Hydroxyphthalic_acid,C1=CC(=C(C=C1O)C(=O)O)C(=O)O,3.49,DCM,0,C(Cl)Cl
4-Methoxybiphenyl,COC1=CC=C(C=C1)C2=CC=CC=C2,5.826,DCM,1,C(Cl)Cl
4-Methoxytriphenylamine,COC1=CC=C(C=C1)N(C2=CC=CC=C2)C3=CC=CC=C3,6.436,DCM,1,C(Cl)Cl
4-tert-Butylbenzoyl_chloride,CC(C)(C)C1=CC=C(C=C1)C(=O)Cl,5.176,DCM,0,C(Cl)Cl
"5,7-Dimethyl-[1,2,4]triazolo[1,5-a]pyrimidine-2-carboxylic acid",CC1=CC(=NC2=NC(=NN12)C(=O)O)C,3.115,DCM,0,C(Cl)Cl
5-(Trifluoromethyl)indole,C1=CC2=C(C=CN2)C=C1C(F)(F)F,5.375,DCM,1,C(Cl)Cl
5-(Trifluoromethyl)pyridine-2-carboxaldehyde,C1=CC(=NC=C1C(F)(F)F)C=O,3.629,DCM,1,C(Cl)Cl
5-Bromo-2-furoic_acid,C1=C(OC(=C1)Br)C(=O)O,4.122,DCM,0,C(Cl)Cl
5-Bromo-2-phenylpyridine,C1=CC=C(C=C1)C2=NC=C(C=C2)Br,5.763,DCM,1,C(Cl)Cl
"6,6'-Dibromo-1,1'-bi-2-naphthol",C1=CC2=C(C=CC(=C2C3=C(C=CC4=C3C=CC(=C4)Br)O)O)C=C1Br,6.045,DCM,0,C(Cl)Cl
8-Isoquinolinecarboxaldehyde,C1=CC2=C(C=NC=C2)C(=C1)C=O,3.063,DCM,1,C(Cl)Cl
Allyl-alpha-D-glucopyranoside,C=CCO[C@@H]1[C@@H]([C@H]([C@@H]([C@H](O1)CO)O)O)O,0.0,DCM,0,C(Cl)Cl
Aniline-2-sulfonic_acid,C1=CC=C(C(=C1)N)S(=O)(=O)O,3.11,DCM,0,C(Cl)Cl
Bis(diphenylphosphino)methane,C1=CC=C(C=C1)P(CP(C2=CC=CC=C2)C3=CC=CC=C3)C4=CC=CC=C4,6.727,DCM,1,C(Cl)Cl
DL-beta-Phenylalanine,C1=CC=C(C=C1)C(CC(=O)O)N,1.093,DCM,0,C(Cl)Cl
Di-tert-butylcyclopentadiene,CC(C)(C)C1C=CC(=C1)C(C)(C)C,0.0,DCM,1,C(Cl)Cl
Dibenzyl-malonate,C1=CC=C(C=C1)COC(=O)CC(=O)OCC2=CC=CC=C2,5.638,DCM,1,C(Cl)Cl
Dibromomaleic-acid,C(=C(\C(=O)O)/Br)(\C(=O)O)/Br,4.937,DCM,0,C(Cl)Cl
Diethyl 4-Methoxyphenylphosphonate,CCOP(=O)(C1=CC=C(C=C1)OC)OCC,4.596,DCM,1,C(Cl)Cl
Diethyl_dibutylmalonate,CCCCC(CCCC)(C(=O)OCC)C(=O)OCC,0.0,DCM,1,C(Cl)Cl
Diethyl_phenylmalonate,CCOC(=O)C(C1=CC=CC=C1)C(=O)OCC,5.385,DCM,1,C(Cl)Cl
"Dimethyl 1,3-cyclohexadiene-1,4-dicarboxylate",COC(=O)C1=CC=C(CC1)C(=O)OC,5.028,DCM,1,C(Cl)Cl
"Dimethyl 2,2'-bipyridine-4,4'-dicarboxylate",COC(=O)C1=CC(=NC=C1)C2=NC=CC(=C2)C(=O)OC,5.269,DCM,0,C(Cl)Cl
Dimethyl-propargylmalonate,COC(=O)C(CC#C)C(=O)OC,0.0,DCM,1,C(Cl)Cl
Ethyl 2-cyclohexanoneacetate,CCOC(=O)CC1CCCCC1=O,4.697,DCM,1,C(Cl)Cl
Ethyl 3-thiopheneacetate,CCOC(=O)CC1=CSC=C1,5.044,DCM,1,C(Cl)Cl
"Ethyl 4,4,4-trifluoroacetoacetate",CCOC(=O)CC(=O)C(F)(F)F,3.849,DCM,1,C(Cl)Cl
Ethyl mesitylglyoxylate,CCOC(=O)C(=O)C1=C(C=C(C=C1C)C)C,5.691,DCM,1,C(Cl)Cl
Ethyl-3-oxohexanoate,CCCC(=O)CC(=O)OCC,4.619,DCM,1,C(Cl)Cl
Ethyl-4-bromocrotonate,CCOC(=O)/C=C/CBr,4.986,DCM,1,C(Cl)Cl
Ethyl-4-iodobenzoate,CCOC(=O)C1=CC=C(C=C1)I,5.872,DCM,1,C(Cl)Cl
FMOC-D-ORN(ALOC)-OH,C=CCOC(=O)NCCC[C@H](C(=O)O)NC(=O)OCC1C2=CC=CC=C2C3=CC=CC=C13,5.271,DCM,0,C(Cl)Cl
Flavanone,C1C(OC2=CC=CC=C2C1=O)C3=CC=CC=C3,5.511,DCM,1,C(Cl)Cl
Flufenamic-acid,C1=CC=C(C(=C1)C(=O)O)NC2=CC=CC(=C2)C(F)(F)F,5.775,DCM,0,C(Cl)Cl
Hematein,C1C2=CC(=C(C=C2C3=C4C=CC(=O)C(=C4OCC31O)O)O)O,4.766,DCM,0,C(Cl)Cl
METHYL 2-PHTHALIMIDOACETATE,COC(=O)CN1C(=O)C2=CC=CC=C2C1=O,4.552,DCM,1,C(Cl)Cl
"Methyl 6-oxo-1,6-dihydropyridine-2-carboxylate",COC(=O)C1=CC=CC(=O)N1,2.95,DCM,1,C(Cl)Cl
"Methyl-2,6-dimethoxybenzoate",COC1=C(C(=CC=C1)OC)C(=O)OC,4.678,DCM,1,C(Cl)Cl
Methyl-3-bromo-4-iodobenzoate,COC(=O)C1=CC(=C(C=C1)I)Br,5.904,DCM,1,C(Cl)Cl
"Methyl-6-Oxo-1,6-dihydropyridazine-3-carboxylate",COC(=O)C1=NNC(=O)C=C1,2.406,DCM,0,C(Cl)Cl
Methyl-diethylphosphonoacetate,CCOP(=O)(CC(=O)OC)OCC,3.718,DCM,1,C(Cl)Cl
N(im)-Trityl-L-histidine,C1=CC=C(C=C1)C(C2=CC=CC=C2)(C3=CC=CC=C3)N4C=C(N=C4)C[C@@H](C(=O)O)N,3.928,DCM,0,C(Cl)Cl
"N,N-Dimethyl-L-phenylalanine",CN(C)[C@@H](CC1=CC=CC=C1)C(=O)O,2.119,DCM,0,C(Cl)Cl
N-Acetyl-L-tryptophan,CC(=O)N[C@@H](CC1=CNC2=CC=CC=C21)C(=O)O,3.949,DCM,0,C(Cl)Cl
N-Benzylidenebenzylamine,C1=CC=C(C=C1)CN=CC2=CC=CC=C2,4.377,DCM,1,C(Cl)Cl
N-Phthaloylglycine,C1=CC=C2C(=C1)C(=O)N(C2=O)CC(=O)O,4.073,DCM,0,C(Cl)Cl
"N-[(1,1-Dimethylethoxy)carbonyl]-L-histidine methyl_ester",CC(C)(C)OC(=O)N[C@@H](CC1=CN=CN1)C(=O)OC,1.875,DCM,1,C(Cl)Cl
N-[(Phenylmethoxy)carbonyl]-O-(phenylmethyl)-L-serine_,C1=CC=C(C=C1)COC[C@@H](C(=O)O)NC(=O)OCC2=CC=CC=C2,5.197,DCM,1,C(Cl)Cl
"N6-[(1,1-Dimethylethoxy)carbonyl]-N2-[(9H-fluoren-9-ylmethoxy)carbonyl]-2-methyl-D-lysine",C[C@@](CCCCNC(=O)OC(C)(C)C)(C(=O)O)NC(=O)OCC1C2=CC=CC=C2C3=CC=CC=C13,5.699,DCM,1,C(Cl)Cl
"N6-[(1,1-Dimethylethoxy)carbonyl]-N2-[(phenylmethoxy)carbonyl]-L-lysine",CC(C)(C)OC(=O)NCCCC[C@@H](C(=O)O)NC(=O)OCC1=CC=CC=C1,5.033,DCM,1,C(Cl)Cl
Nalpha-[(9H-Fluoren-9-ylmethoxy)carbonyl]-L-threonine tert-Butyl-Ester,C[C@H]([C@@H](C(=O)OC(C)(C)C)NC(=O)OCC1C2=CC=CC=C2C3=CC=CC=C13)O,5.649,DCM,1,C(Cl)Cl
Phenyl-benzoate,C1=CC=C(C=C1)C(=O)OC2=CC=CC=C2,5.68,DCM,1,C(Cl)Cl
Pindolol,CC(C)NCC(COC1=CC=CC2=C1C=CN2)O,2.175,DCM,1,C(Cl)Cl
Protocatechuic_acid,C1=CC(=C(C=C1C(=O)O)O)O,2.834,DCM,0,C(Cl)Cl
Suberic_acid_monomethyl_ester,COC(=O)CCCCCCC(=O)O,4.292,DCM,0,C(Cl)Cl
Z-D-Glu-OBzl,C1=CC=C(C=C1)COC(=O)[C@@H](CCC(=O)O)NC(=O)OCC2=CC=CC=C2,5.091,DCM,1,C(Cl)Cl
Z-D-Phg-OH,C1=CC=C(C=C1)COC(=O)N[C@H](C2=CC=CC=C2)C(=O)O,5.081,DCM,1,C(Cl)Cl
"meso-1,2-Dibromo-1,2-diphenylethane",C1=CC=C(C=C1)C(C(C2=CC=CC=C2)Br)Br,5.994,DCM,1,C(Cl)Cl
mono-tert-Butyl_succinate,CC(C)(C)OC(=O)CCC(=O)O,4.186,DCM,0,C(Cl)Cl
pentafluorobenzyl-bromide,C(C1=C(C(=C(C(=C1F)F)F)F)F)Br,5.716,DCM,1,C(Cl)Cl
"trans-1,2-Bis(phenylsulfonyl)ethylene",C1=CC=C(C=C1)S(=O)(=O)/C=C/S(=O)(=O)C2=CC=CC=C2,5.192,DCM,0,C(Cl)Cl
trans-4-(9-Fluorenylmethyloxycarbonylaminomethyl)-cyclohexanoic_acid,C1CC(CCC1CNC(=O)OCC2C3=CC=CC=C3C4=CC=CC=C24)C(=O)O,5.311,DCM,0,C(Cl)Cl
trans-Aconitic-acid,C(/C(=C\C(=O)O)/C(=O)O)C(=O)O,1.606,DCM,0,C(Cl)Cl
(1-BROMOETHYL)BENZENE,CC(C1=CC=CC=C1)Br,3.927,DCM,1,C(Cl)Cl
"(2,6-Dioxo-piperidin-4-yl)-acetic_acid",C1C(CC(=O)NC1=O)CC(=O)O,0.0,DCM,0,C(Cl)Cl
(2-BENZYLOXYCARBONYLAMINO-ACETYLAMINO)-ACETIC_ACID,C1=CC=C(C=C1)COC(=O)NCC(=O)NCC(=O)O,3.676,DCM,0,C(Cl)Cl
(2S)-2-{[(9H-fluoren-9-ylmethoxy)carbonyl]amino}-4-hydroxybutanoic acid,C1=CC=C2C(=C1)C(C3=CC=CC=C32)COC(=O)N[C@@H](CCO)C(=O)O,3.301,DCM,0,C(Cl)Cl
"(2S,5S)-1-Hydroxy-2,5-diphenylphospholane 1-oxide",C1C[C@H](P(=O)([C@@H]1C2=CC=CC=C2)O)C3=CC=CC=C3,0.0,DCM,0,C(Cl)Cl
"(?S)-4-(1,1-Dimethylethoxy)-?-[[(9H-fluoren-9-ylmethoxy)carbonyl]amino]benzenebutanoic_acid",CC(C)(C)OC1=CC=C(C=C1)CC[C@@H](C(=O)O)NC(=O)OCC2C3=CC=CC=C3C4=CC=CC=C24,5.566,DCM,1,C(Cl)Cl
(R)-(-)-2-Methoxy-2-phenylethanol,CO[C@@H](CO)C1=CC=CC=C1,5.464,DCM,1,C(Cl)Cl
"(S)-(-)-2-Amino-3-methyl-1,1-diphenyl-1-butanol",CC(C)[C@@H](C(C1=CC=CC=C1)(C2=CC=CC=C2)O)N,3.94,DCM,1,C(Cl)Cl
(S)-Benzyl 2-(((S)-1-methoxy-4-methyl-1-oxopentan-2-yl)carbamoyl)pyrrolidine-1-carboxylate,CC(C)C[C@@H](C(=O)OC)NC(=O)[C@@H]1CCCN1C(=O)OCC2=CC=CC=C2,4.985,DCM,1,C(Cl)Cl
"1,1,1-Tris(4-hydroxyphenyl)ethane",CC(C1=CC=C(C=C1)O)(C2=CC=C(C=C2)O)C3=CC=C(C=C3)O,4.585,DCM,0,C(Cl)Cl
"1,1,3-Triphenylpropargyl alcohol",C1=CC=C(C=C1)C#CC(C2=CC=CC=C2)(C3=CC=CC=C3)O,4.48,DCM,1,C(Cl)Cl
"1,2-Bis(4-hydroxyphenyl)ethane-1,2-dione",C1=CC(=CC=C1C(=O)C(=O)C2=CC=C(C=C2)O)O,5.79,DCM,0,C(Cl)Cl
"1,3-Bis(trifluoromethyl)-5-bromobenzene",C1=C(C=C(C=C1C(F)(F)F)Br)C(F)(F)F,5.872,DCM,1,C(Cl)Cl
"1,3-Butanediol-diacrylate",CC(CCOC(=O)C=C)OC(=O)C=C,5.198,DCM,1,C(Cl)Cl
"1,3-Dimethyl 2-[(4-methoxyphenyl)methylene]propanedioate",COC1=CC=C(C=C1)C=C(C(=O)OC)C(=O)OC,3.099,DCM,1,C(Cl)Cl
"1,3-Diphenylacetone_p-tosylhydrazone",CC1=CC=C(C=C1)S(=O)(=O)NN=C(CC2=CC=CC=C2)CC3=CC=CC=C3,5.264,DCM,1,C(Cl)Cl
"1,4-Bis(bromomethyl)-2,3,5,6-tetrafluorobenzene_",C(C1=C(C(=C(C(=C1F)F)CBr)F)F)Br,5.595,DCM,1,C(Cl)Cl
"1,4-Cyclohexanedicarboxylic-acid",C1CC(CCC1C(=O)O)C(=O)O,4.829,DCM,0,C(Cl)Cl
"1,4-Dibromo-2,3-butanedione",C(C(=O)C(=O)CBr)Br,3.027,DCM,1,C(Cl)Cl
1-(4-Biphenyl)-1-ethanol,CC(C1=CC=C(C=C1)C2=CC=CC=C2)O,4.951,DCM,1,C(Cl)Cl
"1-(9H-Fluoren-9-ylmethyl) (2S,4S)-4-[[(1,1-dimethylethoxy)carbonyl]amino]-1,2-pyrrolidinedicarboxylate_",CC(C)(C)OC(=O)N[C@H]1C[C@H](N(C1)C(=O)OCC2C3=CC=CC=C3C4=CC=CC=C24)C(=O)O,5.201,DCM,1,C(Cl)Cl
1-(tert-Butoxycarbonyl)-4-[(9H-fluoren-9-ylmethoxy)carbonyl]-2-piperazinecarboxylic_acid,CC(C)(C)OC(=O)N1CCN(CC1C(=O)O)C(=O)OCC2C3=CC=CC=C3C4=CC=CC=C24,5.347,DCM,1,C(Cl)Cl
1-BROMO-3-METHYLBUTANE,CC(C)CCBr,0.0,DCM,1,C(Cl)Cl
1-Benzofuran-5-carboxylic_acid,C1=CC2=C(C=CO2)C=C1C(=O)O,4.373,DCM,0,C(Cl)Cl
1-Benzylpiperidine,C1CCN(CC1)CC2=CC=CC=C2,2.972,DCM,1,C(Cl)Cl
1-Bromo-4-(trifluoromethoxy)benzene,C1=CC(=CC=C1OC(F)(F)F)Br,5.208,DCM,1,C(Cl)Cl
1-Bromopentanemethylbenzene,CC1=C(C(=C(C(=C1C)C)Br)C)C,6.202,DCM,1,C(Cl)Cl
1-Phenyl-5-(trifluoromethyl)-1H-pyrazole-4-carboxylic_acid,C1=CC=C(C=C1)N2C(=C(C=N2)C(=O)O)C(F)(F)F,4.674,DCM,1,C(Cl)Cl
1-Pyrenemethanol,C1=CC2=C3C(=C1)C=CC4=C(C=CC(=C43)C=C2)CO,5.041,DCM,1,C(Cl)Cl
"1-Tosyl-2,5-dihydro-1H-pyrrole",CC1=CC=C(C=C1)S(=O)(=O)N2CC=CC2,4.944,DCM,1,C(Cl)Cl
"2,2"",4,4""-Tetramethylbenzophenone",CC1=CC(=C(C=C1)C(=O)C2=C(C=C(C=C2)C)C)C,5.821,DCM,1,C(Cl)Cl
"2,2,2-TRIFLUOROACETOPHENONE",C1=CC=C(C=C1)C(=O)C(F)(F)F,4.355,DCM,0,C(Cl)Cl
"2,3,4-Trifluorobenzoic acid",C1=CC(=C(C(=C1C(=O)O)F)F)F,4.155,DCM,1,C(Cl)Cl
"2,3,6,7,10,11-Hexamethoxytriphenylene",COC1=C(C=C2C(=C1)C3=CC(=C(C=C3C4=CC(=C(C=C24)OC)OC)OC)OC)OC,5.448,DCM,1,C(Cl)Cl
"2,4,6-Tris(bromomethyl)mesitylene",CC1=C(C(=C(C(=C1CBr)C)CBr)C)CBr,5.683,DCM,1,C(Cl)Cl
"2,4-Dichlorophenol",C1=CC(=C(C=C1Cl)Cl)O,4.854,DCM,1,C(Cl)Cl
"2,6-Bis[(4S)-4-phenyl-2-oxazolinyl]pyridine",C1[C@@H](N=C(O1)C2=NC(=CC=C2)C3=N[C@H](CO3)C4=CC=CC=C4)C5=CC=CC=C5,5.172,DCM,1,C(Cl)Cl
"2,6-Dichloroiodobenzene",C1=CC(=C(C(=C1)Cl)I)Cl,5.586,DCM,1,C(Cl)Cl
"2,6-Diisopropylphenol",CC(C)C1=C(C(=CC=C1)C(C)C)O,5.459,DCM,1,C(Cl)Cl
"2,6-Dimethoxy-1,4-benzoquinone",COC1=CC(=O)C=C(C1=O)OC,3.447,DCM,1,C(Cl)Cl
"2,6-Dimethoxybenzoyl_chloride",COC1=C(C(=CC=C1)OC)C(=O)Cl,3.663,DCM,1,C(Cl)Cl
2-(3-Chlorophenoxy)propionic-acid,CC(C(=O)O)OC1=CC(=CC=C1)Cl,4.514,DCM,1,C(Cl)Cl
2-(4-Chlorobenzoyl)benzoic_acid,C1=CC=C(C(=C1)C(=O)C2=CC=C(C=C2)Cl)C(=O)O,4.882,DCM,1,C(Cl)Cl
2-(Diphenylphosphino)benzoic-acid,C1=CC=C(C=C1)P(C2=CC=CC=C2)C3=CC=CC=C3C(=O)O,5.34,DCM,1,C(Cl)Cl
2-(Trifluoromethyl)pyridine-4-carboxylic_acid,C1=CN=C(C=C1C(=O)O)C(F)(F)F,3.656,DCM,0,C(Cl)Cl
2-Amino-4-phenylphenol,C1=CC=C(C=C1)C2=CC(=C(C=C2)O)N,5.338,DCM,0,C(Cl)Cl
2-Amino-6-bromopyridine,C1=CC(=NC(=C1)Br)N,3.885,DCM,1,C(Cl)Cl
2-Benzyloxybenzoic_acid,C1=CC=C(C=C1)COC2=CC=CC=C2C(=O)O,4.889,DCM,1,C(Cl)Cl
"2-Bromo-2',6'-diisopropoxy-1,1'-biphenyl",CC(C)OC1=C(C(=CC=C1)OC(C)C)C2=CC=CC=C2Br,6.072,DCM,1,C(Cl)Cl
2-Bromo-5-(trifluoromethyl)benzaldehyde,C1=CC(=C(C=C1C(F)(F)F)C=O)Br,5.384,DCM,1,C(Cl)Cl
2-Bromo-5-chlorotoluene,CC1=C(C=CC(=C1)Cl)Br,3.237,DCM,1,C(Cl)Cl
2-Bromoanthraquinone,C1=CC=C2C(=C1)C(=O)C3=C(C2=O)C=C(C=C3)Br,5.589,DCM,1,C(Cl)Cl
2-Bromonaphthalen-1-ol,C1=CC=C2C(=C1)C=CC(=C2O)Br,5.236,DCM,1,C(Cl)Cl
2-Bromophenethylamine,C1=CC=C(C(=C1)CCN)Br,3.177,DCM,1,C(Cl)Cl
2-Bromotoluene,CC1=CC=CC=C1Br,5.409,DCM,1,C(Cl)Cl
2-Hydroxy-4-(trifluoromethyl)aniline,C1=CC(=C(C=C1C(F)(F)F)O)N,4.598,DCM,0,C(Cl)Cl
2-Iodobenzaldehyde,C1=CC=C(C(=C1)C=O)I,4.958,DCM,1,C(Cl)Cl
2-Iodobenzyl_bromide,C1=CC=C(C(=C1)CBr)I,3.862,DCM,1,C(Cl)Cl
2-Iodopyridine,C1=CC=NC(=C1)I,4.131,DCM,1,C(Cl)Cl
2-Isopropylthioxanthone,CC(C)C1=CC2=C(C=C1)SC3=CC=CC=C3C2=O,5.888,DCM,1,C(Cl)Cl
"2-Methyl-5-(trifluoromethyl)-1,3-benzoxazole",CC1=NC2=C(O1)C=CC(=C2)C(F)(F)F,5.112,DCM,1,C(Cl)Cl
"3,3-Dimethyl-1-indanone",CC1(CC(=O)C2=CC=CC=C21)C,4.854,DCM,1,C(Cl)Cl
"3,4,5-TRIBROMO-1H-PYRAZOLE",C1(=C(NN=C1Br)Br)Br,4.747,DCM,0,C(Cl)Cl
"3,4,7,8-Tetramethyl-1,10-phenanthroline",CC1=CN=C2C(=C1C)C=CC3=C(C(=CN=C32)C)C,3.915,DCM,1,C(Cl)Cl
"3,5-Di-tert-butylbenzoic acid",CC(C)(C)C1=CC(=CC(=C1)C(=O)O)C(C)(C)C,5.448,DCM,1,C(Cl)Cl
"3,5-Dibromotoluene",CC1=CC(=CC(=C1)Br)Br,3.23,DCM,0,C(Cl)Cl
"3,5-Dimethylbenzoyl_chloride",CC1=CC(=CC(=C1)C(=O)Cl)C,4.64,DCM,1,C(Cl)Cl
"3,6-Dimethoxy-9H-carbazole",COC1=CC2=C(C=C1)NC3=C2C=C(C=C3)OC,5.178,DCM,1,C(Cl)Cl
3-(2-Naphthyl)acrylic_acid,C1=CC=C2C=C(C=CC2=C1)/C=C/C(=O)O,4.88,DCM,0,C(Cl)Cl
3-(Phenylthio)propanoic-acid,C1=CC=C(C=C1)SCCC(=O)O,4.525,DCM,1,C(Cl)Cl
3-(tert-Butoxycarbonyl)benzoic_acid,CC(C)(C)OC(=O)C1=CC=CC(=C1)C(=O)O,4.895,DCM,1,C(Cl)Cl
3-Bromobenzoyl_chloride,C1=CC(=CC(=C1)Br)C(=O)Cl,4.514,DCM,1,C(Cl)Cl
3-Bromopropionyl_chloride,C(CBr)C(=O)Cl,5.916,DCM,1,C(Cl)Cl
3-Chloro-4-methoxyaniline,COC1=C(C=C(C=C1)N)Cl,3.047,DCM,1,C(Cl)Cl
3-[[(9H-Fluoren-9-ylmethoxy)carbonyl]amino]-2-naphthalenecarboxylic acid,C1=CC=C2C=C(C(=CC2=C1)C(=O)O)NC(=O)OCC3C4=CC=CC=C4C5=CC=CC=C35,5.821,DCM,0,C(Cl)Cl
"4,4',4''-Trimethoxytrityl chloride",COC1=CC=C(C=C1)C(C2=CC=C(C=C2)OC)(C3=CC=C(C=C3)OC)Cl,5.637,DCM,1,C(Cl)Cl
"4,4'-Dihydroxybiphenyl",C1=CC(=CC=C1C2=CC=C(C=C2)O)O,4.349,DCM,0,C(Cl)Cl
"4,4'-Dimethoxybenzophenone",COC1=CC=C(C=C1)C(=O)C2=CC=C(C=C2)OC,5.198,DCM,1,C(Cl)Cl
"4,4?,4??-(1,3,5-TRIAZINE-2,4,6-TRIYL)TRIBENZALDEHYDE",C1=CC(=CC=C1C=O)C2=NC(=NC(=N2)C3=CC=C(C=C3)C=O)C4=CC=C(C=C4)C=O,5.079,DCM,0,C(Cl)Cl
4-(Bromomethyl)benzoic_acid,C1=CC(=CC=C1CBr)C(=O)O,4.519,DCM,0,C(Cl)Cl
4-(Hydroxymethyl)phenylacetic-acid,C1=CC(=CC=C1CC(=O)O)CO,5.497,DCM,0,C(Cl)Cl
4-(Trifluoroacetyl)phenacyl-bromide,C1=CC(=CC=C1C(=O)CBr)C(=O)C(F)(F)F,4.658,DCM,0,C(Cl)Cl
4-(Trifluoromethyl)benzylamine,C1=CC(=CC=C1CN)C(F)(F)F,3.315,DCM,1,C(Cl)Cl
"4-Bromo-3,5-dimethoxybenzoic acid",COC1=CC(=CC(=C1Br)OC)C(=O)O,4.615,DCM,0,C(Cl)Cl
4-Bromo-L-phenylalanine,C1=CC(=CC=C1C[C@@H](C(=O)O)N)Br,0.0,DCM,0,C(Cl)Cl
4-Chlorobenzenesulfonic_acid,C1=CC(=CC=C1S(=O)(=O)O)Cl,2.148,DCM,1,C(Cl)Cl
4-Chloropyridine-3-carboxylic_acid,C1=CN=CC(=C1Cl)C(=O)O,1.342,DCM,0,C(Cl)Cl
"4-Hydroxy-3,5-diiodobenzoic acid",C1=C(C=C(C(=C1I)O)I)C(=O)O,4.482,DCM,0,C(Cl)Cl
4-Hydroxyphthalic_acid,C1=CC(=C(C=C1O)C(=O)O)C(=O)O,1.768,DCM,0,C(Cl)Cl
4-Methoxybiphenyl,COC1=CC=C(C=C1)C2=CC=CC=C2,5.52,DCM,1,C(Cl)Cl
4-Methoxytriphenylamine,COC1=CC=C(C=C1)N(C2=CC=CC=C2)C3=CC=CC=C3,5.874,DCM,1,C(Cl)Cl
4-tert-Butylbenzoyl_chloride,CC(C)(C)C1=CC=C(C=C1)C(=O)Cl,4.945,DCM,0,C(Cl)Cl
"5,7-Dimethyl-[1,2,4]triazolo[1,5-a]pyrimidine-2-carboxylic acid",CC1=CC(=NC2=NC(=NN12)C(=O)O)C,0.0,DCM,0,C(Cl)Cl
5-(Trifluoromethyl)indole,C1=CC2=C(C=CN2)C=C1C(F)(F)F,5.318,DCM,1,C(Cl)Cl
5-(Trifluoromethyl)pyridine-2-carboxaldehyde,C1=CC(=NC=C1C(F)(F)F)C=O,3.624,DCM,1,C(Cl)Cl
5-Bromo-2-furoic_acid,C1=C(OC(=C1)Br)C(=O)O,3.206,DCM,0,C(Cl)Cl
5-Bromo-2-phenylpyridine,C1=CC=C(C=C1)C2=NC=C(C=C2)Br,5.416,DCM,1,C(Cl)Cl
"6,6'-Dibromo-1,1'-bi-2-naphthol",C1=CC2=C(C=CC(=C2C3=C(C=CC4=C3C=CC(=C4)Br)O)O)C=C1Br,5.583,DCM,0,C(Cl)Cl
8-Isoquinolinecarboxaldehyde,C1=CC2=C(C=NC=C2)C(=C1)C=O,4.702,DCM,1,C(Cl)Cl
Allyl-alpha-D-glucopyranoside,C=CCO[C@@H]1[C@@H]([C@H]([C@@H]([C@H](O1)CO)O)O)O,0.0,DCM,0,C(Cl)Cl
Aniline-2-sulfonic_acid,C1=CC=C(C(=C1)N)S(=O)(=O)O,0.0,DCM,0,C(Cl)Cl
Bis(diphenylphosphino)methane,C1=CC=C(C=C1)P(CP(C2=CC=CC=C2)C3=CC=CC=C3)C4=CC=CC=C4,6.087,DCM,1,C(Cl)Cl
DL-beta-Phenylalanine,C1=CC=C(C=C1)C(CC(=O)O)N,0.0,DCM,0,C(Cl)Cl
Di-tert-butylcyclopentadiene,CC(C)(C)C1C=CC(=C1)C(C)(C)C,4.495,DCM,1,C(Cl)Cl
Dibenzyl-malonate,C1=CC=C(C=C1)COC(=O)CC(=O)OCC2=CC=CC=C2,5.438,DCM,1,C(Cl)Cl
Dibromomaleic-acid,C(=C(\C(=O)O)/Br)(\C(=O)O)/Br,2.41,DCM,0,C(Cl)Cl
Diethyl 4-Methoxyphenylphosphonate,CCOP(=O)(C1=CC=C(C=C1)OC)OCC,5.367,DCM,1,C(Cl)Cl
Diethyl_dibutylmalonate,CCCCC(CCCC)(C(=O)OCC)C(=O)OCC,5.916,DCM,1,C(Cl)Cl
Diethyl_phenylmalonate,CCOC(=O)C(C1=CC=CC=C1)C(=O)OCC,5.198,DCM,1,C(Cl)Cl
"Dimethyl 1,3-cyclohexadiene-1,4-dicarboxylate",COC(=O)C1=CC=C(CC1)C(=O)OC,5.562,DCM,1,C(Cl)Cl
"Dimethyl 2,2'-bipyridine-4,4'-dicarboxylate",COC(=O)C1=CC(=NC=C1)C2=NC=CC(=C2)C(=O)OC,4.999,DCM,0,C(Cl)Cl
Dimethyl-propargylmalonate,COC(=O)C(CC#C)C(=O)OC,4.303,DCM,1,C(Cl)Cl
Ethyl 2-cyclohexanoneacetate,CCOC(=O)CC1CCCCC1=O,4.504,DCM,1,C(Cl)Cl
Ethyl 3-thiopheneacetate,CCOC(=O)CC1=CSC=C1,4.873,DCM,1,C(Cl)Cl
"Ethyl 4,4,4-trifluoroacetoacetate",CCOC(=O)CC(=O)C(F)(F)F,3.766,DCM,1,C(Cl)Cl
Ethyl mesitylglyoxylate,CCOC(=O)C(=O)C1=C(C=C(C=C1C)C)C,4.246,DCM,1,C(Cl)Cl
Ethyl-3-oxohexanoate,CCCC(=O)CC(=O)OCC,4.475,DCM,1,C(Cl)Cl
Ethyl-4-bromocrotonate,CCOC(=O)/C=C/CBr,4.813,DCM,1,C(Cl)Cl
Ethyl-4-iodobenzoate,CCOC(=O)C1=CC=C(C=C1)I,5.45,DCM,1,C(Cl)Cl
FMOC-D-ORN(ALOC)-OH,C=CCOC(=O)NCCC[C@H](C(=O)O)NC(=O)OCC1C2=CC=CC=C2C3=CC=CC=C13,5.026,DCM,0,C(Cl)Cl
Flavanone,C1C(OC2=CC=CC=C2C1=O)C3=CC=CC=C3,5.282,DCM,1,C(Cl)Cl
Flufenamic-acid,C1=CC=C(C(=C1)C(=O)O)NC2=CC=CC(=C2)C(F)(F)F,5.47,DCM,0,C(Cl)Cl
Hematein,C1C2=CC(=C(C=C2C3=C4C=CC(=O)C(=C4OCC31O)O)O)O,4.551,DCM,0,C(Cl)Cl
METHYL 2-PHTHALIMIDOACETATE,COC(=O)CN1C(=O)C2=CC=CC=C2C1=O,4.468,DCM,1,C(Cl)Cl
"Methyl 6-oxo-1,6-dihydropyridine-2-carboxylate",COC(=O)C1=CC=CC(=O)N1,2.625,DCM,1,C(Cl)Cl
"Methyl-2,6-dimethoxybenzoate",COC1=C(C(=CC=C1)OC)C(=O)OC,4.622,DCM,1,C(Cl)Cl
Methyl-3-bromo-4-iodobenzoate,COC(=O)C1=CC(=C(C=C1)I)Br,5.478,DCM,1,C(Cl)Cl
"Methyl-6-Oxo-1,6-dihydropyridazine-3-carboxylate",COC(=O)C1=NNC(=O)C=C1,2.019,DCM,0,C(Cl)Cl
Methyl-diethylphosphonoacetate,CCOP(=O)(CC(=O)OC)OCC,3.649,DCM,1,C(Cl)Cl
N(im)-Trityl-L-histidine,C1=CC=C(C=C1)C(C2=CC=CC=C2)(C3=CC=CC=C3)N4C=C(N=C4)C[C@@H](C(=O)O)N,4.144,DCM,0,C(Cl)Cl
"N,N-Dimethyl-L-phenylalanine",CN(C)[C@@H](CC1=CC=CC=C1)C(=O)O,1.754,DCM,0,C(Cl)Cl
N-Acetyl-L-tryptophan,CC(=O)N[C@@H](CC1=CNC2=CC=CC=C21)C(=O)O,3.804,DCM,0,C(Cl)Cl
N-Benzylidenebenzylamine,C1=CC=C(C=C1)CN=CC2=CC=CC=C2,4.253,DCM,1,C(Cl)Cl
N-Phthaloylglycine,C1=CC=C2C(=C1)C(=O)N(C2=O)CC(=O)O,3.537,DCM,0,C(Cl)Cl
"N-[(1,1-Dimethylethoxy)carbonyl]-L-histidine methyl_ester",CC(C)(C)OC(=O)N[C@@H](CC1=CN=CN1)C(=O)OC,3.194,DCM,1,C(Cl)Cl
N-[(Phenylmethoxy)carbonyl]-O-(phenylmethyl)-L-serine_,C1=CC=C(C=C1)COC[C@@H](C(=O)O)NC(=O)OCC2=CC=CC=C2,4.91,DCM,1,C(Cl)Cl
"N6-[(1,1-Dimethylethoxy)carbonyl]-N2-[(9H-fluoren-9-ylmethoxy)carbonyl]-2-methyl-D-lysine",C[C@@](CCCCNC(=O)OC(C)(C)C)(C(=O)O)NC(=O)OCC1C2=CC=CC=C2C3=CC=CC=C13,5.359,DCM,1,C(Cl)Cl
"N6-[(1,1-Dimethylethoxy)carbonyl]-N2-[(phenylmethoxy)carbonyl]-L-lysine",CC(C)(C)OC(=O)NCCCC[C@@H](C(=O)O)NC(=O)OCC1=CC=CC=C1,4.837,DCM,1,C(Cl)Cl
Nalpha-[(9H-Fluoren-9-ylmethoxy)carbonyl]-L-threonine tert-Butyl-Ester,C[C@H]([C@@H](C(=O)OC(C)(C)C)NC(=O)OCC1C2=CC=CC=C2C3=CC=CC=C13)O,5.403,DCM,1,C(Cl)Cl
Phenyl-benzoate,C1=CC=C(C=C1)C(=O)OC2=CC=CC=C2,5.429,DCM,1,C(Cl)Cl
Pindolol,CC(C)NCC(COC1=CC=CC2=C1C=CN2)O,3.378,DCM,1,C(Cl)Cl
Protocatechuic_acid,C1=CC(=C(C=C1C(=O)O)O)O,2.706,DCM,0,C(Cl)Cl
Suberic_acid_monomethyl_ester,COC(=O)CCCCCCC(=O)O,4.178,DCM,0,C(Cl)Cl
Z-D-Glu-OBzl,C1=CC=C(C=C1)COC(=O)[C@@H](CCC(=O)O)NC(=O)OCC2=CC=CC=C2,4.963,DCM,1,C(Cl)Cl
Z-D-Phg-OH,C1=CC=C(C=C1)COC(=O)N[C@H](C2=CC=CC=C2)C(=O)O,4.698,DCM,1,C(Cl)Cl
"meso-1,2-Dibromo-1,2-diphenylethane",C1=CC=C(C=C1)C(C(C2=CC=CC=C2)Br)Br,5.646,DCM,1,C(Cl)Cl
mono-tert-Butyl_succinate,CC(C)(C)OC(=O)CCC(=O)O,4.07,DCM,0,C(Cl)Cl
pentafluorobenzyl-bromide,C(C1=C(C(=C(C(=C1F)F)F)F)F)Br,3.384,DCM,1,C(Cl)Cl
"trans-1,2-Bis(phenylsulfonyl)ethylene",C1=CC=C(C=C1)S(=O)(=O)/C=C/S(=O)(=O)C2=CC=CC=C2,5.132,DCM,0,C(Cl)Cl
trans-4-(9-Fluorenylmethyloxycarbonylaminomethyl)-cyclohexanoic_acid,C1CC(CCC1CNC(=O)OCC2C3=CC=CC=C3C4=CC=CC=C24)C(=O)O,5.095,DCM,0,C(Cl)Cl
trans-Aconitic-acid,C(/C(=C\C(=O)O)/C(=O)O)C(=O)O,0.0,DCM,0,C(Cl)Cl
(1-BROMOETHYL)BENZENE,CC(C1=CC=CC=C1)Br,0.0,DCM,1,C(Cl)Cl
"(2,6-Dioxo-piperidin-4-yl)-acetic_acid",C1C(CC(=O)NC1=O)CC(=O)O,3.569,DCM,0,C(Cl)Cl
(2-BENZYLOXYCARBONYLAMINO-ACETYLAMINO)-ACETIC_ACID,C1=CC=C(C=C1)COC(=O)NCC(=O)NCC(=O)O,0.0,DCM,0,C(Cl)Cl
(2S)-2-{[(9H-fluoren-9-ylmethoxy)carbonyl]amino}-4-hydroxybutanoic acid,C1=CC=C2C(=C1)C(C3=CC=CC=C32)COC(=O)N[C@@H](CCO)C(=O)O,3.732,DCM,0,C(Cl)Cl
"(2S,5S)-1-Hydroxy-2,5-diphenylphospholane 1-oxide",C1C[C@H](P(=O)([C@@H]1C2=CC=CC=C2)O)C3=CC=CC=C3,0.0,DCM,0,C(Cl)Cl
"(?S)-4-(1,1-Dimethylethoxy)-?-[[(9H-fluoren-9-ylmethoxy)carbonyl]amino]benzenebutanoic_acid",CC(C)(C)OC1=CC=C(C=C1)CC[C@@H](C(=O)O)NC(=O)OCC2C3=CC=CC=C3C4=CC=CC=C24,6.277,DCM,1,C(Cl)Cl
(R)-(-)-2-Methoxy-2-phenylethanol,CO[C@@H](CO)C1=CC=CC=C1,4.365,DCM,1,C(Cl)Cl
"(S)-(-)-2-Amino-3-methyl-1,1-diphenyl-1-butanol",CC(C)[C@@H](C(C1=CC=CC=C1)(C2=CC=CC=C2)O)N,3.014,DCM,1,C(Cl)Cl
(S)-Benzyl 2-(((S)-1-methoxy-4-methyl-1-oxopentan-2-yl)carbamoyl)pyrrolidine-1-carboxylate,CC(C)C[C@@H](C(=O)OC)NC(=O)[C@@H]1CCCN1C(=O)OCC2=CC=CC=C2,5.47,DCM,1,C(Cl)Cl
"1,1,1-Tris(4-hydroxyphenyl)ethane",CC(C1=CC=C(C=C1)O)(C2=CC=C(C=C2)O)C3=CC=C(C=C3)O,5.602,DCM,0,C(Cl)Cl
"1,1,3-Triphenylpropargyl alcohol",C1=CC=C(C=C1)C#CC(C2=CC=CC=C2)(C3=CC=CC=C3)O,6.401,DCM,1,C(Cl)Cl
"1,2-Bis(4-hydroxyphenyl)ethane-1,2-dione",C1=CC(=CC=C1C(=O)C(=O)C2=CC=C(C=C2)O)O,5.685,DCM,0,C(Cl)Cl
"1,3-Bis(trifluoromethyl)-5-bromobenzene",C1=C(C=C(C=C1C(F)(F)F)Br)C(F)(F)F,6.506,DCM,1,C(Cl)Cl
"1,3-Butanediol-diacrylate",CC(CCOC(=O)C=C)OC(=O)C=C,5.31,DCM,1,C(Cl)Cl
"1,3-Dimethyl 2-[(4-methoxyphenyl)methylene]propanedioate",COC1=CC=C(C=C1)C=C(C(=O)OC)C(=O)OC,5.496,DCM,1,C(Cl)Cl
"1,3-Diphenylacetone_p-tosylhydrazone",CC1=CC=C(C=C1)S(=O)(=O)NN=C(CC2=CC=CC=C2)CC3=CC=CC=C3,6.301,DCM,1,C(Cl)Cl
"1,4-Bis(bromomethyl)-2,3,5,6-tetrafluorobenzene_",C(C1=C(C(=C(C(=C1F)F)CBr)F)F)Br,6.311,DCM,1,C(Cl)Cl
"1,4-Cyclohexanedicarboxylic-acid",C1CC(CCC1C(=O)O)C(=O)O,5.063,DCM,0,C(Cl)Cl
"1,4-Dibromo-2,3-butanedione",C(C(=O)C(=O)CBr)Br,4.258,DCM,1,C(Cl)Cl
1-(4-Biphenyl)-1-ethanol,CC(C1=CC=C(C=C1)C2=CC=CC=C2)O,5.763,DCM,1,C(Cl)Cl
"1-(9H-Fluoren-9-ylmethyl) (2S,4S)-4-[[(1,1-dimethylethoxy)carbonyl]amino]-1,2-pyrrolidinedicarboxylate_",CC(C)(C)OC(=O)N[C@H]1C[C@H](N(C1)C(=O)OCC2C3=CC=CC=C3C4=CC=CC=C24)C(=O)O,0.0,DCM,1,C(Cl)Cl
1-(tert-Butoxycarbonyl)-4-[(9H-fluoren-9-ylmethoxy)carbonyl]-2-piperazinecarboxylic_acid,CC(C)(C)OC(=O)N1CCN(CC1C(=O)O)C(=O)OCC2C3=CC=CC=C3C4=CC=CC=C24,0.0,DCM,1,C(Cl)Cl
1-BROMO-3-METHYLBUTANE,CC(C)CCBr,6.308,DCM,1,C(Cl)Cl
1-Benzofuran-5-carboxylic_acid,C1=CC2=C(C=CO2)C=C1C(=O)O,0.0,DCM,0,C(Cl)Cl
1-Benzylpiperidine,C1CCN(CC1)CC2=CC=CC=C2,0.0,DCM,1,C(Cl)Cl
1-Bromo-4-(trifluoromethoxy)benzene,C1=CC(=CC=C1OC(F)(F)F)Br,6.395,DCM,1,C(Cl)Cl
1-Bromopentanemethylbenzene,CC1=C(C(=C(C(=C1C)C)Br)C)C,0.0,DCM,1,C(Cl)Cl
1-Phenyl-5-(trifluoromethyl)-1H-pyrazole-4-carboxylic_acid,C1=CC=C(C=C1)N2C(=C(C=N2)C(=O)O)C(F)(F)F,6.759,DCM,1,C(Cl)Cl
1-Pyrenemethanol,C1=CC2=C3C(=C1)C=CC4=C(C=CC(=C43)C=C2)CO,6.426,DCM,1,C(Cl)Cl
"1-Tosyl-2,5-dihydro-1H-pyrrole",CC1=CC=C(C=C1)S(=O)(=O)N2CC=CC2,5.458,DCM,1,C(Cl)Cl
"2,2"",4,4""-Tetramethylbenzophenone",CC1=CC(=C(C=C1)C(=O)C2=C(C=C(C=C2)C)C)C,0.0,DCM,1,C(Cl)Cl
"2,2,2-TRIFLUOROACETOPHENONE",C1=CC=C(C=C1)C(=O)C(F)(F)F,4.892,DCM,0,C(Cl)Cl
"2,3,4-Trifluorobenzoic acid",C1=CC(=C(C(=C1C(=O)O)F)F)F,0.0,DCM,1,C(Cl)Cl
"2,3,6,7,10,11-Hexamethoxytriphenylene",COC1=C(C=C2C(=C1)C3=CC(=C(C=C3C4=CC(=C(C=C24)OC)OC)OC)OC)OC,6.081,DCM,1,C(Cl)Cl
"2,4,6-Tris(bromomethyl)mesitylene",CC1=C(C(=C(C(=C1CBr)C)CBr)C)CBr,6.749,DCM,1,C(Cl)Cl
"2,4-Dichlorophenol",C1=CC(=C(C=C1Cl)Cl)O,6.191,DCM,1,C(Cl)Cl
"2,6-Bis[(4S)-4-phenyl-2-oxazolinyl]pyridine",C1[C@@H](N=C(O1)C2=NC(=CC=C2)C3=N[C@H](CO3)C4=CC=CC=C4)C5=CC=CC=C5,5.752,DCM,1,C(Cl)Cl
"2,6-Dichloroiodobenzene",C1=CC(=C(C(=C1)Cl)I)Cl,6.749,DCM,1,C(Cl)Cl
"2,6-Diisopropylphenol",CC(C)C1=C(C(=CC=C1)C(C)C)O,6.456,DCM,1,C(Cl)Cl
"2,6-Dimethoxy-1,4-benzoquinone",COC1=CC(=O)C=C(C1=O)OC,3.784,DCM,1,C(Cl)Cl
"2,6-Dimethoxybenzoyl_chloride",COC1=C(C(=CC=C1)OC)C(=O)Cl,0.0,DCM,1,C(Cl)Cl
2-(3-Chlorophenoxy)propionic-acid,CC(C(=O)O)OC1=CC(=CC=C1)Cl,0.0,DCM,1,C(Cl)Cl
2-(4-Chlorobenzoyl)benzoic_acid,C1=CC=C(C(=C1)C(=O)C2=CC=C(C=C2)Cl)C(=O)O,0.0,DCM,1,C(Cl)Cl
2-(Diphenylphosphino)benzoic-acid,C1=CC=C(C=C1)P(C2=CC=CC=C2)C3=CC=CC=C3C(=O)O,0.0,DCM,1,C(Cl)Cl
2-(Trifluoromethyl)pyridine-4-carboxylic_acid,C1=CN=C(C=C1C(=O)O)C(F)(F)F,0.0,DCM,0,C(Cl)Cl
2-Amino-4-phenylphenol,C1=CC=C(C=C1)C2=CC(=C(C=C2)O)N,4.969,DCM,0,C(Cl)Cl
2-Amino-6-bromopyridine,C1=CC(=NC(=C1)Br)N,4.595,DCM,1,C(Cl)Cl
2-Benzyloxybenzoic_acid ,C1=CC=C(C=C1)COC2=CC=CC=C2C(=O)O,6.665,DCM,1,C(Cl)Cl
"2-Bromo-2',6'-diisopropoxy-1,1'-biphenyl",CC(C)OC1=C(C(=CC=C1)OC(C)C)C2=CC=CC=C2Br,0.0,DCM,1,C(Cl)Cl
2-Bromo-5-(trifluoromethyl)benzaldehyde,C1=CC(=C(C=C1C(F)(F)F)C=O)Br,6.015,DCM,1,C(Cl)Cl
2-Bromo-5-chlorotoluene,CC1=C(C=CC(=C1)Cl)Br,6.784,DCM,1,C(Cl)Cl
2-Bromoanthraquinone,C1=CC=C2C(=C1)C(=O)C3=C(C2=O)C=C(C=C3)Br,0.0,DCM,1,C(Cl)Cl
2-Bromonaphthalen-1-ol,C1=CC=C2C(=C1)C=CC(=C2O)Br,6.324,DCM,1,C(Cl)Cl
2-Bromophenethylamine,C1=CC=C(C(=C1)CCN)Br,0.0,DCM,1,C(Cl)Cl
2-Bromotoluene,CC1=CC=CC=C1Br,6.386,DCM,1,C(Cl)Cl
2-Hydroxy-4-(trifluoromethyl)aniline,C1=CC(=C(C=C1C(F)(F)F)O)N,5.296,DCM,0,C(Cl)Cl
2-Iodobenzaldehyde,C1=CC=C(C(=C1)C=O)I,5.768,DCM,1,C(Cl)Cl
2-Iodobenzyl_bromide,C1=CC=C(C(=C1)CBr)I,6.329,DCM,1,C(Cl)Cl
2-Iodopyridine,C1=CC=NC(=C1)I,4.887,DCM,1,C(Cl)Cl
2-Isopropylthioxanthone,CC(C)C1=CC2=C(C=C1)SC3=CC=CC=C3C2=O,0.0,DCM,1,C(Cl)Cl
"2-Methyl-5-(trifluoromethyl)-1,3-benzoxazole",CC1=NC2=C(O1)C=CC(=C2)C(F)(F)F,5.575,DCM,1,C(Cl)Cl
"3,3-Dimethyl-1-indanone",CC1(CC(=O)C2=CC=CC=C21)C,5.447,DCM,1,C(Cl)Cl
"3,4,5-TRIBROMO-1H-PYRAZOLE",C1(=C(NN=C1Br)Br)Br,6.39,DCM,0,C(Cl)Cl
"3,4,7,8-Tetramethyl-1,10-phenanthroline",CC1=CN=C2C(=C1C)C=CC3=C(C(=CN=C32)C)C,3.501,DCM,1,C(Cl)Cl
"3,5-Di-tert-butylbenzoic acid",CC(C)(C)C1=CC(=CC(=C1)C(=O)O)C(C)(C)C,0.0,DCM,1,C(Cl)Cl
"3,5-Dibromotoluene",CC1=CC(=CC(=C1)Br)Br,0.0,DCM,0,C(Cl)Cl
"3,5-Dimethylbenzoyl_chloride",CC1=CC(=CC(=C1)C(=O)Cl)C,0.0,DCM,1,C(Cl)Cl
"3,6-Dimethoxy-9H-carbazole",COC1=CC2=C(C=C1)NC3=C2C=C(C=C3)OC,5.86,DCM,1,C(Cl)Cl
3-(2-Naphthyl)acrylic_acid,C1=CC=C2C=C(C=CC2=C1)/C=C/C(=O)O,0.0,DCM,0,C(Cl)Cl
3-(Phenylthio)propanoic-acid,C1=CC=C(C=C1)SCCC(=O)O,0.0,DCM,1,C(Cl)Cl
3-(tert-Butoxycarbonyl)benzoic_acid,CC(C)(C)OC(=O)C1=CC=CC(=C1)C(=O)O,0.0,DCM,1,C(Cl)Cl
3-Bromobenzoyl_chloride,C1=CC(=CC(=C1)Br)C(=O)Cl,0.0,DCM,1,C(Cl)Cl
3-Bromopropionyl_chloride,C(CBr)C(=O)Cl,0.0,DCM,1,C(Cl)Cl
3-Chloro-4-methoxyaniline,COC1=C(C=C(C=C1)N)Cl,3.349,DCM,1,C(Cl)Cl
3-[[(9H-Fluoren-9-ylmethoxy)carbonyl]amino]-2-naphthalenecarboxylic acid,C1=CC=C2C=C(C(=CC2=C1)C(=O)O)NC(=O)OCC3C4=CC=CC=C4C5=CC=CC=C35,5.672,DCM,0,C(Cl)Cl
"4,4',4''-Trimethoxytrityl chloride",COC1=CC=C(C=C1)C(C2=CC=C(C=C2)OC)(C3=CC=C(C=C3)OC)Cl,6.038,DCM,1,C(Cl)Cl
"4,4'-Dihydroxybiphenyl",C1=CC(=CC=C1C2=CC=C(C=C2)O)O,5.345,DCM,0,C(Cl)Cl
"4,4'-Dimethoxybenzophenone",COC1=CC=C(C=C1)C(=O)C2=CC=C(C=C2)OC,5.848,DCM,1,C(Cl)Cl
"4,4?,4??-(1,3,5-TRIAZINE-2,4,6-TRIYL)TRIBENZALDEHYDE",C1=CC(=CC=C1C=O)C2=NC(=NC(=N2)C3=CC=C(C=C3)C=O)C4=CC=C(C=C4)C=O,5.916,DCM,0,C(Cl)Cl
4-(Bromomethyl)benzoic_acid,C1=CC(=CC=C1CBr)C(=O)O,0.0,DCM,0,C(Cl)Cl
4-(Hydroxymethyl)phenylacetic-acid,C1=CC(=CC=C1CC(=O)O)CO,4.948,DCM,0,C(Cl)Cl
4-(Trifluoroacetyl)phenacyl-bromide,C1=CC(=CC=C1C(=O)CBr)C(=O)C(F)(F)F,5.209,DCM,0,C(Cl)Cl
4-(Trifluoromethyl)benzylamine,C1=CC(=CC=C1CN)C(F)(F)F,0.0,DCM,1,C(Cl)Cl
"4-Bromo-3,5-dimethoxybenzoic acid",COC1=CC(=CC(=C1Br)OC)C(=O)O,0.0,DCM,0,C(Cl)Cl
4-Bromo-L-phenylalanine,C1=CC(=CC=C1C[C@@H](C(=O)O)N)Br,3.583,DCM,0,C(Cl)Cl
4-Chlorobenzenesulfonic_acid,C1=CC(=CC=C1S(=O)(=O)O)Cl,0.0,DCM,1,C(Cl)Cl
4-Chloropyridine-3-carboxylic_acid,C1=CN=CC(=C1Cl)C(=O)O,2.319,DCM,0,C(Cl)Cl
"4-Hydroxy-3,5-diiodobenzoic acid",C1=C(C=C(C(=C1I)O)I)C(=O)O,0.0,DCM,0,C(Cl)Cl
4-Hydroxyphthalic_acid,C1=CC(=C(C=C1O)C(=O)O)C(=O)O,0.0,DCM,0,C(Cl)Cl
4-Methoxybiphenyl,COC1=CC=C(C=C1)C2=CC=CC=C2,6.312,DCM,1,C(Cl)Cl
4-Methoxytriphenylamine,COC1=CC=C(C=C1)N(C2=CC=CC=C2)C3=CC=CC=C3,0.0,DCM,1,C(Cl)Cl
4-tert-Butylbenzoyl_chloride,CC(C)(C)C1=CC=C(C=C1)C(=O)Cl,0.0,DCM,0,C(Cl)Cl
"5,7-Dimethyl-[1,2,4]triazolo[1,5-a]pyrimidine-2-carboxylic acid",CC1=CC(=NC2=NC(=NN12)C(=O)O)C,0.0,DCM,0,C(Cl)Cl
5-(Trifluoromethyl)indole,C1=CC2=C(C=CN2)C=C1C(F)(F)F,6.048,DCM,1,C(Cl)Cl
5-(Trifluoromethyl)pyridine-2-carboxaldehyde,C1=CC(=NC=C1C(F)(F)F)C=O,0.0,DCM,1,C(Cl)Cl
5-Bromo-2-furoic_acid,C1=C(OC(=C1)Br)C(=O)O,0.0,DCM,0,C(Cl)Cl
5-Bromo-2-phenylpyridine,C1=CC=C(C=C1)C2=NC=C(C=C2)Br,6.401,DCM,1,C(Cl)Cl
"6,6'-Dibromo-1,1'-bi-2-naphthol",C1=CC2=C(C=CC(=C2C3=C(C=CC4=C3C=CC(=C4)Br)O)O)C=C1Br,6.717,DCM,0,C(Cl)Cl
8-Isoquinolinecarboxaldehyde,C1=CC2=C(C=NC=C2)C(=C1)C=O,3.313,DCM,1,C(Cl)Cl
Allyl-alpha-D-glucopyranoside,C=CCO[C@@H]1[C@@H]([C@H]([C@@H]([C@H](O1)CO)O)O)O,1.204,DCM,0,C(Cl)Cl
Aniline-2-sulfonic_acid,C1=CC=C(C(=C1)N)S(=O)(=O)O,6.718,DCM,0,C(Cl)Cl
Bis(diphenylphosphino)methane,C1=CC=C(C=C1)P(CP(C2=CC=CC=C2)C3=CC=CC=C3)C4=CC=CC=C4,0.0,DCM,1,C(Cl)Cl
DL-beta-Phenylalanine,C1=CC=C(C=C1)C(CC(=O)O)N,1.658,DCM,0,C(Cl)Cl
Di-tert-butylcyclopentadiene,CC(C)(C)C1C=CC(=C1)C(C)(C)C,0.0,DCM,1,C(Cl)Cl
Dibenzyl-malonate,C1=CC=C(C=C1)COC(=O)CC(=O)OCC2=CC=CC=C2,5.942,DCM,1,C(Cl)Cl
Dibromomaleic-acid,C(=C(\C(=O)O)/Br)(\C(=O)O)/Br,0.0,DCM,0,C(Cl)Cl
Diethyl 4-Methoxyphenylphosphonate,CCOP(=O)(C1=CC=C(C=C1)OC)OCC,4.853,DCM,1,C(Cl)Cl
Diethyl_dibutylmalonate,CCCCC(CCCC)(C(=O)OCC)C(=O)OCC,0.0,DCM,1,C(Cl)Cl
Diethyl_phenylmalonate,CCOC(=O)C(C1=CC=CC=C1)C(=O)OCC,5.921,DCM,1,C(Cl)Cl
"Dimethyl 1,3-cyclohexadiene-1,4-dicarboxylate",COC(=O)C1=CC=C(CC1)C(=O)OC,5.288,DCM,1,C(Cl)Cl
"Dimethyl 2,2'-bipyridine-4,4'-dicarboxylate",COC(=O)C1=CC(=NC=C1)C2=NC=CC(=C2)C(=O)OC,5.764,DCM,0,C(Cl)Cl
Dimethyl-propargylmalonate,COC(=O)C(CC#C)C(=O)OC,0.0,DCM,1,C(Cl)Cl
Ethyl 2-cyclohexanoneacetate,CCOC(=O)CC1CCCCC1=O,5.042,DCM,1,C(Cl)Cl
Ethyl 3-thiopheneacetate,CCOC(=O)CC1=CSC=C1,5.455,DCM,1,C(Cl)Cl
"Ethyl 4,4,4-trifluoroacetoacetate",CCOC(=O)CC(=O)C(F)(F)F,4.325,DCM,1,C(Cl)Cl
Ethyl mesitylglyoxylate,CCOC(=O)C(=O)C1=C(C=C(C=C1C)C)C,6.07,DCM,1,C(Cl)Cl
Ethyl-3-oxohexanoate,CCCC(=O)CC(=O)OCC,4.983,DCM,1,C(Cl)Cl
Ethyl-4-bromocrotonate,CCOC(=O)/C=C/CBr,5.389,DCM,1,C(Cl)Cl
Ethyl-4-iodobenzoate,CCOC(=O)C1=CC=C(C=C1)I,6.432,DCM,1,C(Cl)Cl
FMOC-D-ORN(ALOC)-OH,C=CCOC(=O)NCCC[C@H](C(=O)O)NC(=O)OCC1C2=CC=CC=C2C3=CC=CC=C13,0.0,DCM,0,C(Cl)Cl
Flavanone,C1C(OC2=CC=CC=C2C1=O)C3=CC=CC=C3,5.947,DCM,1,C(Cl)Cl
Flufenamic-acid,C1=CC=C(C(=C1)C(=O)O)NC2=CC=CC(=C2)C(F)(F)F,0.0,DCM,0,C(Cl)Cl
Hematein,C1C2=CC(=C(C=C2C3=C4C=CC(=O)C(=C4OCC31O)O)O)O,5.585,DCM,0,C(Cl)Cl
METHYL 2-PHTHALIMIDOACETATE,COC(=O)CN1C(=O)C2=CC=CC=C2C1=O,5.872,DCM,1,C(Cl)Cl
"Methyl 6-oxo-1,6-dihydropyridine-2-carboxylate",COC(=O)C1=CC=CC(=O)N1,3.265,DCM,1,C(Cl)Cl
"Methyl-2,6-dimethoxybenzoate",COC1=C(C(=CC=C1)OC)C(=O)OC,4.99,DCM,1,C(Cl)Cl
Methyl-3-bromo-4-iodobenzoate,COC(=O)C1=CC(=C(C=C1)I)Br,6.546,DCM,1,C(Cl)Cl
"Methyl-6-Oxo-1,6-dihydropyridazine-3-carboxylate",COC(=O)C1=NNC(=O)C=C1,3.114,DCM,0,C(Cl)Cl
Methyl-diethylphosphonoacetate,CCOP(=O)(CC(=O)OC)OCC,3.921,DCM,1,C(Cl)Cl
N(im)-Trityl-L-histidine,C1=CC=C(C=C1)C(C2=CC=CC=C2)(C3=CC=CC=C3)N4C=C(N=C4)C[C@@H](C(=O)O)N,4.065,DCM,0,C(Cl)Cl
"N,N-Dimethyl-L-phenylalanine",CN(C)[C@@H](CC1=CC=CC=C1)C(=O)O,2.647,DCM,0,C(Cl)Cl
N-Acetyl-L-tryptophan,CC(=O)N[C@@H](CC1=CNC2=CC=CC=C21)C(=O)O,0.0,DCM,0,C(Cl)Cl
N-Benzylidenebenzylamine,C1=CC=C(C=C1)CN=CC2=CC=CC=C2,4.87,DCM,1,C(Cl)Cl
N-Phthaloylglycine,C1=CC=C2C(=C1)C(=O)N(C2=O)CC(=O)O,0.0,DCM,0,C(Cl)Cl
"N-[(1,1-Dimethylethoxy)carbonyl]-L-histidine methyl_ester",CC(C)(C)OC(=O)N[C@@H](CC1=CN=CN1)C(=O)OC,0.0,DCM,1,C(Cl)Cl
N-[(Phenylmethoxy)carbonyl]-O-(phenylmethyl)-L-serine_,C1=CC=C(C=C1)COC[C@@H](C(=O)O)NC(=O)OCC2=CC=CC=C2,0.0,DCM,1,C(Cl)Cl
"N6-[(1,1-Dimethylethoxy)carbonyl]-N2-[(9H-fluoren-9-ylmethoxy)carbonyl]-2-methyl-D-lysine",C[C@@](CCCCNC(=O)OC(C)(C)C)(C(=O)O)NC(=O)OCC1C2=CC=CC=C2C3=CC=CC=C13,6.201,DCM,1,C(Cl)Cl
"N6-[(1,1-Dimethylethoxy)carbonyl]-N2-[(phenylmethoxy)carbonyl]-L-lysine",CC(C)(C)OC(=O)NCCCC[C@@H](C(=O)O)NC(=O)OCC1=CC=CC=C1,0.0,DCM,1,C(Cl)Cl
Nalpha-[(9H-Fluoren-9-ylmethoxy)carbonyl]-L-threonine tert-Butyl-Ester,C[C@H]([C@@H](C(=O)OC(C)(C)C)NC(=O)OCC1C2=CC=CC=C2C3=CC=CC=C13)O,6.179,DCM,1,C(Cl)Cl
Phenyl-benzoate,C1=CC=C(C=C1)C(=O)OC2=CC=CC=C2,6.129,DCM,1,C(Cl)Cl
Pindolol,CC(C)NCC(COC1=CC=CC2=C1C=CN2)O,0.0,DCM,1,C(Cl)Cl
Protocatechuic_acid,C1=CC(=C(C=C1C(=O)O)O)O,4.331,DCM,0,C(Cl)Cl
Suberic_acid_monomethyl_ester,COC(=O)CCCCCCC(=O)O,5.205,DCM,0,C(Cl)Cl
Z-D-Glu-OBzl,C1=CC=C(C=C1)COC(=O)[C@@H](CCC(=O)O)NC(=O)OCC2=CC=CC=C2,6.478,DCM,1,C(Cl)Cl
Z-D-Phg-OH,C1=CC=C(C=C1)COC(=O)N[C@H](C2=CC=CC=C2)C(=O)O,0.0,DCM,1,C(Cl)Cl
"meso-1,2-Dibromo-1,2-diphenylethane",C1=CC=C(C=C1)C(C(C2=CC=CC=C2)Br)Br,6.378,DCM,1,C(Cl)Cl
mono-tert-Butyl_succinate,CC(C)(C)OC(=O)CCC(=O)O,5.562,DCM,0,C(Cl)Cl
pentafluorobenzyl-bromide,C(C1=C(C(=C(C(=C1F)F)F)F)F)Br,6.149,DCM,1,C(Cl)Cl
"trans-1,2-Bis(phenylsulfonyl)ethylene",C1=CC=C(C=C1)S(=O)(=O)/C=C/S(=O)(=O)C2=CC=CC=C2,5.493,DCM,0,C(Cl)Cl
trans-4-(9-Fluorenylmethyloxycarbonylaminomethyl)-cyclohexanoic_acid,C1CC(CCC1CNC(=O)OCC2C3=CC=CC=C3C4=CC=CC=C24)C(=O)O,6.639,DCM,0,C(Cl)Cl
trans-Aconitic-acid,C(/C(=C\C(=O)O)/C(=O)O)C(=O)O,0.0,DCM,0,C(Cl)Cl
(1-BROMOETHYL)BENZENE,CC(C1=CC=CC=C1)Br,5.717,DCM,1,C(Cl)Cl
"(2,6-Dioxo-piperidin-4-yl)-acetic_acid",C1C(CC(=O)NC1=O)CC(=O)O,0.0,DCM,0,C(Cl)Cl
(2-BENZYLOXYCARBONYLAMINO-ACETYLAMINO)-ACETIC_ACID,C1=CC=C(C=C1)COC(=O)NCC(=O)NCC(=O)O,3.685,DCM,0,C(Cl)Cl
(2S)-2-{[(9H-fluoren-9-ylmethoxy)carbonyl]amino}-4-hydroxybutanoic acid,C1=CC=C2C(=C1)C(C3=CC=CC=C32)COC(=O)N[C@@H](CCO)C(=O)O,3.196,DCM,0,C(Cl)Cl
"(2S,5S)-1-Hydroxy-2,5-diphenylphospholane 1-oxide",C1C[C@H](P(=O)([C@@H]1C2=CC=CC=C2)O)C3=CC=CC=C3,4.103,DCM,0,C(Cl)Cl
"(?S)-4-(1,1-Dimethylethoxy)-?-[[(9H-fluoren-9-ylmethoxy)carbonyl]amino]benzenebutanoic_acid",CC(C)(C)OC1=CC=C(C=C1)CC[C@@H](C(=O)O)NC(=O)OCC2C3=CC=CC=C3C4=CC=CC=C24,6.069,DCM,1,C(Cl)Cl
(R)-(-)-2-Methoxy-2-phenylethanol,CO[C@@H](CO)C1=CC=CC=C1,3.954,DCM,1,C(Cl)Cl
"(S)-(-)-2-Amino-3-methyl-1,1-diphenyl-1-butanol",CC(C)[C@@H](C(C1=CC=CC=C1)(C2=CC=CC=C2)O)N,3.579,DCM,1,C(Cl)Cl
(S)-Benzyl 2-(((S)-1-methoxy-4-methyl-1-oxopentan-2-yl)carbamoyl)pyrrolidine-1-carboxylate,CC(C)C[C@@H](C(=O)OC)NC(=O)[C@@H]1CCCN1C(=O)OCC2=CC=CC=C2,5.166,DCM,1,C(Cl)Cl
"1,1,1-Tris(4-hydroxyphenyl)ethane",CC(C1=CC=C(C=C1)O)(C2=CC=C(C=C2)O)C3=CC=C(C=C3)O,4.516,DCM,0,C(Cl)Cl
"1,1,3-Triphenylpropargyl alcohol",C1=CC=C(C=C1)C#CC(C2=CC=CC=C2)(C3=CC=CC=C3)O,6.022,DCM,1,C(Cl)Cl
"1,2-Bis(4-hydroxyphenyl)ethane-1,2-dione",C1=CC(=CC=C1C(=O)C(=O)C2=CC=C(C=C2)O)O,4.356,DCM,0,C(Cl)Cl
"1,3-Bis(trifluoromethyl)-5-bromobenzene",C1=C(C=C(C=C1C(F)(F)F)Br)C(F)(F)F,6.316,DCM,1,C(Cl)Cl
"1,3-Butanediol-diacrylate",CC(CCOC(=O)C=C)OC(=O)C=C,4.994,DCM,1,C(Cl)Cl
"1,3-Dimethyl 2-[(4-methoxyphenyl)methylene]propanedioate",COC1=CC=C(C=C1)C=C(C(=O)OC)C(=O)OC,5.146,DCM,1,C(Cl)Cl
"1,3-Diphenylacetone_p-tosylhydrazone",CC1=CC=C(C=C1)S(=O)(=O)NN=C(CC2=CC=CC=C2)CC3=CC=CC=C3,5.997,DCM,1,C(Cl)Cl
"1,4-Bis(bromomethyl)-2,3,5,6-tetrafluorobenzene_",C(C1=C(C(=C(C(=C1F)F)CBr)F)F)Br,5.996,DCM,1,C(Cl)Cl
"1,4-Cyclohexanedicarboxylic-acid",C1CC(CCC1C(=O)O)C(=O)O,3.453,DCM,0,C(Cl)Cl
"1,4-Dibromo-2,3-butanedione",C(C(=O)C(=O)CBr)Br,3.548,DCM,1,C(Cl)Cl
1-(4-Biphenyl)-1-ethanol,CC(C1=CC=C(C=C1)C2=CC=CC=C2)O,5.219,DCM,1,C(Cl)Cl
"1-(9H-Fluoren-9-ylmethyl) (2S,4S)-4-[[(1,1-dimethylethoxy)carbonyl]amino]-1,2-pyrrolidinedicarboxylate_",CC(C)(C)OC(=O)N[C@H]1C[C@H](N(C1)C(=O)OCC2C3=CC=CC=C3C4=CC=CC=C24)C(=O)O,5.46,DCM,1,C(Cl)Cl
1-(tert-Butoxycarbonyl)-4-[(9H-fluoren-9-ylmethoxy)carbonyl]-2-piperazinecarboxylic_acid,CC(C)(C)OC(=O)N1CCN(CC1C(=O)O)C(=O)OCC2C3=CC=CC=C3C4=CC=CC=C24,5.698,DCM,1,C(Cl)Cl
1-BROMO-3-METHYLBUTANE,CC(C)CCBr,0.0,DCM,1,C(Cl)Cl
1-Benzofuran-5-carboxylic_acid,C1=CC2=C(C=CO2)C=C1C(=O)O,4.328,DCM,0,C(Cl)Cl
1-Benzylpiperidine,C1CCN(CC1)CC2=CC=CC=C2,2.932,DCM,1,C(Cl)Cl
1-Bromo-4-(trifluoromethoxy)benzene,C1=CC(=CC=C1OC(F)(F)F)Br,6.126,DCM,1,C(Cl)Cl
1-Bromopentanemethylbenzene,CC1=C(C(=C(C(=C1C)C)Br)C)C,0.0,DCM,1,C(Cl)Cl
1-Phenyl-5-(trifluoromethyl)-1H-pyrazole-4-carboxylic_acid,C1=CC=C(C=C1)N2C(=C(C=N2)C(=O)O)C(F)(F)F,4.692,DCM,1,C(Cl)Cl
1-Pyrenemethanol,C1=CC2=C3C(=C1)C=CC4=C(C=CC(=C43)C=C2)CO,5.493,DCM,1,C(Cl)Cl
"1-Tosyl-2,5-dihydro-1H-pyrrole",CC1=CC=C(C=C1)S(=O)(=O)N2CC=CC2,5.084,DCM,1,C(Cl)Cl
"2,2"",4,4""-Tetramethylbenzophenone",CC1=CC(=C(C=C1)C(=O)C2=C(C=C(C=C2)C)C)C,6.666,DCM,1,C(Cl)Cl
"2,2,2-TRIFLUOROACETOPHENONE",C1=CC=C(C=C1)C(=O)C(F)(F)F,4.321,DCM,0,C(Cl)Cl
"2,3,4-Trifluorobenzoic acid",C1=CC(=C(C(=C1C(=O)O)F)F)F,4.217,DCM,1,C(Cl)Cl
"2,3,6,7,10,11-Hexamethoxytriphenylene",COC1=C(C=C2C(=C1)C3=CC(=C(C=C3C4=CC(=C(C=C24)OC)OC)OC)OC)OC,5.479,DCM,1,C(Cl)Cl
"2,4,6-Tris(bromomethyl)mesitylene",CC1=C(C(=C(C(=C1CBr)C)CBr)C)CBr,6.441,DCM,1,C(Cl)Cl
"2,4-Dichlorophenol",C1=CC(=C(C=C1Cl)Cl)O,5.002,DCM,1,C(Cl)Cl
"2,6-Bis[(4S)-4-phenyl-2-oxazolinyl]pyridine",C1[C@@H](N=C(O1)C2=NC(=CC=C2)C3=N[C@H](CO3)C4=CC=CC=C4)C5=CC=CC=C5,5.388,DCM,1,C(Cl)Cl
"2,6-Dichloroiodobenzene",C1=CC(=C(C(=C1)Cl)I)Cl,6.278,DCM,1,C(Cl)Cl
"2,6-Diisopropylphenol",CC(C)C1=C(C(=CC=C1)C(C)C)O,5.934,DCM,1,C(Cl)Cl
"2,6-Dimethoxy-1,4-benzoquinone",COC1=CC(=O)C=C(C1=O)OC,3.382,DCM,1,C(Cl)Cl
"2,6-Dimethoxybenzoyl_chloride",COC1=C(C(=CC=C1)OC)C(=O)Cl,3.697,DCM,1,C(Cl)Cl
2-(3-Chlorophenoxy)propionic-acid,CC(C(=O)O)OC1=CC(=CC=C1)Cl,4.625,DCM,1,C(Cl)Cl
2-(4-Chlorobenzoyl)benzoic_acid,C1=CC=C(C(=C1)C(=O)C2=CC=C(C=C2)Cl)C(=O)O,4.998,DCM,1,C(Cl)Cl
2-(Diphenylphosphino)benzoic-acid,C1=CC=C(C=C1)P(C2=CC=CC=C2)C3=CC=CC=C3C(=O)O,5.797,DCM,1,C(Cl)Cl
2-(Trifluoromethyl)pyridine-4-carboxylic_acid,C1=CN=C(C=C1C(=O)O)C(F)(F)F,3.635,DCM,0,C(Cl)Cl
2-Amino-4-phenylphenol,C1=CC=C(C=C1)C2=CC(=C(C=C2)O)N,4.249,DCM,0,C(Cl)Cl
2-Amino-6-bromopyridine,C1=CC(=NC(=C1)Br)N,3.979,DCM,1,C(Cl)Cl
2-Benzyloxybenzoic_acid ,C1=CC=C(C=C1)COC2=CC=CC=C2C(=O)O,4.952,DCM,1,C(Cl)Cl
"2-Bromo-2',6'-diisopropoxy-1,1'-biphenyl",CC(C)OC1=C(C(=CC=C1)OC(C)C)C2=CC=CC=C2Br,6.768,DCM,1,C(Cl)Cl
2-Bromo-5-(trifluoromethyl)benzaldehyde,C1=CC(=C(C=C1C(F)(F)F)C=O)Br,5.646,DCM,1,C(Cl)Cl
2-Bromo-5-chlorotoluene,CC1=C(C=CC(=C1)Cl)Br,6.471,DCM,1,C(Cl)Cl
2-Bromoanthraquinone,C1=CC=C2C(=C1)C(=O)C3=C(C2=O)C=C(C=C3)Br,6.357,DCM,1,C(Cl)Cl
2-Bromonaphthalen-1-ol,C1=CC=C2C(=C1)C=CC(=C2O)Br,5.492,DCM,1,C(Cl)Cl
2-Bromophenethylamine,C1=CC=C(C(=C1)CCN)Br,3.228,DCM,1,C(Cl)Cl
2-Bromotoluene,CC1=CC=CC=C1Br,6.087,DCM,1,C(Cl)Cl
2-Hydroxy-4-(trifluoromethyl)aniline,C1=CC(=C(C=C1C(F)(F)F)O)N,4.516,DCM,0,C(Cl)Cl
2-Iodobenzaldehyde,C1=CC=C(C(=C1)C=O)I,5.318,DCM,1,C(Cl)Cl
2-Iodobenzyl_bromide,C1=CC=C(C(=C1)CBr)I,5.97,DCM,1,C(Cl)Cl
2-Iodopyridine,C1=CC=NC(=C1)I,4.355,DCM,1,C(Cl)Cl
2-Isopropylthioxanthone,CC(C)C1=CC2=C(C=C1)SC3=CC=CC=C3C2=O,6.747,DCM,1,C(Cl)Cl
"2-Methyl-5-(trifluoromethyl)-1,3-benzoxazole",CC1=NC2=C(O1)C=CC(=C2)C(F)(F)F,5.228,DCM,1,C(Cl)Cl
"3,3-Dimethyl-1-indanone",CC1(CC(=O)C2=CC=CC=C21)C,5.052,DCM,1,C(Cl)Cl
"3,4,5-TRIBROMO-1H-PYRAZOLE",C1(=C(NN=C1Br)Br)Br,4.913,DCM,0,C(Cl)Cl
"3,4,7,8-Tetramethyl-1,10-phenanthroline",CC1=CN=C2C(=C1C)C=CC3=C(C(=CN=C32)C)C,3.691,DCM,1,C(Cl)Cl
"3,5-Di-tert-butylbenzoic acid",CC(C)(C)C1=CC(=CC(=C1)C(=O)O)C(C)(C)C,6.004,DCM,1,C(Cl)Cl
"3,5-Dibromotoluene",CC1=CC(=CC(=C1)Br)Br,6.643,DCM,0,C(Cl)Cl
"3,5-Dimethylbenzoyl_chloride",CC1=CC(=CC(=C1)C(=O)Cl)C,4.74,DCM,1,C(Cl)Cl
"3,6-Dimethoxy-9H-carbazole",COC1=CC2=C(C=C1)NC3=C2C=C(C=C3)OC,5.201,DCM,1,C(Cl)Cl
3-(2-Naphthyl)acrylic_acid,C1=CC=C2C=C(C=CC2=C1)/C=C/C(=O)O,5.0,DCM,0,C(Cl)Cl
3-(Phenylthio)propanoic-acid,C1=CC=C(C=C1)SCCC(=O)O,4.613,DCM,1,C(Cl)Cl
3-(tert-Butoxycarbonyl)benzoic_acid,CC(C)(C)OC(=O)C1=CC=CC(=C1)C(=O)O,5.044,DCM,1,C(Cl)Cl
3-Bromobenzoyl_chloride,C1=CC(=CC(=C1)Br)C(=O)Cl,6.034,DCM,1,C(Cl)Cl
3-Bromopropionyl_chloride,C(CBr)C(=O)Cl,2.905,DCM,1,C(Cl)Cl
3-Chloro-4-methoxyaniline,COC1=C(C=C(C=C1)N)Cl,3.239,DCM,1,C(Cl)Cl
3-[[(9H-Fluoren-9-ylmethoxy)carbonyl]amino]-2-naphthalenecarboxylic acid,C1=CC=C2C=C(C(=CC2=C1)C(=O)O)NC(=O)OCC3C4=CC=CC=C4C5=CC=CC=C35,6.295,DCM,0,C(Cl)Cl
"4,4',4''-Trimethoxytrityl chloride",COC1=CC=C(C=C1)C(C2=CC=C(C=C2)OC)(C3=CC=C(C=C3)OC)Cl,5.708,DCM,1,C(Cl)Cl
"4,4'-Dihydroxybiphenyl",C1=CC(=CC=C1C2=CC=C(C=C2)O)O,4.206,DCM,0,C(Cl)Cl
"4,4'-Dimethoxybenzophenone",COC1=CC=C(C=C1)C(=O)C2=CC=C(C=C2)OC,5.439,DCM,1,C(Cl)Cl
"4,4?,4??-(1,3,5-TRIAZINE-2,4,6-TRIYL)TRIBENZALDEHYDE",C1=CC(=CC=C1C=O)C2=NC(=NC(=N2)C3=CC=C(C=C3)C=O)C4=CC=C(C=C4)C=O,5.0,DCM,0,C(Cl)Cl
4-(Bromomethyl)benzoic_acid,C1=CC(=CC=C1CBr)C(=O)O,4.555,DCM,0,C(Cl)Cl
4-(Hydroxymethyl)phenylacetic-acid,C1=CC(=CC=C1CC(=O)O)CO,3.294,DCM,0,C(Cl)Cl
4-(Trifluoroacetyl)phenacyl-bromide,C1=CC(=CC=C1C(=O)CBr)C(=O)C(F)(F)F,4.66,DCM,0,C(Cl)Cl
4-(Trifluoromethyl)benzylamine,C1=CC(=CC=C1CN)C(F)(F)F,3.284,DCM,1,C(Cl)Cl
"4-Bromo-3,5-dimethoxybenzoic acid",COC1=CC(=CC(=C1Br)OC)C(=O)O,4.586,DCM,0,C(Cl)Cl
4-Bromo-L-phenylalanine,C1=CC(=CC=C1C[C@@H](C(=O)O)N)Br,3.259,DCM,0,C(Cl)Cl
4-Chlorobenzenesulfonic_acid,C1=CC(=CC=C1S(=O)(=O)O)Cl,2.93,DCM,1,C(Cl)Cl
4-Chloropyridine-3-carboxylic_acid,C1=CN=CC(=C1Cl)C(=O)O,0.0,DCM,0,C(Cl)Cl
"4-Hydroxy-3,5-diiodobenzoic acid",C1=C(C=C(C(=C1I)O)I)C(=O)O,4.476,DCM,0,C(Cl)Cl
4-Hydroxyphthalic_acid,C1=CC(=C(C=C1O)C(=O)O)C(=O)O,1.493,DCM,0,C(Cl)Cl
4-Methoxybiphenyl,COC1=CC=C(C=C1)C2=CC=CC=C2,5.974,DCM,1,C(Cl)Cl
4-Methoxytriphenylamine,COC1=CC=C(C=C1)N(C2=CC=CC=C2)C3=CC=CC=C3,6.687,DCM,1,C(Cl)Cl
4-tert-Butylbenzoyl_chloride,CC(C)(C)C1=CC=C(C=C1)C(=O)Cl,5.189,DCM,0,C(Cl)Cl
"5,7-Dimethyl-[1,2,4]triazolo[1,5-a]pyrimidine-2-carboxylic acid",CC1=CC(=NC2=NC(=NN12)C(=O)O)C,1.395,DCM,0,C(Cl)Cl
5-(Trifluoromethyl)indole,C1=CC2=C(C=CN2)C=C1C(F)(F)F,5.41,DCM,1,C(Cl)Cl
5-(Trifluoromethyl)pyridine-2-carboxaldehyde,C1=CC(=NC=C1C(F)(F)F)C=O,3.586,DCM,1,C(Cl)Cl
5-Bromo-2-furoic_acid,C1=C(OC(=C1)Br)C(=O)O,3.478,DCM,0,C(Cl)Cl
5-Bromo-2-phenylpyridine,C1=CC=C(C=C1)C2=NC=C(C=C2)Br,5.999,DCM,1,C(Cl)Cl
"6,6'-Dibromo-1,1'-bi-2-naphthol",C1=CC2=C(C=CC(=C2C3=C(C=CC4=C3C=CC(=C4)Br)O)O)C=C1Br,6.251,DCM,0,C(Cl)Cl
8-Isoquinolinecarboxaldehyde,C1=CC2=C(C=NC=C2)C(=C1)C=O,3.029,DCM,1,C(Cl)Cl
Allyl-alpha-D-glucopyranoside,C=CCO[C@@H]1[C@@H]([C@H]([C@@H]([C@H](O1)CO)O)O)O,0.0,DCM,0,C(Cl)Cl
Aniline-2-sulfonic_acid,C1=CC=C(C(=C1)N)S(=O)(=O)O,0.0,DCM,0,C(Cl)Cl
Bis(diphenylphosphino)methane,C1=CC=C(C=C1)P(CP(C2=CC=CC=C2)C3=CC=CC=C3)C4=CC=CC=C4,0.0,DCM,1,C(Cl)Cl
DL-beta-Phenylalanine,C1=CC=C(C=C1)C(CC(=O)O)N,1.085,DCM,0,C(Cl)Cl
Di-tert-butylcyclopentadiene,CC(C)(C)C1C=CC(=C1)C(C)(C)C,0.0,DCM,1,C(Cl)Cl
Dibenzyl-malonate,C1=CC=C(C=C1)COC(=O)CC(=O)OCC2=CC=CC=C2,5.676,DCM,1,C(Cl)Cl
Dibromomaleic-acid,C(=C(\C(=O)O)/Br)(\C(=O)O)/Br,3.282,DCM,0,C(Cl)Cl
Diethyl 4-Methoxyphenylphosphonate,CCOP(=O)(C1=CC=C(C=C1)OC)OCC,4.523,DCM,1,C(Cl)Cl
Diethyl_dibutylmalonate,CCCCC(CCCC)(C(=O)OCC)C(=O)OCC,6.757,DCM,1,C(Cl)Cl
Diethyl_phenylmalonate,CCOC(=O)C(C1=CC=CC=C1)C(=O)OCC,5.407,DCM,1,C(Cl)Cl
"Dimethyl 1,3-cyclohexadiene-1,4-dicarboxylate",COC(=O)C1=CC=C(CC1)C(=O)OC,4.897,DCM,1,C(Cl)Cl
"Dimethyl 2,2'-bipyridine-4,4'-dicarboxylate",COC(=O)C1=CC(=NC=C1)C2=NC=CC(=C2)C(=O)OC,5.278,DCM,0,C(Cl)Cl
Dimethyl-propargylmalonate,COC(=O)C(CC#C)C(=O)OC,0.0,DCM,1,C(Cl)Cl
Ethyl 2-cyclohexanoneacetate,CCOC(=O)CC1CCCCC1=O,4.689,DCM,1,C(Cl)Cl
Ethyl 3-thiopheneacetate,CCOC(=O)CC1=CSC=C1,5.098,DCM,1,C(Cl)Cl
"Ethyl 4,4,4-trifluoroacetoacetate",CCOC(=O)CC(=O)C(F)(F)F,3.859,DCM,1,C(Cl)Cl
Ethyl mesitylglyoxylate,CCOC(=O)C(=O)C1=C(C=C(C=C1C)C)C,5.827,DCM,1,C(Cl)Cl
Ethyl-3-oxohexanoate,CCCC(=O)CC(=O)OCC,4.603,DCM,1,C(Cl)Cl
Ethyl-4-bromocrotonate,CCOC(=O)/C=C/CBr,5.037,DCM,1,C(Cl)Cl
Ethyl-4-iodobenzoate,CCOC(=O)C1=CC=C(C=C1)I,6.075,DCM,1,C(Cl)Cl
FMOC-D-ORN(ALOC)-OH,C=CCOC(=O)NCCC[C@H](C(=O)O)NC(=O)OCC1C2=CC=CC=C2C3=CC=CC=C13,5.147,DCM,0,C(Cl)Cl
Flavanone,C1C(OC2=CC=CC=C2C1=O)C3=CC=CC=C3,5.607,DCM,1,C(Cl)Cl
Flufenamic-acid,C1=CC=C(C(=C1)C(=O)O)NC2=CC=CC(=C2)C(F)(F)F,5.77,DCM,0,C(Cl)Cl
Hematein,C1C2=CC(=C(C=C2C3=C4C=CC(=O)C(=C4OCC31O)O)O)O,4.566,DCM,0,C(Cl)Cl
METHYL 2-PHTHALIMIDOACETATE,COC(=O)CN1C(=O)C2=CC=CC=C2C1=O,4.476,DCM,1,C(Cl)Cl
"Methyl 6-oxo-1,6-dihydropyridine-2-carboxylate",COC(=O)C1=CC=CC(=O)N1,2.879,DCM,1,C(Cl)Cl
"Methyl-2,6-dimethoxybenzoate",COC1=C(C(=CC=C1)OC)C(=O)OC,4.625,DCM,1,C(Cl)Cl
Methyl-3-bromo-4-iodobenzoate,COC(=O)C1=CC(=C(C=C1)I)Br,6.145,DCM,1,C(Cl)Cl
"Methyl-6-Oxo-1,6-dihydropyridazine-3-carboxylate",COC(=O)C1=NNC(=O)C=C1,2.341,DCM,0,C(Cl)Cl
Methyl-diethylphosphonoacetate,CCOP(=O)(CC(=O)OC)OCC,3.635,DCM,1,C(Cl)Cl
N(im)-Trityl-L-histidine,C1=CC=C(C=C1)C(C2=CC=CC=C2)(C3=CC=CC=C3)N4C=C(N=C4)C[C@@H](C(=O)O)N,4.033,DCM,0,C(Cl)Cl
"N,N-Dimethyl-L-phenylalanine",CN(C)[C@@H](CC1=CC=CC=C1)C(=O)O,2.393,DCM,0,C(Cl)Cl
N-Acetyl-L-tryptophan,CC(=O)N[C@@H](CC1=CNC2=CC=CC=C21)C(=O)O,3.707,DCM,0,C(Cl)Cl
N-Benzylidenebenzylamine,C1=CC=C(C=C1)CN=CC2=CC=CC=C2,4.383,DCM,1,C(Cl)Cl
N-Phthaloylglycine,C1=CC=C2C(=C1)C(=O)N(C2=O)CC(=O)O,3.573,DCM,0,C(Cl)Cl
"N-[(1,1-Dimethylethoxy)carbonyl]-L-histidine methyl_ester",CC(C)(C)OC(=O)N[C@@H](CC1=CN=CN1)C(=O)OC,3.209,DCM,1,C(Cl)Cl
N-[(Phenylmethoxy)carbonyl]-O-(phenylmethyl)-L-serine_,C1=CC=C(C=C1)COC[C@@H](C(=O)O)NC(=O)OCC2=CC=CC=C2,5.044,DCM,1,C(Cl)Cl
"N6-[(1,1-Dimethylethoxy)carbonyl]-N2-[(9H-fluoren-9-ylmethoxy)carbonyl]-2-methyl-D-lysine",C[C@@](CCCCNC(=O)OC(C)(C)C)(C(=O)O)NC(=O)OCC1C2=CC=CC=C2C3=CC=CC=C13,5.667,DCM,1,C(Cl)Cl
"N6-[(1,1-Dimethylethoxy)carbonyl]-N2-[(phenylmethoxy)carbonyl]-L-lysine",CC(C)(C)OC(=O)NCCCC[C@@H](C(=O)O)NC(=O)OCC1=CC=CC=C1,4.943,DCM,1,C(Cl)Cl
Nalpha-[(9H-Fluoren-9-ylmethoxy)carbonyl]-L-threonine tert-Butyl-Ester,C[C@H]([C@@H](C(=O)OC(C)(C)C)NC(=O)OCC1C2=CC=CC=C2C3=CC=CC=C13)O,5.789,DCM,1,C(Cl)Cl
Phenyl-benzoate,C1=CC=C(C=C1)C(=O)OC2=CC=CC=C2,5.81,DCM,1,C(Cl)Cl
Pindolol,CC(C)NCC(COC1=CC=CC2=C1C=CN2)O,3.149,DCM,1,C(Cl)Cl
Protocatechuic_acid,C1=CC(=C(C=C1C(=O)O)O)O,2.458,DCM,0,C(Cl)Cl
Suberic_acid_monomethyl_ester,COC(=O)CCCCCCC(=O)O,4.207,DCM,0,C(Cl)Cl
Z-D-Glu-OBzl,C1=CC=C(C=C1)COC(=O)[C@@H](CCC(=O)O)NC(=O)OCC2=CC=CC=C2,5.043,DCM,1,C(Cl)Cl
Z-D-Phg-OH,C1=CC=C(C=C1)COC(=O)N[C@H](C2=CC=CC=C2)C(=O)O,4.772,DCM,1,C(Cl)Cl
"meso-1,2-Dibromo-1,2-diphenylethane",C1=CC=C(C=C1)C(C(C2=CC=CC=C2)Br)Br,6.089,DCM,1,C(Cl)Cl
mono-tert-Butyl_succinate,CC(C)(C)OC(=O)CCC(=O)O,4.127,DCM,0,C(Cl)Cl
pentafluorobenzyl-bromide,C(C1=C(C(=C(C(=C1F)F)F)F)F)Br,5.876,DCM,1,C(Cl)Cl
"trans-1,2-Bis(phenylsulfonyl)ethylene",C1=CC=C(C=C1)S(=O)(=O)/C=C/S(=O)(=O)C2=CC=CC=C2,5.113,DCM,0,C(Cl)Cl
trans-4-(9-Fluorenylmethyloxycarbonylaminomethyl)-cyclohexanoic_acid,C1CC(CCC1CNC(=O)OCC2C3=CC=CC=C3C4=CC=CC=C24)C(=O)O,5.288,DCM,0,C(Cl)Cl
trans-Aconitic-acid,C(/C(=C\C(=O)O)/C(=O)O)C(=O)O,0.0,DCM,0,C(Cl)Cl
(1-BROMOETHYL)BENZENE,CC(C1=CC=CC=C1)Br,0.0,DCM,1,C(Cl)Cl
"(2,6-Dioxo-piperidin-4-yl)-acetic_acid",C1C(CC(=O)NC1=O)CC(=O)O,0.0,DCM,0,C(Cl)Cl
(2-BENZYLOXYCARBONYLAMINO-ACETYLAMINO)-ACETIC_ACID,C1=CC=C(C=C1)COC(=O)NCC(=O)NCC(=O)O,1.036,DCM,0,C(Cl)Cl
(2S)-2-{[(9H-fluoren-9-ylmethoxy)carbonyl]amino}-4-hydroxybutanoic acid,C1=CC=C2C(=C1)C(C3=CC=CC=C32)COC(=O)N[C@@H](CCO)C(=O)O,3.166,DCM,0,C(Cl)Cl
"(2S,5S)-1-Hydroxy-2,5-diphenylphospholane 1-oxide",C1C[C@H](P(=O)([C@@H]1C2=CC=CC=C2)O)C3=CC=CC=C3,2.987,DCM,0,C(Cl)Cl
"(?S)-4-(1,1-Dimethylethoxy)-?-[[(9H-fluoren-9-ylmethoxy)carbonyl]amino]benzenebutanoic_acid",CC(C)(C)OC1=CC=C(C=C1)CC[C@@H](C(=O)O)NC(=O)OCC2C3=CC=CC=C3C4=CC=CC=C24,6.089,DCM,1,C(Cl)Cl
(R)-(-)-2-Methoxy-2-phenylethanol,CO[C@@H](CO)C1=CC=CC=C1,3.918,DCM,1,C(Cl)Cl
"(S)-(-)-2-Amino-3-methyl-1,1-diphenyl-1-butanol",CC(C)[C@@H](C(C1=CC=CC=C1)(C2=CC=CC=C2)O)N,5.745,DCM,1,C(Cl)Cl
(S)-Benzyl 2-(((S)-1-methoxy-4-methyl-1-oxopentan-2-yl)carbamoyl)pyrrolidine-1-carboxylate,CC(C)C[C@@H](C(=O)OC)NC(=O)[C@@H]1CCCN1C(=O)OCC2=CC=CC=C2,5.188,DCM,1,C(Cl)Cl
"1,1,1-Tris(4-hydroxyphenyl)ethane",CC(C1=CC=C(C=C1)O)(C2=CC=C(C=C2)O)C3=CC=C(C=C3)O,4.517,DCM,0,C(Cl)Cl
"1,1,3-Triphenylpropargyl alcohol",C1=CC=C(C=C1)C#CC(C2=CC=CC=C2)(C3=CC=CC=C3)O,5.918,DCM,1,C(Cl)Cl
"1,2-Bis(4-hydroxyphenyl)ethane-1,2-dione",C1=CC(=CC=C1C(=O)C(=O)C2=CC=C(C=C2)O)O,0.0,DCM,0,C(Cl)Cl
"1,3-Bis(trifluoromethyl)-5-bromobenzene",C1=C(C=C(C=C1C(F)(F)F)Br)C(F)(F)F,6.328,DCM,1,C(Cl)Cl
"1,3-Butanediol-diacrylate",CC(CCOC(=O)C=C)OC(=O)C=C,4.985,DCM,1,C(Cl)Cl
"1,3-Dimethyl 2-[(4-methoxyphenyl)methylene]propanedioate",COC1=CC=C(C=C1)C=C(C(=O)OC)C(=O)OC,5.076,DCM,1,C(Cl)Cl
"1,3-Diphenylacetone_p-tosylhydrazone",CC1=CC=C(C=C1)S(=O)(=O)NN=C(CC2=CC=CC=C2)CC3=CC=CC=C3,5.841,DCM,1,C(Cl)Cl
"1,4-Bis(bromomethyl)-2,3,5,6-tetrafluorobenzene_",C(C1=C(C(=C(C(=C1F)F)CBr)F)F)Br,6.007,DCM,1,C(Cl)Cl
"1,4-Cyclohexanedicarboxylic-acid",C1CC(CCC1C(=O)O)C(=O)O,0.0,DCM,0,C(Cl)Cl
"1,4-Dibromo-2,3-butanedione",C(C(=O)C(=O)CBr)Br,3.147,DCM,1,C(Cl)Cl
1-(4-Biphenyl)-1-ethanol,CC(C1=CC=C(C=C1)C2=CC=CC=C2)O,5.138,DCM,1,C(Cl)Cl
"1-(9H-Fluoren-9-ylmethyl) (2S,4S)-4-[[(1,1-dimethylethoxy)carbonyl]amino]-1,2-pyrrolidinedicarboxylate_",CC(C)(C)OC(=O)N[C@H]1C[C@H](N(C1)C(=O)OCC2C3=CC=CC=C3C4=CC=CC=C24)C(=O)O,5.506,DCM,1,C(Cl)Cl
1-(tert-Butoxycarbonyl)-4-[(9H-fluoren-9-ylmethoxy)carbonyl]-2-piperazinecarboxylic_acid,CC(C)(C)OC(=O)N1CCN(CC1C(=O)O)C(=O)OCC2C3=CC=CC=C3C4=CC=CC=C24,5.725,DCM,1,C(Cl)Cl
1-BROMO-3-METHYLBUTANE,CC(C)CCBr,0.0,DCM,1,C(Cl)Cl
1-Benzofuran-5-carboxylic_acid,C1=CC2=C(C=CO2)C=C1C(=O)O,0.0,DCM,0,C(Cl)Cl
1-Benzylpiperidine,C1CCN(CC1)CC2=CC=CC=C2,0.0,DCM,1,C(Cl)Cl
1-Bromo-4-(trifluoromethoxy)benzene,C1=CC(=CC=C1OC(F)(F)F)Br,6.13,DCM,1,C(Cl)Cl
1-Bromopentanemethylbenzene,CC1=C(C(=C(C(=C1C)C)Br)C)C,0.0,DCM,1,C(Cl)Cl
1-Phenyl-5-(trifluoromethyl)-1H-pyrazole-4-carboxylic_acid,C1=CC=C(C=C1)N2C(=C(C=N2)C(=O)O)C(F)(F)F,1.535,DCM,1,C(Cl)Cl
1-Pyrenemethanol,C1=CC2=C3C(=C1)C=CC4=C(C=CC(=C43)C=C2)CO,5.412,DCM,1,C(Cl)Cl
"1-Tosyl-2,5-dihydro-1H-pyrrole",CC1=CC=C(C=C1)S(=O)(=O)N2CC=CC2,5.012,DCM,1,C(Cl)Cl
"2,2"",4,4""-Tetramethylbenzophenone",CC1=CC(=C(C=C1)C(=O)C2=C(C=C(C=C2)C)C)C,6.702,DCM,1,C(Cl)Cl
"2,2,2-TRIFLUOROACETOPHENONE",C1=CC=C(C=C1)C(=O)C(F)(F)F,4.336,DCM,0,C(Cl)Cl
"2,3,4-Trifluorobenzoic acid",C1=CC(=C(C(=C1C(=O)O)F)F)F,0.0,DCM,1,C(Cl)Cl
"2,3,6,7,10,11-Hexamethoxytriphenylene",COC1=C(C=C2C(=C1)C3=CC(=C(C=C3C4=CC(=C(C=C24)OC)OC)OC)OC)OC,5.502,DCM,1,C(Cl)Cl
"2,4,6-Tris(bromomethyl)mesitylene",CC1=C(C(=C(C(=C1CBr)C)CBr)C)CBr,6.321,DCM,1,C(Cl)Cl
"2,4-Dichlorophenol",C1=CC(=C(C=C1Cl)Cl)O,4.973,DCM,1,C(Cl)Cl
"2,6-Bis[(4S)-4-phenyl-2-oxazolinyl]pyridine",C1[C@@H](N=C(O1)C2=NC(=CC=C2)C3=N[C@H](CO3)C4=CC=CC=C4)C5=CC=CC=C5,5.315,DCM,1,C(Cl)Cl
"2,6-Dichloroiodobenzene",C1=CC(=C(C(=C1)Cl)I)Cl,6.307,DCM,1,C(Cl)Cl
"2,6-Diisopropylphenol",CC(C)C1=C(C(=CC=C1)C(C)C)O,5.957,DCM,1,C(Cl)Cl
"2,6-Dimethoxy-1,4-benzoquinone",COC1=CC(=O)C=C(C1=O)OC,3.37,DCM,1,C(Cl)Cl
"2,6-Dimethoxybenzoyl_chloride",COC1=C(C(=CC=C1)OC)C(=O)Cl,0.0,DCM,1,C(Cl)Cl
2-(3-Chlorophenoxy)propionic-acid,CC(C(=O)O)OC1=CC(=CC=C1)Cl,1.262,DCM,1,C(Cl)Cl
2-(4-Chlorobenzoyl)benzoic_acid,C1=CC=C(C(=C1)C(=O)C2=CC=C(C=C2)Cl)C(=O)O,3.206,DCM,1,C(Cl)Cl
2-(Diphenylphosphino)benzoic-acid,C1=CC=C(C=C1)P(C2=CC=CC=C2)C3=CC=CC=C3C(=O)O,3.53,DCM,1,C(Cl)Cl
2-(Trifluoromethyl)pyridine-4-carboxylic_acid,C1=CN=C(C=C1C(=O)O)C(F)(F)F,0.0,DCM,0,C(Cl)Cl
2-Amino-4-phenylphenol,C1=CC=C(C=C1)C2=CC(=C(C=C2)O)N,4.572,DCM,0,C(Cl)Cl
2-Amino-6-bromopyridine,C1=CC(=NC(=C1)Br)N,3.972,DCM,1,C(Cl)Cl
2-Benzyloxybenzoic_acid ,C1=CC=C(C=C1)COC2=CC=CC=C2C(=O)O,2.663,DCM,1,C(Cl)Cl
"2-Bromo-2',6'-diisopropoxy-1,1'-biphenyl",CC(C)OC1=C(C(=CC=C1)OC(C)C)C2=CC=CC=C2Br,6.612,DCM,1,C(Cl)Cl
2-Bromo-5-(trifluoromethyl)benzaldehyde,C1=CC(=C(C=C1C(F)(F)F)C=O)Br,5.656,DCM,1,C(Cl)Cl
2-Bromo-5-chlorotoluene,CC1=C(C=CC(=C1)Cl)Br,6.353,DCM,1,C(Cl)Cl
2-Bromoanthraquinone,C1=CC=C2C(=C1)C(=O)C3=C(C2=O)C=C(C=C3)Br,6.246,DCM,1,C(Cl)Cl
2-Bromonaphthalen-1-ol,C1=CC=C2C(=C1)C=CC(=C2O)Br,5.31,DCM,1,C(Cl)Cl
2-Bromophenethylamine,C1=CC=C(C(=C1)CCN)Br,4.393,DCM,1,C(Cl)Cl
2-Bromotoluene,CC1=CC=CC=C1Br,5.988,DCM,1,C(Cl)Cl
2-Hydroxy-4-(trifluoromethyl)aniline,C1=CC(=C(C=C1C(F)(F)F)O)N,4.393,DCM,0,C(Cl)Cl
2-Iodobenzaldehyde,C1=CC=C(C(=C1)C=O)I,5.335,DCM,1,C(Cl)Cl
2-Iodobenzyl_bromide,C1=CC=C(C(=C1)CBr)I,5.878,DCM,1,C(Cl)Cl
2-Iodopyridine,C1=CC=NC(=C1)I,4.366,DCM,1,C(Cl)Cl
2-Isopropylthioxanthone,CC(C)C1=CC2=C(C=C1)SC3=CC=CC=C3C2=O,6.761,DCM,1,C(Cl)Cl
"2-Methyl-5-(trifluoromethyl)-1,3-benzoxazole",CC1=NC2=C(O1)C=CC(=C2)C(F)(F)F,5.238,DCM,1,C(Cl)Cl
"3,3-Dimethyl-1-indanone",CC1(CC(=O)C2=CC=CC=C21)C,5.065,DCM,1,C(Cl)Cl
"3,4,5-TRIBROMO-1H-PYRAZOLE",C1(=C(NN=C1Br)Br)Br,3.923,DCM,0,C(Cl)Cl
"3,4,7,8-Tetramethyl-1,10-phenanthroline",CC1=CN=C2C(=C1C)C=CC3=C(C(=CN=C32)C)C,5.008,DCM,1,C(Cl)Cl
"3,5-Di-tert-butylbenzoic acid",CC(C)(C)C1=CC(=CC(=C1)C(=O)O)C(C)(C)C,3.669,DCM,1,C(Cl)Cl
"3,5-Dibromotoluene",CC1=CC(=CC(=C1)Br)Br,6.506,DCM,0,C(Cl)Cl
"3,5-Dimethylbenzoyl_chloride",CC1=CC(=CC(=C1)C(=O)Cl)C,6.252,DCM,1,C(Cl)Cl
"3,6-Dimethoxy-9H-carbazole",COC1=CC2=C(C=C1)NC3=C2C=C(C=C3)OC,5.212,DCM,1,C(Cl)Cl
3-(2-Naphthyl)acrylic_acid,C1=CC=C2C=C(C=CC2=C1)/C=C/C(=O)O,5.009,DCM,0,C(Cl)Cl
3-(Phenylthio)propanoic-acid,C1=CC=C(C=C1)SCCC(=O)O,0.0,DCM,1,C(Cl)Cl
3-(tert-Butoxycarbonyl)benzoic_acid,CC(C)(C)OC(=O)C1=CC=CC(=C1)C(=O)O,3.134,DCM,1,C(Cl)Cl
3-Bromobenzoyl_chloride,C1=CC(=CC(=C1)Br)C(=O)Cl,6.056,DCM,1,C(Cl)Cl
3-Bromopropionyl_chloride,C(CBr)C(=O)Cl,0.0,DCM,1,C(Cl)Cl
3-Chloro-4-methoxyaniline,COC1=C(C=C(C=C1)N)Cl,4.215,DCM,1,C(Cl)Cl
3-[[(9H-Fluoren-9-ylmethoxy)carbonyl]amino]-2-naphthalenecarboxylic acid,C1=CC=C2C=C(C(=CC2=C1)C(=O)O)NC(=O)OCC3C4=CC=CC=C4C5=CC=CC=C35,4.126,DCM,0,C(Cl)Cl
"4,4',4''-Trimethoxytrityl chloride",COC1=CC=C(C=C1)C(C2=CC=C(C=C2)OC)(C3=CC=C(C=C3)OC)Cl,5.629,DCM,1,C(Cl)Cl
"4,4'-Dihydroxybiphenyl",C1=CC(=CC=C1C2=CC=C(C=C2)O)O,4.214,DCM,0,C(Cl)Cl
"4,4'-Dimethoxybenzophenone",COC1=CC=C(C=C1)C(=O)C2=CC=C(C=C2)OC,5.466,DCM,1,C(Cl)Cl
"4,4?,4??-(1,3,5-TRIAZINE-2,4,6-TRIYL)TRIBENZALDEHYDE",C1=CC(=CC=C1C=O)C2=NC(=NC(=N2)C3=CC=C(C=C3)C=O)C4=CC=C(C=C4)C=O,5.013,DCM,0,C(Cl)Cl
4-(Bromomethyl)benzoic_acid,C1=CC(=CC=C1CBr)C(=O)O,4.563,DCM,0,C(Cl)Cl
4-(Hydroxymethyl)phenylacetic-acid,C1=CC(=CC=C1CC(=O)O)CO,0.0,DCM,0,C(Cl)Cl
4-(Trifluoroacetyl)phenacyl-bromide,C1=CC(=CC=C1C(=O)CBr)C(=O)C(F)(F)F,4.599,DCM,0,C(Cl)Cl
4-(Trifluoromethyl)benzylamine,C1=CC(=CC=C1CN)C(F)(F)F,5.479,DCM,1,C(Cl)Cl
"4-Bromo-3,5-dimethoxybenzoic acid",COC1=CC(=CC(=C1Br)OC)C(=O)O,1.681,DCM,0,C(Cl)Cl
4-Bromo-L-phenylalanine,C1=CC(=CC=C1C[C@@H](C(=O)O)N)Br,3.078,DCM,0,C(Cl)Cl
4-Chlorobenzenesulfonic_acid,C1=CC(=CC=C1S(=O)(=O)O)Cl,0.0,DCM,1,C(Cl)Cl
4-Chloropyridine-3-carboxylic_acid,C1=CN=CC(=C1Cl)C(=O)O,0.0,DCM,0,C(Cl)Cl
"4-Hydroxy-3,5-diiodobenzoic acid",C1=C(C=C(C(=C1I)O)I)C(=O)O,0.0,DCM,0,C(Cl)Cl
4-Hydroxyphthalic_acid,C1=CC(=C(C=C1O)C(=O)O)C(=O)O,0.0,DCM,0,C(Cl)Cl
4-Methoxybiphenyl,COC1=CC=C(C=C1)C2=CC=CC=C2,5.992,DCM,1,C(Cl)Cl
4-Methoxytriphenylamine,COC1=CC=C(C=C1)N(C2=CC=CC=C2)C3=CC=CC=C3,6.676,DCM,1,C(Cl)Cl
4-tert-Butylbenzoyl_chloride,CC(C)(C)C1=CC=C(C=C1)C(=O)Cl,3.054,DCM,0,C(Cl)Cl
"5,7-Dimethyl-[1,2,4]triazolo[1,5-a]pyrimidine-2-carboxylic acid",CC1=CC(=NC2=NC(=NN12)C(=O)O)C,0.0,DCM,0,C(Cl)Cl
5-(Trifluoromethyl)indole,C1=CC2=C(C=CN2)C=C1C(F)(F)F,5.434,DCM,1,C(Cl)Cl
5-(Trifluoromethyl)pyridine-2-carboxaldehyde,C1=CC(=NC=C1C(F)(F)F)C=O,0.0,DCM,1,C(Cl)Cl
5-Bromo-2-furoic_acid,C1=C(OC(=C1)Br)C(=O)O,0.0,DCM,0,C(Cl)Cl
5-Bromo-2-phenylpyridine,C1=CC=C(C=C1)C2=NC=C(C=C2)Br,5.916,DCM,1,C(Cl)Cl
"6,6'-Dibromo-1,1'-bi-2-naphthol",C1=CC2=C(C=CC(=C2C3=C(C=CC4=C3C=CC(=C4)Br)O)O)C=C1Br,6.116,DCM,0,C(Cl)Cl
8-Isoquinolinecarboxaldehyde,C1=CC2=C(C=NC=C2)C(=C1)C=O,3.966,DCM,1,C(Cl)Cl
Allyl-alpha-D-glucopyranoside,C=CCO[C@@H]1[C@@H]([C@H]([C@@H]([C@H](O1)CO)O)O)O,0.0,DCM,0,C(Cl)Cl
Aniline-2-sulfonic_acid,C1=CC=C(C(=C1)N)S(=O)(=O)O,0.0,DCM,0,C(Cl)Cl
Bis(diphenylphosphino)methane,C1=CC=C(C=C1)P(CP(C2=CC=CC=C2)C3=CC=CC=C3)C4=CC=CC=C4,0.0,DCM,1,C(Cl)Cl
DL-beta-Phenylalanine,C1=CC=C(C=C1)C(CC(=O)O)N,0.0,DCM,0,C(Cl)Cl
Di-tert-butylcyclopentadiene,CC(C)(C)C1C=CC(=C1)C(C)(C)C,0.0,DCM,1,C(Cl)Cl
Dibenzyl-malonate,C1=CC=C(C=C1)COC(=O)CC(=O)OCC2=CC=CC=C2,5.69,DCM,1,C(Cl)Cl
Dibromomaleic-acid,C(=C(\C(=O)O)/Br)(\C(=O)O)/Br,0.0,DCM,0,C(Cl)Cl
Diethyl 4-Methoxyphenylphosphonate,CCOP(=O)(C1=CC=C(C=C1)OC)OCC,4.482,DCM,1,C(Cl)Cl
Diethyl_dibutylmalonate,CCCCC(CCCC)(C(=O)OCC)C(=O)OCC,0.0,DCM,1,C(Cl)Cl
Diethyl_phenylmalonate,CCOC(=O)C(C1=CC=CC=C1)C(=O)OCC,5.417,DCM,1,C(Cl)Cl
"Dimethyl 1,3-cyclohexadiene-1,4-dicarboxylate",COC(=O)C1=CC=C(CC1)C(=O)OC,4.833,DCM,1,C(Cl)Cl
"Dimethyl 2,2'-bipyridine-4,4'-dicarboxylate",COC(=O)C1=CC(=NC=C1)C2=NC=CC(=C2)C(=O)OC,5.298,DCM,0,C(Cl)Cl
Dimethyl-propargylmalonate,COC(=O)C(CC#C)C(=O)OC,0.0,DCM,1,C(Cl)Cl
Ethyl 2-cyclohexanoneacetate,CCOC(=O)CC1CCCCC1=O,4.698,DCM,1,C(Cl)Cl
Ethyl 3-thiopheneacetate,CCOC(=O)CC1=CSC=C1,5.116,DCM,1,C(Cl)Cl
"Ethyl 4,4,4-trifluoroacetoacetate",CCOC(=O)CC(=O)C(F)(F)F,3.865,DCM,1,C(Cl)Cl
Ethyl mesitylglyoxylate,CCOC(=O)C(=O)C1=C(C=C(C=C1C)C)C,5.739,DCM,1,C(Cl)Cl
Ethyl-3-oxohexanoate,CCCC(=O)CC(=O)OCC,4.617,DCM,1,C(Cl)Cl
Ethyl-4-bromocrotonate,CCOC(=O)/C=C/CBr,5.051,DCM,1,C(Cl)Cl
Ethyl-4-iodobenzoate,CCOC(=O)C1=CC=C(C=C1)I,6.08,DCM,1,C(Cl)Cl
FMOC-D-ORN(ALOC)-OH,C=CCOC(=O)NCCC[C@H](C(=O)O)NC(=O)OCC1C2=CC=CC=C2C3=CC=CC=C13,5.181,DCM,0,C(Cl)Cl
Flavanone,C1C(OC2=CC=CC=C2C1=O)C3=CC=CC=C3,5.629,DCM,1,C(Cl)Cl
Flufenamic-acid,C1=CC=C(C(=C1)C(=O)O)NC2=CC=CC(=C2)C(F)(F)F,3.574,DCM,0,C(Cl)Cl
Hematein,C1C2=CC(=C(C=C2C3=C4C=CC(=O)C(=C4OCC31O)O)O)O,3.426,DCM,0,C(Cl)Cl
METHYL 2-PHTHALIMIDOACETATE,COC(=O)CN1C(=O)C2=CC=CC=C2C1=O,4.424,DCM,1,C(Cl)Cl
"Methyl 6-oxo-1,6-dihydropyridine-2-carboxylate",COC(=O)C1=CC=CC(=O)N1,2.824,DCM,1,C(Cl)Cl
"Methyl-2,6-dimethoxybenzoate",COC1=C(C(=CC=C1)OC)C(=O)OC,4.637,DCM,1,C(Cl)Cl
Methyl-3-bromo-4-iodobenzoate,COC(=O)C1=CC(=C(C=C1)I)Br,6.161,DCM,1,C(Cl)Cl
"Methyl-6-Oxo-1,6-dihydropyridazine-3-carboxylate",COC(=O)C1=NNC(=O)C=C1,1.314,DCM,0,C(Cl)Cl
Methyl-diethylphosphonoacetate,CCOP(=O)(CC(=O)OC)OCC,3.654,DCM,1,C(Cl)Cl
N(im)-Trityl-L-histidine,C1=CC=C(C=C1)C(C2=CC=CC=C2)(C3=CC=CC=C3)N4C=C(N=C4)C[C@@H](C(=O)O)N,0.0,DCM,0,C(Cl)Cl
"N,N-Dimethyl-L-phenylalanine",CN(C)[C@@H](CC1=CC=CC=C1)C(=O)O,1.55,DCM,0,C(Cl)Cl
N-Acetyl-L-tryptophan,CC(=O)N[C@@H](CC1=CNC2=CC=CC=C21)C(=O)O,0.0,DCM,0,C(Cl)Cl
N-Benzylidenebenzylamine,C1=CC=C(C=C1)CN=CC2=CC=CC=C2,5.775,DCM,1,C(Cl)Cl
N-Phthaloylglycine,C1=CC=C2C(=C1)C(=O)N(C2=O)CC(=O)O,0.0,DCM,0,C(Cl)Cl
"N-[(1,1-Dimethylethoxy)carbonyl]-L-histidine methyl_ester",CC(C)(C)OC(=O)N[C@@H](CC1=CN=CN1)C(=O)OC,3.927,DCM,1,C(Cl)Cl
N-[(Phenylmethoxy)carbonyl]-O-(phenylmethyl)-L-serine_,C1=CC=C(C=C1)COC[C@@H](C(=O)O)NC(=O)OCC2=CC=CC=C2,3.41,DCM,1,C(Cl)Cl
"N6-[(1,1-Dimethylethoxy)carbonyl]-N2-[(9H-fluoren-9-ylmethoxy)carbonyl]-2-methyl-D-lysine",C[C@@](CCCCNC(=O)OC(C)(C)C)(C(=O)O)NC(=O)OCC1C2=CC=CC=C2C3=CC=CC=C13,5.694,DCM,1,C(Cl)Cl
"N6-[(1,1-Dimethylethoxy)carbonyl]-N2-[(phenylmethoxy)carbonyl]-L-lysine",CC(C)(C)OC(=O)NCCCC[C@@H](C(=O)O)NC(=O)OCC1=CC=CC=C1,3.484,DCM,1,C(Cl)Cl
Nalpha-[(9H-Fluoren-9-ylmethoxy)carbonyl]-L-threonine tert-Butyl-Ester,C[C@H]([C@@H](C(=O)OC(C)(C)C)NC(=O)OCC1C2=CC=CC=C2C3=CC=CC=C13)O,5.805,DCM,1,C(Cl)Cl
Phenyl-benzoate,C1=CC=C(C=C1)C(=O)OC2=CC=CC=C2,5.715,DCM,1,C(Cl)Cl
Pindolol,CC(C)NCC(COC1=CC=CC2=C1C=CN2)O,0.0,DCM,1,C(Cl)Cl
Protocatechuic_acid,C1=CC(=C(C=C1C(=O)O)O)O,0.0,DCM,0,C(Cl)Cl
Suberic_acid_monomethyl_ester,COC(=O)CCCCCCC(=O)O,0.0,DCM,0,C(Cl)Cl
Z-D-Glu-OBzl,C1=CC=C(C=C1)COC(=O)[C@@H](CCC(=O)O)NC(=O)OCC2=CC=CC=C2,3.573,DCM,1,C(Cl)Cl
Z-D-Phg-OH,C1=CC=C(C=C1)COC(=O)N[C@H](C2=CC=CC=C2)C(=O)O,3.199,DCM,1,C(Cl)Cl
"meso-1,2-Dibromo-1,2-diphenylethane",C1=CC=C(C=C1)C(C(C2=CC=CC=C2)Br)Br,6.104,DCM,1,C(Cl)Cl
mono-tert-Butyl_succinate,CC(C)(C)OC(=O)CCC(=O)O,4.12,DCM,0,C(Cl)Cl
pentafluorobenzyl-bromide,C(C1=C(C(=C(C(=C1F)F)F)F)F)Br,5.778,DCM,1,C(Cl)Cl
"trans-1,2-Bis(phenylsulfonyl)ethylene",C1=CC=C(C=C1)S(=O)(=O)/C=C/S(=O)(=O)C2=CC=CC=C2,5.16,DCM,0,C(Cl)Cl
trans-4-(9-Fluorenylmethyloxycarbonylaminomethyl)-cyclohexanoic_acid,C1CC(CCC1CNC(=O)OCC2C3=CC=CC=C3C4=CC=CC=C24)C(=O)O,3.703,DCM,0,C(Cl)Cl
trans-Aconitic-acid,C(/C(=C\C(=O)O)/C(=O)O)C(=O)O,0.0,DCM,0,C(Cl)Cl
(1-BROMOETHYL)BENZENE,CC(C1=CC=CC=C1)Br,5.96,DCM,1,C(Cl)Cl
"(2,6-Dioxo-piperidin-4-yl)-acetic_acid",C1C(CC(=O)NC1=O)CC(=O)O,1.603,DCM,0,C(Cl)Cl
(2-BENZYLOXYCARBONYLAMINO-ACETYLAMINO)-ACETIC_ACID,C1=CC=C(C=C1)COC(=O)NCC(=O)NCC(=O)O,4.138,DCM,0,C(Cl)Cl
(2S)-2-{[(9H-fluoren-9-ylmethoxy)carbonyl]amino}-4-hydroxybutanoic acid,C1=CC=C2C(=C1)C(C3=CC=CC=C32)COC(=O)N[C@@H](CCO)C(=O)O,3.575,DCM,0,C(Cl)Cl
"(2S,5S)-1-Hydroxy-2,5-diphenylphospholane 1-oxide",C1C[C@H](P(=O)([C@@H]1C2=CC=CC=C2)O)C3=CC=CC=C3,4.587,DCM,0,C(Cl)Cl
"(?S)-4-(1,1-Dimethylethoxy)-?-[[(9H-fluoren-9-ylmethoxy)carbonyl]amino]benzenebutanoic_acid",CC(C)(C)OC1=CC=C(C=C1)CC[C@@H](C(=O)O)NC(=O)OCC2C3=CC=CC=C3C4=CC=CC=C24,6.202,DCM,1,C(Cl)Cl
(R)-(-)-2-Methoxy-2-phenylethanol,CO[C@@H](CO)C1=CC=CC=C1,4.385,DCM,1,C(Cl)Cl
"(S)-(-)-2-Amino-3-methyl-1,1-diphenyl-1-butanol",CC(C)[C@@H](C(C1=CC=CC=C1)(C2=CC=CC=C2)O)N,4.044,DCM,1,C(Cl)Cl
(S)-Benzyl 2-(((S)-1-methoxy-4-methyl-1-oxopentan-2-yl)carbamoyl)pyrrolidine-1-carboxylate,CC(C)C[C@@H](C(=O)OC)NC(=O)[C@@H]1CCCN1C(=O)OCC2=CC=CC=C2,5.522,DCM,1,C(Cl)Cl
"1,1,1-Tris(4-hydroxyphenyl)ethane",CC(C1=CC=C(C=C1)O)(C2=CC=C(C=C2)O)C3=CC=C(C=C3)O,4.962,DCM,0,C(Cl)Cl
"1,1,3-Triphenylpropargyl alcohol",C1=CC=C(C=C1)C#CC(C2=CC=CC=C2)(C3=CC=CC=C3)O,6.308,DCM,1,C(Cl)Cl
"1,2-Bis(4-hydroxyphenyl)ethane-1,2-dione",C1=CC(=CC=C1C(=O)C(=O)C2=CC=C(C=C2)O)O,4.821,DCM,0,C(Cl)Cl
"1,3-Bis(trifluoromethyl)-5-bromobenzene",C1=C(C=C(C=C1C(F)(F)F)Br)C(F)(F)F,6.324,DCM,1,C(Cl)Cl
"1,3-Butanediol-diacrylate",CC(CCOC(=O)C=C)OC(=O)C=C,5.359,DCM,1,C(Cl)Cl
"1,3-Dimethyl 2-[(4-methoxyphenyl)methylene]propanedioate",COC1=CC=C(C=C1)C=C(C(=O)OC)C(=O)OC,5.569,DCM,1,C(Cl)Cl
"1,3-Diphenylacetone_p-tosylhydrazone",CC1=CC=C(C=C1)S(=O)(=O)NN=C(CC2=CC=CC=C2)CC3=CC=CC=C3,6.303,DCM,1,C(Cl)Cl
"1,4-Bis(bromomethyl)-2,3,5,6-tetrafluorobenzene_",C(C1=C(C(=C(C(=C1F)F)CBr)F)F)Br,6.262,DCM,1,C(Cl)Cl
"1,4-Cyclohexanedicarboxylic-acid",C1CC(CCC1C(=O)O)C(=O)O,3.862,DCM,0,C(Cl)Cl
"1,4-Dibromo-2,3-butanedione",C(C(=O)C(=O)CBr)Br,4.114,DCM,1,C(Cl)Cl
1-(4-Biphenyl)-1-ethanol,CC(C1=CC=C(C=C1)C2=CC=CC=C2)O,5.562,DCM,1,C(Cl)Cl
"1-(9H-Fluoren-9-ylmethyl) (2S,4S)-4-[[(1,1-dimethylethoxy)carbonyl]amino]-1,2-pyrrolidinedicarboxylate_",CC(C)(C)OC(=O)N[C@H]1C[C@H](N(C1)C(=O)OCC2C3=CC=CC=C3C4=CC=CC=C24)C(=O)O,5.724,DCM,1,C(Cl)Cl
1-(tert-Butoxycarbonyl)-4-[(9H-fluoren-9-ylmethoxy)carbonyl]-2-piperazinecarboxylic_acid,CC(C)(C)OC(=O)N1CCN(CC1C(=O)O)C(=O)OCC2C3=CC=CC=C3C4=CC=CC=C24,5.934,DCM,1,C(Cl)Cl
1-BROMO-3-METHYLBUTANE,CC(C)CCBr,0.0,DCM,1,C(Cl)Cl
1-Benzofuran-5-carboxylic_acid,C1=CC2=C(C=CO2)C=C1C(=O)O,4.758,DCM,0,C(Cl)Cl
1-Benzylpiperidine,C1CCN(CC1)CC2=CC=CC=C2,3.3,DCM,1,C(Cl)Cl
1-Bromo-4-(trifluoromethoxy)benzene,C1=CC(=CC=C1OC(F)(F)F)Br,6.188,DCM,1,C(Cl)Cl
1-Bromopentanemethylbenzene,CC1=C(C(=C(C(=C1C)C)Br)C)C,0.0,DCM,1,C(Cl)Cl
1-Phenyl-5-(trifluoromethyl)-1H-pyrazole-4-carboxylic_acid,C1=CC=C(C=C1)N2C(=C(C=N2)C(=O)O)C(F)(F)F,5.106,DCM,1,C(Cl)Cl
1-Pyrenemethanol,C1=CC2=C3C(=C1)C=CC4=C(C=CC(=C43)C=C2)CO,5.734,DCM,1,C(Cl)Cl
"1-Tosyl-2,5-dihydro-1H-pyrrole",CC1=CC=C(C=C1)S(=O)(=O)N2CC=CC2,5.542,DCM,1,C(Cl)Cl
"2,2"",4,4""-Tetramethylbenzophenone",CC1=CC(=C(C=C1)C(=O)C2=C(C=C(C=C2)C)C)C,6.671,DCM,1,C(Cl)Cl
"2,2,2-TRIFLUOROACETOPHENONE",C1=CC=C(C=C1)C(=O)C(F)(F)F,4.769,DCM,0,C(Cl)Cl
"2,3,4-Trifluorobenzoic acid",C1=CC(=C(C(=C1C(=O)O)F)F)F,4.677,DCM,1,C(Cl)Cl
"2,3,6,7,10,11-Hexamethoxytriphenylene",COC1=C(C=C2C(=C1)C3=CC(=C(C=C3C4=CC(=C(C=C24)OC)OC)OC)OC)OC,5.87,DCM,1,C(Cl)Cl
"2,4,6-Tris(bromomethyl)mesitylene",CC1=C(C(=C(C(=C1CBr)C)CBr)C)CBr,6.722,DCM,1,C(Cl)Cl
"2,4-Dichlorophenol",C1=CC(=C(C=C1Cl)Cl)O,5.337,DCM,1,C(Cl)Cl
"2,6-Bis[(4S)-4-phenyl-2-oxazolinyl]pyridine",C1[C@@H](N=C(O1)C2=NC(=CC=C2)C3=N[C@H](CO3)C4=CC=CC=C4)C5=CC=CC=C5,5.816,DCM,1,C(Cl)Cl
"2,6-Dichloroiodobenzene",C1=CC(=C(C(=C1)Cl)I)Cl,6.312,DCM,1,C(Cl)Cl
"2,6-Diisopropylphenol",CC(C)C1=C(C(=CC=C1)C(C)C)O,6.114,DCM,1,C(Cl)Cl
"2,6-Dimethoxy-1,4-benzoquinone",COC1=CC(=O)C=C(C1=O)OC,3.943,DCM,1,C(Cl)Cl
"2,6-Dimethoxybenzoyl_chloride",COC1=C(C(=CC=C1)OC)C(=O)Cl,4.229,DCM,1,C(Cl)Cl
2-(3-Chlorophenoxy)propionic-acid,CC(C(=O)O)OC1=CC(=CC=C1)Cl,5.044,DCM,1,C(Cl)Cl
2-(4-Chlorobenzoyl)benzoic_acid,C1=CC=C(C(=C1)C(=O)C2=CC=C(C=C2)Cl)C(=O)O,5.374,DCM,1,C(Cl)Cl
2-(Diphenylphosphino)benzoic-acid,C1=CC=C(C=C1)P(C2=CC=CC=C2)C3=CC=CC=C3C(=O)O,6.127,DCM,1,C(Cl)Cl
2-(Trifluoromethyl)pyridine-4-carboxylic_acid,C1=CN=C(C=C1C(=O)O)C(F)(F)F,4.163,DCM,0,C(Cl)Cl
2-Amino-4-phenylphenol,C1=CC=C(C=C1)C2=CC(=C(C=C2)O)N,4.711,DCM,0,C(Cl)Cl
2-Amino-6-bromopyridine,C1=CC(=NC(=C1)Br)N,4.496,DCM,1,C(Cl)Cl
2-Benzyloxybenzoic_acid ,C1=CC=C(C=C1)COC2=CC=CC=C2C(=O)O,5.359,DCM,1,C(Cl)Cl
"2-Bromo-2',6'-diisopropoxy-1,1'-biphenyl",CC(C)OC1=C(C(=CC=C1)OC(C)C)C2=CC=CC=C2Br,0.0,DCM,1,C(Cl)Cl
2-Bromo-5-(trifluoromethyl)benzaldehyde,C1=CC(=C(C=C1C(F)(F)F)C=O)Br,5.885,DCM,1,C(Cl)Cl
2-Bromo-5-chlorotoluene,CC1=C(C=CC(=C1)Cl)Br,6.454,DCM,1,C(Cl)Cl
2-Bromoanthraquinone,C1=CC=C2C(=C1)C(=O)C3=C(C2=O)C=C(C=C3)Br,6.445,DCM,1,C(Cl)Cl
2-Bromonaphthalen-1-ol,C1=CC=C2C(=C1)C=CC(=C2O)Br,5.757,DCM,1,C(Cl)Cl
2-Bromophenethylamine,C1=CC=C(C(=C1)CCN)Br,3.473,DCM,1,C(Cl)Cl
2-Bromotoluene,CC1=CC=CC=C1Br,6.157,DCM,1,C(Cl)Cl
2-Hydroxy-4-(trifluoromethyl)aniline,C1=CC(=C(C=C1C(F)(F)F)O)N,4.993,DCM,0,C(Cl)Cl
2-Iodobenzaldehyde,C1=CC=C(C(=C1)C=O)I,5.631,DCM,1,C(Cl)Cl
2-Iodobenzyl_bromide,C1=CC=C(C(=C1)CBr)I,6.206,DCM,1,C(Cl)Cl
2-Iodopyridine,C1=CC=NC(=C1)I,4.783,DCM,1,C(Cl)Cl
2-Isopropylthioxanthone,CC(C)C1=CC2=C(C=C1)SC3=CC=CC=C3C2=O,6.677,DCM,1,C(Cl)Cl
"2-Methyl-5-(trifluoromethyl)-1,3-benzoxazole",CC1=NC2=C(O1)C=CC(=C2)C(F)(F)F,5.479,DCM,1,C(Cl)Cl
"3,3-Dimethyl-1-indanone",CC1(CC(=O)C2=CC=CC=C21)C,5.38,DCM,1,C(Cl)Cl
"3,4,5-TRIBROMO-1H-PYRAZOLE",C1(=C(NN=C1Br)Br)Br,5.283,DCM,0,C(Cl)Cl
"3,4,7,8-Tetramethyl-1,10-phenanthroline",CC1=CN=C2C(=C1C)C=CC3=C(C(=CN=C32)C)C,4.057,DCM,1,C(Cl)Cl
"3,5-Di-tert-butylbenzoic acid",CC(C)(C)C1=CC(=CC(=C1)C(=O)O)C(C)(C)C,6.11,DCM,1,C(Cl)Cl
"3,5-Dibromotoluene",CC1=CC(=CC(=C1)Br)Br,6.552,DCM,0,C(Cl)Cl
"3,5-Dimethylbenzoyl_chloride",CC1=CC(=CC(=C1)C(=O)Cl)C,5.091,DCM,1,C(Cl)Cl
"3,6-Dimethoxy-9H-carbazole",COC1=CC2=C(C=C1)NC3=C2C=C(C=C3)OC,5.577,DCM,1,C(Cl)Cl
3-(2-Naphthyl)acrylic_acid,C1=CC=C2C=C(C=CC2=C1)/C=C/C(=O)O,5.297,DCM,0,C(Cl)Cl
3-(Phenylthio)propanoic-acid,C1=CC=C(C=C1)SCCC(=O)O,5.054,DCM,1,C(Cl)Cl
3-(tert-Butoxycarbonyl)benzoic_acid,CC(C)(C)OC(=O)C1=CC=CC(=C1)C(=O)O,5.33,DCM,1,C(Cl)Cl
3-Bromobenzoyl_chloride,C1=CC(=CC(=C1)Br)C(=O)Cl,6.177,DCM,1,C(Cl)Cl
3-Bromopropionyl_chloride,C(CBr)C(=O)Cl,3.625,DCM,1,C(Cl)Cl
3-Chloro-4-methoxyaniline,COC1=C(C=C(C=C1)N)Cl,3.884,DCM,1,C(Cl)Cl
3-[[(9H-Fluoren-9-ylmethoxy)carbonyl]amino]-2-naphthalenecarboxylic acid,C1=CC=C2C=C(C(=CC2=C1)C(=O)O)NC(=O)OCC3C4=CC=CC=C4C5=CC=CC=C35,6.389,DCM,0,C(Cl)Cl
"4,4',4''-Trimethoxytrityl chloride",COC1=CC=C(C=C1)C(C2=CC=C(C=C2)OC)(C3=CC=C(C=C3)OC)Cl,6.063,DCM,1,C(Cl)Cl
"4,4'-Dihydroxybiphenyl",C1=CC(=CC=C1C2=CC=C(C=C2)O)O,4.669,DCM,0,C(Cl)Cl
"4,4'-Dimethoxybenzophenone",COC1=CC=C(C=C1)C(=O)C2=CC=C(C=C2)OC,5.783,DCM,1,C(Cl)Cl
"4,4?,4??-(1,3,5-TRIAZINE-2,4,6-TRIYL)TRIBENZALDEHYDE",C1=CC(=CC=C1C=O)C2=NC(=NC(=N2)C3=CC=C(C=C3)C=O)C4=CC=C(C=C4)C=O,5.449,DCM,0,C(Cl)Cl
4-(Bromomethyl)benzoic_acid,C1=CC(=CC=C1CBr)C(=O)O,4.98,DCM,0,C(Cl)Cl
4-(Hydroxymethyl)phenylacetic-acid,C1=CC(=CC=C1CC(=O)O)CO,3.718,DCM,0,C(Cl)Cl
4-(Trifluoroacetyl)phenacyl-bromide,C1=CC(=CC=C1C(=O)CBr)C(=O)C(F)(F)F,5.142,DCM,0,C(Cl)Cl
4-(Trifluoromethyl)benzylamine,C1=CC(=CC=C1CN)C(F)(F)F,3.509,DCM,1,C(Cl)Cl
"4-Bromo-3,5-dimethoxybenzoic acid",COC1=CC(=CC(=C1Br)OC)C(=O)O,5.027,DCM,0,C(Cl)Cl
4-Bromo-L-phenylalanine,C1=CC(=CC=C1C[C@@H](C(=O)O)N)Br,3.622,DCM,0,C(Cl)Cl
4-Chlorobenzenesulfonic_acid,C1=CC(=CC=C1S(=O)(=O)O)Cl,3.882,DCM,1,C(Cl)Cl
4-Chloropyridine-3-carboxylic_acid,C1=CN=CC(=C1Cl)C(=O)O,1.818,DCM,0,C(Cl)Cl
"4-Hydroxy-3,5-diiodobenzoic acid",C1=C(C=C(C(=C1I)O)I)C(=O)O,4.922,DCM,0,C(Cl)Cl
4-Hydroxyphthalic_acid,C1=CC(=C(C=C1O)C(=O)O)C(=O)O,3.237,DCM,0,C(Cl)Cl
4-Methoxybiphenyl,COC1=CC=C(C=C1)C2=CC=CC=C2,6.123,DCM,1,C(Cl)Cl
4-Methoxytriphenylamine,COC1=CC=C(C=C1)N(C2=CC=CC=C2)C3=CC=CC=C3,6.766,DCM,1,C(Cl)Cl
4-tert-Butylbenzoyl_chloride,CC(C)(C)C1=CC=C(C=C1)C(=O)Cl,5.431,DCM,0,C(Cl)Cl
"5,7-Dimethyl-[1,2,4]triazolo[1,5-a]pyrimidine-2-carboxylic acid",CC1=CC(=NC2=NC(=NN12)C(=O)O)C,3.073,DCM,0,C(Cl)Cl
5-(Trifluoromethyl)indole,C1=CC2=C(C=CN2)C=C1C(F)(F)F,5.722,DCM,1,C(Cl)Cl
5-(Trifluoromethyl)pyridine-2-carboxaldehyde,C1=CC(=NC=C1C(F)(F)F)C=O,3.976,DCM,1,C(Cl)Cl
5-Bromo-2-furoic_acid,C1=C(OC(=C1)Br)C(=O)O,4.056,DCM,0,C(Cl)Cl
5-Bromo-2-phenylpyridine,C1=CC=C(C=C1)C2=NC=C(C=C2)Br,6.116,DCM,1,C(Cl)Cl
"6,6'-Dibromo-1,1'-bi-2-naphthol",C1=CC2=C(C=CC(=C2C3=C(C=CC4=C3C=CC(=C4)Br)O)O)C=C1Br,6.489,DCM,0,C(Cl)Cl
8-Isoquinolinecarboxaldehyde,C1=CC2=C(C=NC=C2)C(=C1)C=O,3.547,DCM,1,C(Cl)Cl
Allyl-alpha-D-glucopyranoside,C=CCO[C@@H]1[C@@H]([C@H]([C@@H]([C@H](O1)CO)O)O)O,1.36,DCM,0,C(Cl)Cl
Aniline-2-sulfonic_acid,C1=CC=C(C(=C1)N)S(=O)(=O)O,2.292,DCM,0,C(Cl)Cl
Bis(diphenylphosphino)methane,C1=CC=C(C=C1)P(CP(C2=CC=CC=C2)C3=CC=CC=C3)C4=CC=CC=C4,0.0,DCM,1,C(Cl)Cl
DL-beta-Phenylalanine,C1=CC=C(C=C1)C(CC(=O)O)N,1.918,DCM,0,C(Cl)Cl
Di-tert-butylcyclopentadiene,CC(C)(C)C1C=CC(=C1)C(C)(C)C,0.0,DCM,1,C(Cl)Cl
Dibenzyl-malonate,C1=CC=C(C=C1)COC(=O)CC(=O)OCC2=CC=CC=C2,5.989,DCM,1,C(Cl)Cl
Dibromomaleic-acid,C(=C(\C(=O)O)/Br)(\C(=O)O)/Br,3.974,DCM,0,C(Cl)Cl
Diethyl 4-Methoxyphenylphosphonate,CCOP(=O)(C1=CC=C(C=C1)OC)OCC,4.937,DCM,1,C(Cl)Cl
Diethyl_dibutylmalonate,CCCCC(CCCC)(C(=O)OCC)C(=O)OCC,0.0,DCM,1,C(Cl)Cl
Diethyl_phenylmalonate,CCOC(=O)C(C1=CC=CC=C1)C(=O)OCC,5.761,DCM,1,C(Cl)Cl
"Dimethyl 1,3-cyclohexadiene-1,4-dicarboxylate",COC(=O)C1=CC=C(CC1)C(=O)OC,5.27,DCM,1,C(Cl)Cl
"Dimethyl 2,2'-bipyridine-4,4'-dicarboxylate",COC(=O)C1=CC(=NC=C1)C2=NC=CC(=C2)C(=O)OC,5.562,DCM,0,C(Cl)Cl
Dimethyl-propargylmalonate,COC(=O)C(CC#C)C(=O)OC,0.0,DCM,1,C(Cl)Cl
Ethyl 2-cyclohexanoneacetate,CCOC(=O)CC1CCCCC1=O,5.103,DCM,1,C(Cl)Cl
Ethyl 3-thiopheneacetate,CCOC(=O)CC1=CSC=C1,5.496,DCM,1,C(Cl)Cl
"Ethyl 4,4,4-trifluoroacetoacetate",CCOC(=O)CC(=O)C(F)(F)F,4.313,DCM,1,C(Cl)Cl
Ethyl mesitylglyoxylate,CCOC(=O)C(=O)C1=C(C=C(C=C1C)C)C,6.088,DCM,1,C(Cl)Cl
Ethyl-3-oxohexanoate,CCCC(=O)CC(=O)OCC,5.04,DCM,1,C(Cl)Cl
Ethyl-4-bromocrotonate,CCOC(=O)/C=C/CBr,5.433,DCM,1,C(Cl)Cl
Ethyl-4-iodobenzoate,CCOC(=O)C1=CC=C(C=C1)I,6.153,DCM,1,C(Cl)Cl
FMOC-D-ORN(ALOC)-OH,C=CCOC(=O)NCCC[C@H](C(=O)O)NC(=O)OCC1C2=CC=CC=C2C3=CC=CC=C13,5.469,DCM,0,C(Cl)Cl
Flavanone,C1C(OC2=CC=CC=C2C1=O)C3=CC=CC=C3,5.939,DCM,1,C(Cl)Cl
Flufenamic-acid,C1=CC=C(C(=C1)C(=O)O)NC2=CC=CC(=C2)C(F)(F)F,6.025,DCM,0,C(Cl)Cl
Hematein,C1C2=CC(=C(C=C2C3=C4C=CC(=O)C(=C4OCC31O)O)O)O,4.919,DCM,0,C(Cl)Cl
METHYL 2-PHTHALIMIDOACETATE,COC(=O)CN1C(=O)C2=CC=CC=C2C1=O,5.022,DCM,1,C(Cl)Cl
"Methyl 6-oxo-1,6-dihydropyridine-2-carboxylate",COC(=O)C1=CC=CC(=O)N1,3.413,DCM,1,C(Cl)Cl
"Methyl-2,6-dimethoxybenzoate",COC1=C(C(=CC=C1)OC)C(=O)OC,5.138,DCM,1,C(Cl)Cl
Methyl-3-bromo-4-iodobenzoate,COC(=O)C1=CC(=C(C=C1)I)Br,6.256,DCM,1,C(Cl)Cl
"Methyl-6-Oxo-1,6-dihydropyridazine-3-carboxylate",COC(=O)C1=NNC(=O)C=C1,3.235,DCM,0,C(Cl)Cl
Methyl-diethylphosphonoacetate,CCOP(=O)(CC(=O)OC)OCC,4.05,DCM,1,C(Cl)Cl
N(im)-Trityl-L-histidine,C1=CC=C(C=C1)C(C2=CC=CC=C2)(C3=CC=CC=C3)N4C=C(N=C4)C[C@@H](C(=O)O)N,4.361,DCM,0,C(Cl)Cl
"N,N-Dimethyl-L-phenylalanine",CN(C)[C@@H](CC1=CC=CC=C1)C(=O)O,3.197,DCM,0,C(Cl)Cl
N-Acetyl-L-tryptophan,CC(=O)N[C@@H](CC1=CNC2=CC=CC=C21)C(=O)O,4.141,DCM,0,C(Cl)Cl
N-Benzylidenebenzylamine,C1=CC=C(C=C1)CN=CC2=CC=CC=C2,4.85,DCM,1,C(Cl)Cl
N-Phthaloylglycine,C1=CC=C2C(=C1)C(=O)N(C2=O)CC(=O)O,4.125,DCM,0,C(Cl)Cl
"N-[(1,1-Dimethylethoxy)carbonyl]-L-histidine methyl_ester",CC(C)(C)OC(=O)N[C@@H](CC1=CN=CN1)C(=O)OC,3.445,DCM,1,C(Cl)Cl
N-[(Phenylmethoxy)carbonyl]-O-(phenylmethyl)-L-serine_,C1=CC=C(C=C1)COC[C@@H](C(=O)O)NC(=O)OCC2=CC=CC=C2,5.432,DCM,1,C(Cl)Cl
"N6-[(1,1-Dimethylethoxy)carbonyl]-N2-[(9H-fluoren-9-ylmethoxy)carbonyl]-2-methyl-D-lysine",C[C@@](CCCCNC(=O)OC(C)(C)C)(C(=O)O)NC(=O)OCC1C2=CC=CC=C2C3=CC=CC=C13,5.893,DCM,1,C(Cl)Cl
"N6-[(1,1-Dimethylethoxy)carbonyl]-N2-[(phenylmethoxy)carbonyl]-L-lysine",CC(C)(C)OC(=O)NCCCC[C@@H](C(=O)O)NC(=O)OCC1=CC=CC=C1,5.311,DCM,1,C(Cl)Cl
Nalpha-[(9H-Fluoren-9-ylmethoxy)carbonyl]-L-threonine tert-Butyl-Ester,C[C@H]([C@@H](C(=O)OC(C)(C)C)NC(=O)OCC1C2=CC=CC=C2C3=CC=CC=C13)O,6.036,DCM,1,C(Cl)Cl
Phenyl-benzoate,C1=CC=C(C=C1)C(=O)OC2=CC=CC=C2,6.089,DCM,1,C(Cl)Cl
Pindolol,CC(C)NCC(COC1=CC=CC2=C1C=CN2)O,3.486,DCM,1,C(Cl)Cl
Protocatechuic_acid,C1=CC(=C(C=C1C(=O)O)O)O,3.331,DCM,0,C(Cl)Cl
Suberic_acid_monomethyl_ester,COC(=O)CCCCCCC(=O)O,4.605,DCM,0,C(Cl)Cl
Z-D-Glu-OBzl,C1=CC=C(C=C1)COC(=O)[C@@H](CCC(=O)O)NC(=O)OCC2=CC=CC=C2,5.408,DCM,1,C(Cl)Cl
Z-D-Phg-OH,C1=CC=C(C=C1)COC(=O)N[C@H](C2=CC=CC=C2)C(=O)O,5.194,DCM,1,C(Cl)Cl
"meso-1,2-Dibromo-1,2-diphenylethane",C1=CC=C(C=C1)C(C(C2=CC=CC=C2)Br)Br,6.367,DCM,1,C(Cl)Cl
mono-tert-Butyl_succinate,CC(C)(C)OC(=O)CCC(=O)O,4.527,DCM,0,C(Cl)Cl
pentafluorobenzyl-bromide,C(C1=C(C(=C(C(=C1F)F)F)F)F)Br,6.171,DCM,1,C(Cl)Cl
"trans-1,2-Bis(phenylsulfonyl)ethylene",C1=CC=C(C=C1)S(=O)(=O)/C=C/S(=O)(=O)C2=CC=CC=C2,5.559,DCM,0,C(Cl)Cl
trans-4-(9-Fluorenylmethyloxycarbonylaminomethyl)-cyclohexanoic_acid,C1CC(CCC1CNC(=O)OCC2C3=CC=CC=C3C4=CC=CC=C24)C(=O)O,5.583,DCM,0,C(Cl)Cl
trans-Aconitic-acid,C(/C(=C\C(=O)O)/C(=O)O)C(=O)O,1.35,DCM,0,C(Cl)Cl
(1-BROMOETHYL)BENZENE,CC(C1=CC=CC=C1)Br,5.967,DCM,1,C(Cl)Cl
"(2,6-Dioxo-piperidin-4-yl)-acetic_acid",C1C(CC(=O)NC1=O)CC(=O)O,0.0,DCM,0,C(Cl)Cl
(2-BENZYLOXYCARBONYLAMINO-ACETYLAMINO)-ACETIC_ACID,C1=CC=C(C=C1)COC(=O)NCC(=O)NCC(=O)O,4.144,DCM,0,C(Cl)Cl
(2S)-2-{[(9H-fluoren-9-ylmethoxy)carbonyl]amino}-4-hydroxybutanoic acid,C1=CC=C2C(=C1)C(C3=CC=CC=C32)COC(=O)N[C@@H](CCO)C(=O)O,3.558,DCM,0,C(Cl)Cl
"(2S,5S)-1-Hydroxy-2,5-diphenylphospholane 1-oxide",C1C[C@H](P(=O)([C@@H]1C2=CC=CC=C2)O)C3=CC=CC=C3,2.549,DCM,0,C(Cl)Cl
"(?S)-4-(1,1-Dimethylethoxy)-?-[[(9H-fluoren-9-ylmethoxy)carbonyl]amino]benzenebutanoic_acid",CC(C)(C)OC1=CC=C(C=C1)CC[C@@H](C(=O)O)NC(=O)OCC2C3=CC=CC=C3C4=CC=CC=C24,3.933,DCM,1,C(Cl)Cl
(R)-(-)-2-Methoxy-2-phenylethanol,CO[C@@H](CO)C1=CC=CC=C1,4.342,DCM,1,C(Cl)Cl
"(S)-(-)-2-Amino-3-methyl-1,1-diphenyl-1-butanol",CC(C)[C@@H](C(C1=CC=CC=C1)(C2=CC=CC=C2)O)N,6.79,DCM,1,C(Cl)Cl
(S)-Benzyl 2-(((S)-1-methoxy-4-methyl-1-oxopentan-2-yl)carbamoyl)pyrrolidine-1-carboxylate,CC(C)C[C@@H](C(=O)OC)NC(=O)[C@@H]1CCCN1C(=O)OCC2=CC=CC=C2,5.557,DCM,1,C(Cl)Cl
"1,1,1-Tris(4-hydroxyphenyl)ethane",CC(C1=CC=C(C=C1)O)(C2=CC=C(C=C2)O)C3=CC=C(C=C3)O,4.966,DCM,0,C(Cl)Cl
"1,1,3-Triphenylpropargyl alcohol",C1=CC=C(C=C1)C#CC(C2=CC=CC=C2)(C3=CC=CC=C3)O,6.219,DCM,1,C(Cl)Cl
"1,2-Bis(4-hydroxyphenyl)ethane-1,2-dione",C1=CC(=CC=C1C(=O)C(=O)C2=CC=C(C=C2)O)O,0.0,DCM,0,C(Cl)Cl
"1,3-Bis(trifluoromethyl)-5-bromobenzene",C1=C(C=C(C=C1C(F)(F)F)Br)C(F)(F)F,6.352,DCM,1,C(Cl)Cl
"1,3-Butanediol-diacrylate",CC(CCOC(=O)C=C)OC(=O)C=C,5.342,DCM,1,C(Cl)Cl
"1,3-Dimethyl 2-[(4-methoxyphenyl)methylene]propanedioate",COC1=CC=C(C=C1)C=C(C(=O)OC)C(=O)OC,5.492,DCM,1,C(Cl)Cl
"1,3-Diphenylacetone_p-tosylhydrazone",CC1=CC=C(C=C1)S(=O)(=O)NN=C(CC2=CC=CC=C2)CC3=CC=CC=C3,6.124,DCM,1,C(Cl)Cl
"1,4-Bis(bromomethyl)-2,3,5,6-tetrafluorobenzene_",C(C1=C(C(=C(C(=C1F)F)CBr)F)F)Br,6.298,DCM,1,C(Cl)Cl
"1,4-Cyclohexanedicarboxylic-acid",C1CC(CCC1C(=O)O)C(=O)O,0.0,DCM,0,C(Cl)Cl
"1,4-Dibromo-2,3-butanedione",C(C(=O)C(=O)CBr)Br,3.62,DCM,1,C(Cl)Cl
1-(4-Biphenyl)-1-ethanol,CC(C1=CC=C(C=C1)C2=CC=CC=C2)O,5.558,DCM,1,C(Cl)Cl
"1-(9H-Fluoren-9-ylmethyl) (2S,4S)-4-[[(1,1-dimethylethoxy)carbonyl]amino]-1,2-pyrrolidinedicarboxylate_",CC(C)(C)OC(=O)N[C@H]1C[C@H](N(C1)C(=O)OCC2C3=CC=CC=C3C4=CC=CC=C24)C(=O)O,3.658,DCM,1,C(Cl)Cl
1-(tert-Butoxycarbonyl)-4-[(9H-fluoren-9-ylmethoxy)carbonyl]-2-piperazinecarboxylic_acid,CC(C)(C)OC(=O)N1CCN(CC1C(=O)O)C(=O)OCC2C3=CC=CC=C3C4=CC=CC=C24,3.705,DCM,1,C(Cl)Cl
1-BROMO-3-METHYLBUTANE,CC(C)CCBr,0.0,DCM,1,C(Cl)Cl
1-Benzofuran-5-carboxylic_acid,C1=CC2=C(C=CO2)C=C1C(=O)O,0.0,DCM,0,C(Cl)Cl
1-Benzylpiperidine,C1CCN(CC1)CC2=CC=CC=C2,0.0,DCM,1,C(Cl)Cl
1-Bromo-4-(trifluoromethoxy)benzene,C1=CC(=CC=C1OC(F)(F)F)Br,0.0,DCM,1,C(Cl)Cl
1-Bromopentanemethylbenzene,CC1=C(C(=C(C(=C1C)C)Br)C)C,0.0,DCM,1,C(Cl)Cl
1-Phenyl-5-(trifluoromethyl)-1H-pyrazole-4-carboxylic_acid,C1=CC=C(C=C1)N2C(=C(C=N2)C(=O)O)C(F)(F)F,1.555,DCM,1,C(Cl)Cl
1-Pyrenemethanol,C1=CC2=C3C(=C1)C=CC4=C(C=CC(=C43)C=C2)CO,5.63,DCM,1,C(Cl)Cl
"1-Tosyl-2,5-dihydro-1H-pyrrole",CC1=CC=C(C=C1)S(=O)(=O)N2CC=CC2,5.568,DCM,1,C(Cl)Cl
"2,2"",4,4""-Tetramethylbenzophenone",CC1=CC(=C(C=C1)C(=O)C2=C(C=C(C=C2)C)C)C,6.718,DCM,1,C(Cl)Cl
"2,2,2-TRIFLUOROACETOPHENONE",C1=CC=C(C=C1)C(=O)C(F)(F)F,4.757,DCM,0,C(Cl)Cl
"2,3,4-Trifluorobenzoic acid",C1=CC(=C(C(=C1C(=O)O)F)F)F,0.0,DCM,1,C(Cl)Cl
"2,3,6,7,10,11-Hexamethoxytriphenylene",COC1=C(C=C2C(=C1)C3=CC(=C(C=C3C4=CC(=C(C=C24)OC)OC)OC)OC)OC,5.892,DCM,1,C(Cl)Cl
"2,4,6-Tris(bromomethyl)mesitylene",CC1=C(C(=C(C(=C1CBr)C)CBr)C)CBr,6.604,DCM,1,C(Cl)Cl
"2,4-Dichlorophenol",C1=CC(=C(C=C1Cl)Cl)O,5.219,DCM,1,C(Cl)Cl
"2,6-Bis[(4S)-4-phenyl-2-oxazolinyl]pyridine",C1[C@@H](N=C(O1)C2=NC(=CC=C2)C3=N[C@H](CO3)C4=CC=CC=C4)C5=CC=CC=C5,5.83,DCM,1,C(Cl)Cl
"2,6-Dichloroiodobenzene",C1=CC(=C(C(=C1)Cl)I)Cl,5.546,DCM,1,C(Cl)Cl
"2,6-Diisopropylphenol",CC(C)C1=C(C(=CC=C1)C(C)C)O,6.125,DCM,1,C(Cl)Cl
"2,6-Dimethoxy-1,4-benzoquinone",COC1=CC(=O)C=C(C1=O)OC,3.926,DCM,1,C(Cl)Cl
"2,6-Dimethoxybenzoyl_chloride",COC1=C(C(=CC=C1)OC)C(=O)Cl,0.0,DCM,1,C(Cl)Cl
2-(3-Chlorophenoxy)propionic-acid,CC(C(=O)O)OC1=CC(=CC=C1)Cl,0.0,DCM,1,C(Cl)Cl
2-(4-Chlorobenzoyl)benzoic_acid,C1=CC=C(C(=C1)C(=O)C2=CC=C(C=C2)Cl)C(=O)O,3.145,DCM,1,C(Cl)Cl
2-(Diphenylphosphino)benzoic-acid,C1=CC=C(C=C1)P(C2=CC=CC=C2)C3=CC=CC=C3C(=O)O,4.301,DCM,1,C(Cl)Cl
2-(Trifluoromethyl)pyridine-4-carboxylic_acid,C1=CN=C(C=C1C(=O)O)C(F)(F)F,0.0,DCM,0,C(Cl)Cl
2-Amino-4-phenylphenol,C1=CC=C(C=C1)C2=CC(=C(C=C2)O)N,4.993,DCM,0,C(Cl)Cl
2-Amino-6-bromopyridine,C1=CC(=NC(=C1)Br)N,4.539,DCM,1,C(Cl)Cl
2-Benzyloxybenzoic_acid ,C1=CC=C(C=C1)COC2=CC=CC=C2C(=O)O,1.02,DCM,1,C(Cl)Cl
"2-Bromo-2',6'-diisopropoxy-1,1'-biphenyl",CC(C)OC1=C(C(=CC=C1)OC(C)C)C2=CC=CC=C2Br,6.718,DCM,1,C(Cl)Cl
2-Bromo-5-(trifluoromethyl)benzaldehyde,C1=CC(=C(C=C1C(F)(F)F)C=O)Br,5.909,DCM,1,C(Cl)Cl
2-Bromo-5-chlorotoluene,CC1=C(C=CC(=C1)Cl)Br,6.34,DCM,1,C(Cl)Cl
2-Bromoanthraquinone,C1=CC=C2C(=C1)C(=O)C3=C(C2=O)C=C(C=C3)Br,6.448,DCM,1,C(Cl)Cl
2-Bromonaphthalen-1-ol,C1=CC=C2C(=C1)C=CC(=C2O)Br,5.471,DCM,1,C(Cl)Cl
2-Bromophenethylamine,C1=CC=C(C(=C1)CCN)Br,4.843,DCM,1,C(Cl)Cl
2-Bromotoluene,CC1=CC=CC=C1Br,6.192,DCM,1,C(Cl)Cl
2-Hydroxy-4-(trifluoromethyl)aniline,C1=CC(=C(C=C1C(F)(F)F)O)N,5.006,DCM,0,C(Cl)Cl
2-Iodobenzaldehyde,C1=CC=C(C(=C1)C=O)I,5.649,DCM,1,C(Cl)Cl
2-Iodobenzyl_bromide,C1=CC=C(C(=C1)CBr)I,6.106,DCM,1,C(Cl)Cl
2-Iodopyridine,C1=CC=NC(=C1)I,4.791,DCM,1,C(Cl)Cl
2-Isopropylthioxanthone,CC(C)C1=CC2=C(C=C1)SC3=CC=CC=C3C2=O,6.709,DCM,1,C(Cl)Cl
"2-Methyl-5-(trifluoromethyl)-1,3-benzoxazole",CC1=NC2=C(O1)C=CC(=C2)C(F)(F)F,5.487,DCM,1,C(Cl)Cl
"3,3-Dimethyl-1-indanone",CC1(CC(=O)C2=CC=CC=C21)C,5.403,DCM,1,C(Cl)Cl
"3,4,5-TRIBROMO-1H-PYRAZOLE",C1(=C(NN=C1Br)Br)Br,4.016,DCM,0,C(Cl)Cl
"3,4,7,8-Tetramethyl-1,10-phenanthroline",CC1=CN=C2C(=C1C)C=CC3=C(C(=CN=C32)C)C,0.0,DCM,1,C(Cl)Cl
"3,5-Di-tert-butylbenzoic acid",CC(C)(C)C1=CC(=CC(=C1)C(=O)O)C(C)(C)C,3.58,DCM,1,C(Cl)Cl
"3,5-Dibromotoluene",CC1=CC(=CC(=C1)Br)Br,6.456,DCM,0,C(Cl)Cl
"3,5-Dimethylbenzoyl_chloride",CC1=CC(=CC(=C1)C(=O)Cl)C,0.0,DCM,1,C(Cl)Cl
"3,6-Dimethoxy-9H-carbazole",COC1=CC2=C(C=C1)NC3=C2C=C(C=C3)OC,5.577,DCM,1,C(Cl)Cl
3-(2-Naphthyl)acrylic_acid,C1=CC=C2C=C(C=CC2=C1)/C=C/C(=O)O,1.842,DCM,0,C(Cl)Cl
3-(Phenylthio)propanoic-acid,C1=CC=C(C=C1)SCCC(=O)O,0.0,DCM,1,C(Cl)Cl
3-(tert-Butoxycarbonyl)benzoic_acid,CC(C)(C)OC(=O)C1=CC=CC(=C1)C(=O)O,2.692,DCM,1,C(Cl)Cl
3-Bromobenzoyl_chloride,C1=CC(=CC(=C1)Br)C(=O)Cl,6.192,DCM,1,C(Cl)Cl
3-Bromopropionyl_chloride,C(CBr)C(=O)Cl,0.0,DCM,1,C(Cl)Cl
3-Chloro-4-methoxyaniline,COC1=C(C=C(C=C1)N)Cl,4.796,DCM,1,C(Cl)Cl
3-[[(9H-Fluoren-9-ylmethoxy)carbonyl]amino]-2-naphthalenecarboxylic acid,C1=CC=C2C=C(C(=CC2=C1)C(=O)O)NC(=O)OCC3C4=CC=CC=C4C5=CC=CC=C35,4.224,DCM,0,C(Cl)Cl
"4,4',4''-Trimethoxytrityl chloride",COC1=CC=C(C=C1)C(C2=CC=C(C=C2)OC)(C3=CC=C(C=C3)OC)Cl,5.956,DCM,1,C(Cl)Cl
"4,4'-Dihydroxybiphenyl",C1=CC(=CC=C1C2=CC=C(C=C2)O)O,4.662,DCM,0,C(Cl)Cl
"4,4'-Dimethoxybenzophenone",COC1=CC=C(C=C1)C(=O)C2=CC=C(C=C2)OC,5.813,DCM,1,C(Cl)Cl
"4,4?,4??-(1,3,5-TRIAZINE-2,4,6-TRIYL)TRIBENZALDEHYDE",C1=CC(=CC=C1C=O)C2=NC(=NC(=N2)C3=CC=C(C=C3)C=O)C4=CC=C(C=C4)C=O,5.452,DCM,0,C(Cl)Cl
4-(Bromomethyl)benzoic_acid,C1=CC(=CC=C1CBr)C(=O)O,0.0,DCM,0,C(Cl)Cl
4-(Hydroxymethyl)phenylacetic-acid,C1=CC(=CC=C1CC(=O)O)CO,0.0,DCM,0,C(Cl)Cl
4-(Trifluoroacetyl)phenacyl-bromide,C1=CC(=CC=C1C(=O)CBr)C(=O)C(F)(F)F,5.13,DCM,0,C(Cl)Cl
4-(Trifluoromethyl)benzylamine,C1=CC(=CC=C1CN)C(F)(F)F,6.592,DCM,1,C(Cl)Cl
"4-Bromo-3,5-dimethoxybenzoic acid",COC1=CC(=CC(=C1Br)OC)C(=O)O,1.023,DCM,0,C(Cl)Cl
4-Bromo-L-phenylalanine,C1=CC(=CC=C1C[C@@H](C(=O)O)N)Br,3.402,DCM,0,C(Cl)Cl
4-Chlorobenzenesulfonic_acid,C1=CC(=CC=C1S(=O)(=O)O)Cl,0.0,DCM,1,C(Cl)Cl
4-Chloropyridine-3-carboxylic_acid,C1=CN=CC(=C1Cl)C(=O)O,0.0,DCM,0,C(Cl)Cl
"4-Hydroxy-3,5-diiodobenzoic acid",C1=C(C=C(C(=C1I)O)I)C(=O)O,0.0,DCM,0,C(Cl)Cl
4-Hydroxyphthalic_acid,C1=CC(=C(C=C1O)C(=O)O)C(=O)O,0.0,DCM,0,C(Cl)Cl
4-Methoxybiphenyl,COC1=CC=C(C=C1)C2=CC=CC=C2,6.133,DCM,1,C(Cl)Cl
4-Methoxytriphenylamine,COC1=CC=C(C=C1)N(C2=CC=CC=C2)C3=CC=CC=C3,0.0,DCM,1,C(Cl)Cl
4-tert-Butylbenzoyl_chloride,CC(C)(C)C1=CC=C(C=C1)C(=O)Cl,1.757,DCM,0,C(Cl)Cl
"5,7-Dimethyl-[1,2,4]triazolo[1,5-a]pyrimidine-2-carboxylic acid",CC1=CC(=NC2=NC(=NN12)C(=O)O)C,0.0,DCM,0,C(Cl)Cl
5-(Trifluoromethyl)indole,C1=CC2=C(C=CN2)C=C1C(F)(F)F,5.736,DCM,1,C(Cl)Cl
5-(Trifluoromethyl)pyridine-2-carboxaldehyde,C1=CC(=NC=C1C(F)(F)F)C=O,4.096,DCM,1,C(Cl)Cl
5-Bromo-2-furoic_acid,C1=C(OC(=C1)Br)C(=O)O,0.0,DCM,0,C(Cl)Cl
5-Bromo-2-phenylpyridine,C1=CC=C(C=C1)C2=NC=C(C=C2)Br,6.024,DCM,1,C(Cl)Cl
"6,6'-Dibromo-1,1'-bi-2-naphthol",C1=CC2=C(C=CC(=C2C3=C(C=CC4=C3C=CC(=C4)Br)O)O)C=C1Br,6.48,DCM,0,C(Cl)Cl
8-Isoquinolinecarboxaldehyde,C1=CC2=C(C=NC=C2)C(=C1)C=O,4.445,DCM,1,C(Cl)Cl
Allyl-alpha-D-glucopyranoside,C=CCO[C@@H]1[C@@H]([C@H]([C@@H]([C@H](O1)CO)O)O)O,1.351,DCM,0,C(Cl)Cl
Aniline-2-sulfonic_acid,C1=CC=C(C(=C1)N)S(=O)(=O)O,0.0,DCM,0,C(Cl)Cl
Bis(diphenylphosphino)methane,C1=CC=C(C=C1)P(CP(C2=CC=CC=C2)C3=CC=CC=C3)C4=CC=CC=C4,0.0,DCM,1,C(Cl)Cl
DL-beta-Phenylalanine,C1=CC=C(C=C1)C(CC(=O)O)N,1.803,DCM,0,C(Cl)Cl
Di-tert-butylcyclopentadiene,CC(C)(C)C1C=CC(=C1)C(C)(C)C,0.0,DCM,1,C(Cl)Cl
Dibenzyl-malonate,C1=CC=C(C=C1)COC(=O)CC(=O)OCC2=CC=CC=C2,6.014,DCM,1,C(Cl)Cl
Dibromomaleic-acid,C(=C(\C(=O)O)/Br)(\C(=O)O)/Br,0.0,DCM,0,C(Cl)Cl
Diethyl 4-Methoxyphenylphosphonate,CCOP(=O)(C1=CC=C(C=C1)OC)OCC,4.883,DCM,1,C(Cl)Cl
Diethyl_dibutylmalonate,CCCCC(CCCC)(C(=O)OCC)C(=O)OCC,6.745,DCM,1,C(Cl)Cl
Diethyl_phenylmalonate,CCOC(=O)C(C1=CC=CC=C1)C(=O)OCC,5.776,DCM,1,C(Cl)Cl
"Dimethyl 1,3-cyclohexadiene-1,4-dicarboxylate",COC(=O)C1=CC=C(CC1)C(=O)OC,5.209,DCM,1,C(Cl)Cl
"Dimethyl 2,2'-bipyridine-4,4'-dicarboxylate",COC(=O)C1=CC(=NC=C1)C2=NC=CC(=C2)C(=O)OC,5.588,DCM,0,C(Cl)Cl
Dimethyl-propargylmalonate,COC(=O)C(CC#C)C(=O)OC,0.0,DCM,1,C(Cl)Cl
Ethyl 2-cyclohexanoneacetate,CCOC(=O)CC1CCCCC1=O,0.0,DCM,1,C(Cl)Cl
Ethyl 3-thiopheneacetate,CCOC(=O)CC1=CSC=C1,5.513,DCM,1,C(Cl)Cl
"Ethyl 4,4,4-trifluoroacetoacetate",CCOC(=O)CC(=O)C(F)(F)F,4.264,DCM,1,C(Cl)Cl
Ethyl mesitylglyoxylate,CCOC(=O)C(=O)C1=C(C=C(C=C1C)C)C,5.994,DCM,1,C(Cl)Cl
Ethyl-3-oxohexanoate,CCCC(=O)CC(=O)OCC,5.922,DCM,1,C(Cl)Cl
Ethyl-4-bromocrotonate,CCOC(=O)/C=C/CBr,5.447,DCM,1,C(Cl)Cl
Ethyl-4-iodobenzoate,CCOC(=O)C1=CC=C(C=C1)I,6.168,DCM,1,C(Cl)Cl
FMOC-D-ORN(ALOC)-OH,C=CCOC(=O)NCCC[C@H](C(=O)O)NC(=O)OCC1C2=CC=CC=C2C3=CC=CC=C13,3.596,DCM,0,C(Cl)Cl
Flavanone,C1C(OC2=CC=CC=C2C1=O)C3=CC=CC=C3,5.964,DCM,1,C(Cl)Cl
Flufenamic-acid,C1=CC=C(C(=C1)C(=O)O)NC2=CC=CC(=C2)C(F)(F)F,3.789,DCM,0,C(Cl)Cl
Hematein,C1C2=CC(=C(C=C2C3=C4C=CC(=O)C(=C4OCC31O)O)O)O,3.47,DCM,0,C(Cl)Cl
METHYL 2-PHTHALIMIDOACETATE,COC(=O)CN1C(=O)C2=CC=CC=C2C1=O,5.027,DCM,1,C(Cl)Cl
"Methyl 6-oxo-1,6-dihydropyridine-2-carboxylate",COC(=O)C1=CC=CC(=O)N1,3.345,DCM,1,C(Cl)Cl
"Methyl-2,6-dimethoxybenzoate",COC1=C(C(=CC=C1)OC)C(=O)OC,5.156,DCM,1,C(Cl)Cl
Methyl-3-bromo-4-iodobenzoate,COC(=O)C1=CC(=C(C=C1)I)Br,6.276,DCM,1,C(Cl)Cl
"Methyl-6-Oxo-1,6-dihydropyridazine-3-carboxylate",COC(=O)C1=NNC(=O)C=C1,1.933,DCM,0,C(Cl)Cl
Methyl-diethylphosphonoacetate,CCOP(=O)(CC(=O)OC)OCC,4.075,DCM,1,C(Cl)Cl
N(im)-Trityl-L-histidine,C1=CC=C(C=C1)C(C2=CC=CC=C2)(C3=CC=CC=C3)N4C=C(N=C4)C[C@@H](C(=O)O)N,0.0,DCM,0,C(Cl)Cl
"N,N-Dimethyl-L-phenylalanine",CN(C)[C@@H](CC1=CC=CC=C1)C(=O)O,2.23,DCM,0,C(Cl)Cl
N-Acetyl-L-tryptophan,CC(=O)N[C@@H](CC1=CNC2=CC=CC=C21)C(=O)O,0.0,DCM,0,C(Cl)Cl
N-Benzylidenebenzylamine,C1=CC=C(C=C1)CN=CC2=CC=CC=C2,6.028,DCM,1,C(Cl)Cl
N-Phthaloylglycine,C1=CC=C2C(=C1)C(=O)N(C2=O)CC(=O)O,0.0,DCM,0,C(Cl)Cl
"N-[(1,1-Dimethylethoxy)carbonyl]-L-histidine methyl_ester",CC(C)(C)OC(=O)N[C@@H](CC1=CN=CN1)C(=O)OC,4.47,DCM,1,C(Cl)Cl
N-[(Phenylmethoxy)carbonyl]-O-(phenylmethyl)-L-serine_,C1=CC=C(C=C1)COC[C@@H](C(=O)O)NC(=O)OCC2=CC=CC=C2,3.575,DCM,1,C(Cl)Cl
"N6-[(1,1-Dimethylethoxy)carbonyl]-N2-[(9H-fluoren-9-ylmethoxy)carbonyl]-2-methyl-D-lysine",C[C@@](CCCCNC(=O)OC(C)(C)C)(C(=O)O)NC(=O)OCC1C2=CC=CC=C2C3=CC=CC=C13,3.778,DCM,1,C(Cl)Cl
"N6-[(1,1-Dimethylethoxy)carbonyl]-N2-[(phenylmethoxy)carbonyl]-L-lysine",CC(C)(C)OC(=O)NCCCC[C@@H](C(=O)O)NC(=O)OCC1=CC=CC=C1,3.45,DCM,1,C(Cl)Cl
Nalpha-[(9H-Fluoren-9-ylmethoxy)carbonyl]-L-threonine tert-Butyl-Ester,C[C@H]([C@@H](C(=O)OC(C)(C)C)NC(=O)OCC1C2=CC=CC=C2C3=CC=CC=C13)O,6.055,DCM,1,C(Cl)Cl
Phenyl-benzoate,C1=CC=C(C=C1)C(=O)OC2=CC=CC=C2,6.025,DCM,1,C(Cl)Cl
Pindolol,CC(C)NCC(COC1=CC=CC2=C1C=CN2)O,0.0,DCM,1,C(Cl)Cl
Protocatechuic_acid,C1=CC(=C(C=C1C(=O)O)O)O,0.0,DCM,0,C(Cl)Cl
Suberic_acid_monomethyl_ester,COC(=O)CCCCCCC(=O)O,0.0,DCM,0,C(Cl)Cl
Z-D-Glu-OBzl,C1=CC=C(C=C1)COC(=O)[C@@H](CCC(=O)O)NC(=O)OCC2=CC=CC=C2,3.553,DCM,1,C(Cl)Cl
Z-D-Phg-OH,C1=CC=C(C=C1)COC(=O)N[C@H](C2=CC=CC=C2)C(=O)O,3.297,DCM,1,C(Cl)Cl
"meso-1,2-Dibromo-1,2-diphenylethane",Did not work,6.381,DCM,1,C(Cl)Cl
mono-tert-Butyl_succinate,CC(C)(C)OC(=O)CCC(=O)O,0.0,DCM,0,C(Cl)Cl
pentafluorobenzyl-bromide,C(C1=C(C(=C(C(=C1F)F)F)F)F)Br,6.066,DCM,1,C(Cl)Cl
"trans-1,2-Bis(phenylsulfonyl)ethylene",C1=CC=C(C=C1)S(=O)(=O)/C=C/S(=O)(=O)C2=CC=CC=C2,5.567,DCM,0,C(Cl)Cl
trans-4-(9-Fluorenylmethyloxycarbonylaminomethyl)-cyclohexanoic_acid,C1CC(CCC1CNC(=O)OCC2C3=CC=CC=C3C4=CC=CC=C24)C(=O)O,3.542,DCM,0,C(Cl)Cl
trans-Aconitic-acid,C(/C(=C\C(=O)O)/C(=O)O)C(=O)O,0.0,DCM,0,C(Cl)Cl
(1-BROMOETHYL)BENZENE,CC(C1=CC=CC=C1)Br,5.607,CHCl3,1,ClC(Cl)Cl
"(2,6-Dioxo-piperidin-4-yl)-acetic_acid",C1C(CC(=O)NC1=O)CC(=O)O,1.146,CHCl3,0,ClC(Cl)Cl
(2-BENZYLOXYCARBONYLAMINO-ACETYLAMINO)-ACETIC_ACID,C1=CC=C(C=C1)COC(=O)NCC(=O)NCC(=O)O,4.021,CHCl3,0,ClC(Cl)Cl
(2S)-2-{[(9H-fluoren-9-ylmethoxy)carbonyl]amino}-4-hydroxybutanoic acid,C1=CC=C2C(=C1)C(C3=CC=CC=C32)COC(=O)N[C@@H](CCO)C(=O)O,3.327,CHCl3,0,ClC(Cl)Cl
"(2S,5S)-1-Hydroxy-2,5-diphenylphospholane 1-oxide",C1C[C@H](P(=O)([C@@H]1C2=CC=CC=C2)O)C3=CC=CC=C3,5.678,CHCl3,1,ClC(Cl)Cl
"(?S)-4-(1,1-Dimethylethoxy)-?-[[(9H-fluoren-9-ylmethoxy)carbonyl]amino]benzenebutanoic_acid",CC(C)(C)OC1=CC=C(C=C1)CC[C@@H](C(=O)O)NC(=O)OCC2C3=CC=CC=C3C4=CC=CC=C24,6.019,CHCl3,1,ClC(Cl)Cl
(R)-(-)-2-Methoxy-2-phenylethanol,CO[C@@H](CO)C1=CC=CC=C1,3.983,CHCl3,1,ClC(Cl)Cl
"(S)-(-)-2-Amino-3-methyl-1,1-diphenyl-1-butanol",CC(C)[C@@H](C(C1=CC=CC=C1)(C2=CC=CC=C2)O)N,3.412,CHCl3,1,ClC(Cl)Cl
(S)-Benzyl 2-(((S)-1-methoxy-4-methyl-1-oxopentan-2-yl)carbamoyl)pyrrolidine-1-carboxylate,CC(C)C[C@@H](C(=O)OC)NC(=O)[C@@H]1CCCN1C(=O)OCC2=CC=CC=C2,5.141,CHCl3,1,ClC(Cl)Cl
"1,1,1-Tris(4-hydroxyphenyl)ethane",CC(C1=CC=C(C=C1)O)(C2=CC=C(C=C2)O)C3=CC=C(C=C3)O,4.627,CHCl3,0,ClC(Cl)Cl
"1,1,3-Triphenylpropargyl alcohol",C1=CC=C(C=C1)C#CC(C2=CC=CC=C2)(C3=CC=CC=C3)O,5.897,CHCl3,1,ClC(Cl)Cl
"1,2-Bis(4-hydroxyphenyl)ethane-1,2-dione",C1=CC(=CC=C1C(=O)C(=O)C2=CC=C(C=C2)O)O,4.482,CHCl3,0,ClC(Cl)Cl
"1,3-Bis(trifluoromethyl)-5-bromobenzene",C1=C(C=C(C=C1C(F)(F)F)Br)C(F)(F)F,6.098,CHCl3,1,ClC(Cl)Cl
"1,3-Butanediol-diacrylate",CC(CCOC(=O)C=C)OC(=O)C=C,5.0,CHCl3,1,ClC(Cl)Cl
"1,3-Dimethyl 2-[(4-methoxyphenyl)methylene]propanedioate",COC1=CC=C(C=C1)C=C(C(=O)OC)C(=O)OC,5.161,CHCl3,1,ClC(Cl)Cl
"1,3-Diphenylacetone_p-tosylhydrazone",CC1=CC=C(C=C1)S(=O)(=O)NN=C(CC2=CC=CC=C2)CC3=CC=CC=C3,5.892,CHCl3,1,ClC(Cl)Cl
"1,4-Bis(bromomethyl)-2,3,5,6-tetrafluorobenzene_",C(C1=C(C(=C(C(=C1F)F)CBr)F)F)Br,5.895,CHCl3,1,ClC(Cl)Cl
"1,4-Cyclohexanedicarboxylic-acid",C1CC(CCC1C(=O)O)C(=O)O,3.53,CHCl3,1,ClC(Cl)Cl
"1,4-Dibromo-2,3-butanedione",C(C(=O)C(=O)CBr)Br,3.506,CHCl3,0,ClC(Cl)Cl
1-(4-Biphenyl)-1-ethanol,CC(C1=CC=C(C=C1)C2=CC=CC=C2)O,5.167,CHCl3,0,ClC(Cl)Cl
"1-(9H-Fluoren-9-ylmethyl) (2S,4S)-4-[[(1,1-dimethylethoxy)carbonyl]amino]-1,2-pyrrolidinedicarboxylate_",CC(C)(C)OC(=O)N[C@H]1C[C@H](N(C1)C(=O)OCC2C3=CC=CC=C3C4=CC=CC=C24)C(=O)O,5.559,CHCl3,1,ClC(Cl)Cl
1-(tert-Butoxycarbonyl)-4-[(9H-fluoren-9-ylmethoxy)carbonyl]-2-piperazinecarboxylic_acid,CC(C)(C)OC(=O)N1CCN(CC1C(=O)O)C(=O)OCC2C3=CC=CC=C3C4=CC=CC=C24,5.7,CHCl3,1,ClC(Cl)Cl
1-BROMO-3-METHYLBUTANE,CC(C)CCBr,0.0,CHCl3,1,ClC(Cl)Cl
1-Benzofuran-5-carboxylic_acid,C1=CC2=C(C=CO2)C=C1C(=O)O,4.429,CHCl3,0,ClC(Cl)Cl
1-Benzylpiperidine,C1CCN(CC1)CC2=CC=CC=C2,0.0,CHCl3,1,ClC(Cl)Cl
1-Bromo-4-(trifluoromethoxy)benzene,C1=CC(=CC=C1OC(F)(F)F)Br,5.937,CHCl3,1,ClC(Cl)Cl
1-Bromopentanemethylbenzene,CC1=C(C(=C(C(=C1C)C)Br)C)C,6.696,CHCl3,1,ClC(Cl)Cl
1-Phenyl-5-(trifluoromethyl)-1H-pyrazole-4-carboxylic_acid,C1=CC=C(C=C1)N2C(=C(C=N2)C(=O)O)C(F)(F)F,4.911,CHCl3,1,ClC(Cl)Cl
1-Pyrenemethanol,C1=CC2=C3C(=C1)C=CC4=C(C=CC(=C43)C=C2)CO,5.4,CHCl3,1,ClC(Cl)Cl
"1-Tosyl-2,5-dihydro-1H-pyrrole",CC1=CC=C(C=C1)S(=O)(=O)N2CC=CC2,5.089,CHCl3,1,ClC(Cl)Cl
"2,2"",4,4""-Tetramethylbenzophenone",CC1=CC(=C(C=C1)C(=O)C2=C(C=C(C=C2)C)C)C,6.309,CHCl3,1,ClC(Cl)Cl
"2,2,2-TRIFLUOROACETOPHENONE",C1=CC=C(C=C1)C(=O)C(F)(F)F,4.383,CHCl3,1,ClC(Cl)Cl
"2,3,4-Trifluorobenzoic acid",C1=CC(=C(C(=C1C(=O)O)F)F)F,4.672,CHCl3,1,ClC(Cl)Cl
"2,3,6,7,10,11-Hexamethoxytriphenylene",COC1=C(C=C2C(=C1)C3=CC(=C(C=C3C4=CC(=C(C=C24)OC)OC)OC)OC)OC,5.531,CHCl3,0,ClC(Cl)Cl
"2,4,6-Tris(bromomethyl)mesitylene",CC1=C(C(=C(C(=C1CBr)C)CBr)C)CBr,6.232,CHCl3,0,ClC(Cl)Cl
"2,4-Dichlorophenol",C1=CC(=C(C=C1Cl)Cl)O,4.997,CHCl3,1,ClC(Cl)Cl
"2,6-Bis[(4S)-4-phenyl-2-oxazolinyl]pyridine",C1[C@@H](N=C(O1)C2=NC(=CC=C2)C3=N[C@H](CO3)C4=CC=CC=C4)C5=CC=CC=C5,5.362,CHCl3,1,ClC(Cl)Cl
"2,6-Dichloroiodobenzene",C1=CC(=C(C(=C1)Cl)I)Cl,6.045,CHCl3,1,ClC(Cl)Cl
"2,6-Diisopropylphenol",CC(C)C1=C(C(=CC=C1)C(C)C)O,5.797,CHCl3,1,ClC(Cl)Cl
"2,6-Dimethoxy-1,4-benzoquinone",COC1=CC(=O)C=C(C1=O)OC,3.493,CHCl3,1,ClC(Cl)Cl
"2,6-Dimethoxybenzoyl_chloride",COC1=C(C(=CC=C1)OC)C(=O)Cl,3.843,CHCl3,1,ClC(Cl)Cl
2-(3-Chlorophenoxy)propionic-acid,CC(C(=O)O)OC1=CC(=CC=C1)Cl,4.927,CHCl3,1,ClC(Cl)Cl
2-(4-Chlorobenzoyl)benzoic_acid,C1=CC=C(C(=C1)C(=O)C2=CC=C(C=C2)Cl)C(=O)O,5.135,CHCl3,1,ClC(Cl)Cl
2-(Diphenylphosphino)benzoic-acid,C1=CC=C(C=C1)P(C2=CC=CC=C2)C3=CC=CC=C3C(=O)O,5.731,CHCl3,1,ClC(Cl)Cl
2-(Trifluoromethyl)pyridine-4-carboxylic_acid,C1=CN=C(C=C1C(=O)O)C(F)(F)F,4.521,CHCl3,0,ClC(Cl)Cl
2-Amino-4-phenylphenol,C1=CC=C(C=C1)C2=CC(=C(C=C2)O)N,4.231,CHCl3,0,ClC(Cl)Cl
2-Amino-6-bromopyridine,C1=CC(=NC(=C1)Br)N,4.028,CHCl3,1,ClC(Cl)Cl
2-Benzyloxybenzoic_acid ,C1=CC=C(C=C1)COC2=CC=CC=C2C(=O)O,5.023,CHCl3,1,ClC(Cl)Cl
"2-Bromo-2',6'-diisopropoxy-1,1'-biphenyl",CC(C)OC1=C(C(=CC=C1)OC(C)C)C2=CC=CC=C2Br,6.433,CHCl3,1,ClC(Cl)Cl
2-Bromo-5-(trifluoromethyl)benzaldehyde,C1=CC(=C(C=C1C(F)(F)F)C=O)Br,5.538,CHCl3,1,ClC(Cl)Cl
2-Bromo-5-chlorotoluene,CC1=C(C=CC(=C1)Cl)Br,6.108,CHCl3,1,ClC(Cl)Cl
2-Bromoanthraquinone,C1=CC=C2C(=C1)C(=O)C3=C(C2=O)C=C(C=C3)Br,6.069,CHCl3,1,ClC(Cl)Cl
2-Bromonaphthalen-1-ol,C1=CC=C2C(=C1)C=CC(=C2O)Br,5.391,CHCl3,1,ClC(Cl)Cl
2-Bromophenethylamine,C1=CC=C(C(=C1)CCN)Br,1.793,CHCl3,1,ClC(Cl)Cl
2-Bromotoluene,CC1=CC=CC=C1Br,5.8,CHCl3,1,ClC(Cl)Cl
2-Hydroxy-4-(trifluoromethyl)aniline,C1=CC(=C(C=C1C(F)(F)F)O)N,5.242,CHCl3,0,ClC(Cl)Cl
2-Iodobenzaldehyde,C1=CC=C(C(=C1)C=O)I,5.212,CHCl3,1,ClC(Cl)Cl
2-Iodobenzyl_bromide,C1=CC=C(C(=C1)CBr)I,5.787,CHCl3,1,ClC(Cl)Cl
2-Iodopyridine,C1=CC=NC(=C1)I,4.373,CHCl3,1,ClC(Cl)Cl
2-Isopropylthioxanthone,CC(C)C1=CC2=C(C=C1)SC3=CC=CC=C3C2=O,6.361,CHCl3,1,ClC(Cl)Cl
"2-Methyl-5-(trifluoromethyl)-1,3-benzoxazole",CC1=NC2=C(O1)C=CC(=C2)C(F)(F)F,5.205,CHCl3,1,ClC(Cl)Cl
"3,3-Dimethyl-1-indanone",CC1(CC(=O)C2=CC=CC=C21)C,5.04,CHCl3,1,ClC(Cl)Cl
"3,4,5-TRIBROMO-1H-PYRAZOLE",C1(=C(NN=C1Br)Br)Br,4.899,CHCl3,0,ClC(Cl)Cl
"3,4,7,8-Tetramethyl-1,10-phenanthroline",CC1=CN=C2C(=C1C)C=CC3=C(C(=CN=C32)C)C,3.473,CHCl3,1,ClC(Cl)Cl
"3,5-Di-tert-butylbenzoic acid",CC(C)(C)C1=CC(=CC(=C1)C(=O)O)C(C)(C)C,5.809,CHCl3,1,ClC(Cl)Cl
"3,5-Dibromotoluene",CC1=CC(=CC(=C1)Br)Br,6.23,CHCl3,0,ClC(Cl)Cl
"3,5-Dimethylbenzoyl_chloride",CC1=CC(=CC(=C1)C(=O)Cl)C,4.754,CHCl3,1,ClC(Cl)Cl
"3,6-Dimethoxy-9H-carbazole",COC1=CC2=C(C=C1)NC3=C2C=C(C=C3)OC,5.255,CHCl3,1,ClC(Cl)Cl
3-(2-Naphthyl)acrylic_acid,C1=CC=C2C=C(C=CC2=C1)/C=C/C(=O)O,5.054,CHCl3,0,ClC(Cl)Cl
3-(Phenylthio)propanoic-acid,C1=CC=C(C=C1)SCCC(=O)O,4.682,CHCl3,1,ClC(Cl)Cl
3-(tert-Butoxycarbonyl)benzoic_acid,CC(C)(C)OC(=O)C1=CC=CC(=C1)C(=O)O,5.126,CHCl3,1,ClC(Cl)Cl
3-Bromobenzoyl_chloride,C1=CC(=CC(=C1)Br)C(=O)Cl,4.835,CHCl3,1,ClC(Cl)Cl
3-Bromopropionyl_chloride,C(CBr)C(=O)Cl,2.918,CHCl3,1,ClC(Cl)Cl
3-Chloro-4-methoxyaniline,COC1=C(C=C(C=C1)N)Cl,3.019,CHCl3,1,ClC(Cl)Cl
3-[[(9H-Fluoren-9-ylmethoxy)carbonyl]amino]-2-naphthalenecarboxylic acid,C1=CC=C2C=C(C(=CC2=C1)C(=O)O)NC(=O)OCC3C4=CC=CC=C4C5=CC=CC=C35,6.491,CHCl3,0,ClC(Cl)Cl
"4,4',4''-Trimethoxytrityl chloride",COC1=CC=C(C=C1)C(C2=CC=C(C=C2)OC)(C3=CC=C(C=C3)OC)Cl,5.641,CHCl3,1,ClC(Cl)Cl
"4,4'-Dihydroxybiphenyl",C1=CC(=CC=C1C2=CC=C(C=C2)O)O,4.374,CHCl3,0,ClC(Cl)Cl
"4,4'-Dimethoxybenzophenone",COC1=CC=C(C=C1)C(=O)C2=CC=C(C=C2)OC,5.396,CHCl3,1,ClC(Cl)Cl
"4,4?,4??-(1,3,5-TRIAZINE-2,4,6-TRIYL)TRIBENZALDEHYDE",C1=CC(=CC=C1C=O)C2=NC(=NC(=N2)C3=CC=C(C=C3)C=O)C4=CC=C(C=C4)C=O,5.238,CHCl3,0,ClC(Cl)Cl
4-(Bromomethyl)benzoic_acid,C1=CC(=CC=C1CBr)C(=O)O,4.688,CHCl3,0,ClC(Cl)Cl
4-(Hydroxymethyl)phenylacetic-acid,C1=CC(=CC=C1CC(=O)O)CO,3.398,CHCl3,0,ClC(Cl)Cl
4-(Trifluoroacetyl)phenacyl-bromide,C1=CC(=CC=C1C(=O)CBr)C(=O)C(F)(F)F,4.708,CHCl3,0,ClC(Cl)Cl
4-(Trifluoromethyl)benzylamine,C1=CC(=CC=C1CN)C(F)(F)F,0.0,CHCl3,1,ClC(Cl)Cl
"4-Bromo-3,5-dimethoxybenzoic acid",COC1=CC(=CC(=C1Br)OC)C(=O)O,4.778,CHCl3,0,ClC(Cl)Cl
4-Bromo-L-phenylalanine,C1=CC(=CC=C1C[C@@H](C(=O)O)N)Br,3.24,CHCl3,0,ClC(Cl)Cl
4-Chlorobenzenesulfonic_acid,C1=CC(=CC=C1S(=O)(=O)O)Cl,4.811,CHCl3,1,ClC(Cl)Cl
4-Chloropyridine-3-carboxylic_acid,C1=CN=CC(=C1Cl)C(=O)O,1.327,CHCl3,0,ClC(Cl)Cl
"4-Hydroxy-3,5-diiodobenzoic acid",C1=C(C=C(C(=C1I)O)I)C(=O)O,4.728,CHCl3,0,ClC(Cl)Cl
4-Hydroxyphthalic_acid,C1=CC(=C(C=C1O)C(=O)O)C(=O)O,3.49,CHCl3,0,ClC(Cl)Cl
4-Methoxybiphenyl,COC1=CC=C(C=C1)C2=CC=CC=C2,5.826,CHCl3,1,ClC(Cl)Cl
4-Methoxytriphenylamine,COC1=CC=C(C=C1)N(C2=CC=CC=C2)C3=CC=CC=C3,6.436,CHCl3,1,ClC(Cl)Cl
4-tert-Butylbenzoyl_chloride,CC(C)(C)C1=CC=C(C=C1)C(=O)Cl,5.176,CHCl3,1,ClC(Cl)Cl
"5,7-Dimethyl-[1,2,4]triazolo[1,5-a]pyrimidine-2-carboxylic acid",CC1=CC(=NC2=NC(=NN12)C(=O)O)C,3.115,CHCl3,0,ClC(Cl)Cl
5-(Trifluoromethyl)indole,C1=CC2=C(C=CN2)C=C1C(F)(F)F,5.375,CHCl3,1,ClC(Cl)Cl
5-(Trifluoromethyl)pyridine-2-carboxaldehyde,C1=CC(=NC=C1C(F)(F)F)C=O,3.629,CHCl3,1,ClC(Cl)Cl
5-Bromo-2-furoic_acid,C1=C(OC(=C1)Br)C(=O)O,4.122,CHCl3,0,ClC(Cl)Cl
5-Bromo-2-phenylpyridine,C1=CC=C(C=C1)C2=NC=C(C=C2)Br,5.763,CHCl3,1,ClC(Cl)Cl
"6,6'-Dibromo-1,1'-bi-2-naphthol",C1=CC2=C(C=CC(=C2C3=C(C=CC4=C3C=CC(=C4)Br)O)O)C=C1Br,6.045,CHCl3,0,ClC(Cl)Cl
8-Isoquinolinecarboxaldehyde,C1=CC2=C(C=NC=C2)C(=C1)C=O,3.063,CHCl3,1,ClC(Cl)Cl
Allyl-alpha-D-glucopyranoside,C=CCO[C@@H]1[C@@H]([C@H]([C@@H]([C@H](O1)CO)O)O)O,0.0,CHCl3,0,ClC(Cl)Cl
Aniline-2-sulfonic_acid,C1=CC=C(C(=C1)N)S(=O)(=O)O,3.11,CHCl3,0,ClC(Cl)Cl
Bis(diphenylphosphino)methane,C1=CC=C(C=C1)P(CP(C2=CC=CC=C2)C3=CC=CC=C3)C4=CC=CC=C4,6.727,CHCl3,1,ClC(Cl)Cl
DL-beta-Phenylalanine,C1=CC=C(C=C1)C(CC(=O)O)N,1.093,CHCl3,0,ClC(Cl)Cl
Di-tert-butylcyclopentadiene,CC(C)(C)C1C=CC(=C1)C(C)(C)C,0.0,CHCl3,1,ClC(Cl)Cl
Dibenzyl-malonate,C1=CC=C(C=C1)COC(=O)CC(=O)OCC2=CC=CC=C2,5.638,CHCl3,1,ClC(Cl)Cl
Dibromomaleic-acid,C(=C(\C(=O)O)/Br)(\C(=O)O)/Br,4.937,CHCl3,0,ClC(Cl)Cl
Diethyl 4-Methoxyphenylphosphonate,CCOP(=O)(C1=CC=C(C=C1)OC)OCC,4.596,CHCl3,1,ClC(Cl)Cl
Diethyl_dibutylmalonate,CCCCC(CCCC)(C(=O)OCC)C(=O)OCC,0.0,CHCl3,1,ClC(Cl)Cl
Diethyl_phenylmalonate,CCOC(=O)C(C1=CC=CC=C1)C(=O)OCC,5.385,CHCl3,1,ClC(Cl)Cl
"Dimethyl 1,3-cyclohexadiene-1,4-dicarboxylate",COC(=O)C1=CC=C(CC1)C(=O)OC,5.028,CHCl3,1,ClC(Cl)Cl
"Dimethyl 2,2'-bipyridine-4,4'-dicarboxylate",COC(=O)C1=CC(=NC=C1)C2=NC=CC(=C2)C(=O)OC,5.269,CHCl3,1,ClC(Cl)Cl
Dimethyl-propargylmalonate,COC(=O)C(CC#C)C(=O)OC,0.0,CHCl3,1,ClC(Cl)Cl
Ethyl 2-cyclohexanoneacetate,CCOC(=O)CC1CCCCC1=O,4.697,CHCl3,1,ClC(Cl)Cl
Ethyl 3-thiopheneacetate,CCOC(=O)CC1=CSC=C1,5.044,CHCl3,1,ClC(Cl)Cl
"Ethyl 4,4,4-trifluoroacetoacetate",CCOC(=O)CC(=O)C(F)(F)F,3.849,CHCl3,1,ClC(Cl)Cl
Ethyl mesitylglyoxylate,CCOC(=O)C(=O)C1=C(C=C(C=C1C)C)C,5.691,CHCl3,1,ClC(Cl)Cl
Ethyl-3-oxohexanoate,CCCC(=O)CC(=O)OCC,4.619,CHCl3,1,ClC(Cl)Cl
Ethyl-4-bromocrotonate,CCOC(=O)/C=C/CBr,4.986,CHCl3,1,ClC(Cl)Cl
Ethyl-4-iodobenzoate,CCOC(=O)C1=CC=C(C=C1)I,5.872,CHCl3,1,ClC(Cl)Cl
FMOC-D-ORN(ALOC)-OH,C=CCOC(=O)NCCC[C@H](C(=O)O)NC(=O)OCC1C2=CC=CC=C2C3=CC=CC=C13,5.271,CHCl3,1,ClC(Cl)Cl
Flavanone,C1C(OC2=CC=CC=C2C1=O)C3=CC=CC=C3,5.511,CHCl3,1,ClC(Cl)Cl
Flufenamic-acid,C1=CC=C(C(=C1)C(=O)O)NC2=CC=CC(=C2)C(F)(F)F,5.775,CHCl3,1,ClC(Cl)Cl
Hematein,C1C2=CC(=C(C=C2C3=C4C=CC(=O)C(=C4OCC31O)O)O)O,4.766,CHCl3,0,ClC(Cl)Cl
METHYL 2-PHTHALIMIDOACETATE,COC(=O)CN1C(=O)C2=CC=CC=C2C1=O,4.552,CHCl3,1,ClC(Cl)Cl
"Methyl 6-oxo-1,6-dihydropyridine-2-carboxylate",COC(=O)C1=CC=CC(=O)N1,2.95,CHCl3,1,ClC(Cl)Cl
"Methyl-2,6-dimethoxybenzoate",COC1=C(C(=CC=C1)OC)C(=O)OC,4.678,CHCl3,1,ClC(Cl)Cl
Methyl-3-bromo-4-iodobenzoate,COC(=O)C1=CC(=C(C=C1)I)Br,5.904,CHCl3,1,ClC(Cl)Cl
"Methyl-6-Oxo-1,6-dihydropyridazine-3-carboxylate",COC(=O)C1=NNC(=O)C=C1,2.406,CHCl3,0,ClC(Cl)Cl
Methyl-diethylphosphonoacetate,CCOP(=O)(CC(=O)OC)OCC,3.718,CHCl3,1,ClC(Cl)Cl
N(im)-Trityl-L-histidine,C1=CC=C(C=C1)C(C2=CC=CC=C2)(C3=CC=CC=C3)N4C=C(N=C4)C[C@@H](C(=O)O)N,3.928,CHCl3,0,ClC(Cl)Cl
"N,N-Dimethyl-L-phenylalanine",CN(C)[C@@H](CC1=CC=CC=C1)C(=O)O,2.119,CHCl3,0,ClC(Cl)Cl
N-Acetyl-L-tryptophan,CC(=O)N[C@@H](CC1=CNC2=CC=CC=C21)C(=O)O,3.949,CHCl3,0,ClC(Cl)Cl
N-Benzylidenebenzylamine,C1=CC=C(C=C1)CN=CC2=CC=CC=C2,4.377,CHCl3,1,ClC(Cl)Cl
N-Phthaloylglycine,C1=CC=C2C(=C1)C(=O)N(C2=O)CC(=O)O,4.073,CHCl3,1,ClC(Cl)Cl
"N-[(1,1-Dimethylethoxy)carbonyl]-L-histidine methyl_ester",CC(C)(C)OC(=O)N[C@@H](CC1=CN=CN1)C(=O)OC,1.875,CHCl3,1,ClC(Cl)Cl
N-[(Phenylmethoxy)carbonyl]-O-(phenylmethyl)-L-serine_,C1=CC=C(C=C1)COC[C@@H](C(=O)O)NC(=O)OCC2=CC=CC=C2,5.197,CHCl3,1,ClC(Cl)Cl
"N6-[(1,1-Dimethylethoxy)carbonyl]-N2-[(9H-fluoren-9-ylmethoxy)carbonyl]-2-methyl-D-lysine",C[C@@](CCCCNC(=O)OC(C)(C)C)(C(=O)O)NC(=O)OCC1C2=CC=CC=C2C3=CC=CC=C13,5.699,CHCl3,1,ClC(Cl)Cl
"N6-[(1,1-Dimethylethoxy)carbonyl]-N2-[(phenylmethoxy)carbonyl]-L-lysine",CC(C)(C)OC(=O)NCCCC[C@@H](C(=O)O)NC(=O)OCC1=CC=CC=C1,5.033,CHCl3,1,ClC(Cl)Cl
Nalpha-[(9H-Fluoren-9-ylmethoxy)carbonyl]-L-threonine tert-Butyl-Ester,C[C@H]([C@@H](C(=O)OC(C)(C)C)NC(=O)OCC1C2=CC=CC=C2C3=CC=CC=C13)O,5.649,CHCl3,1,ClC(Cl)Cl
Phenyl-benzoate,C1=CC=C(C=C1)C(=O)OC2=CC=CC=C2,5.68,CHCl3,1,ClC(Cl)Cl
Pindolol,CC(C)NCC(COC1=CC=CC2=C1C=CN2)O,2.175,CHCl3,1,ClC(Cl)Cl
Protocatechuic_acid,C1=CC(=C(C=C1C(=O)O)O)O,2.834,CHCl3,0,ClC(Cl)Cl
Suberic_acid_monomethyl_ester,COC(=O)CCCCCCC(=O)O,4.292,CHCl3,1,ClC(Cl)Cl
Z-D-Glu-OBzl,C1=CC=C(C=C1)COC(=O)[C@@H](CCC(=O)O)NC(=O)OCC2=CC=CC=C2,5.091,CHCl3,1,ClC(Cl)Cl
Z-D-Phg-OH,C1=CC=C(C=C1)COC(=O)N[C@H](C2=CC=CC=C2)C(=O)O,5.081,CHCl3,1,ClC(Cl)Cl
"meso-1,2-Dibromo-1,2-diphenylethane",C1=CC=C(C=C1)C(C(C2=CC=CC=C2)Br)Br,5.994,CHCl3,0,ClC(Cl)Cl
mono-tert-Butyl_succinate,CC(C)(C)OC(=O)CCC(=O)O,4.186,CHCl3,0,ClC(Cl)Cl
pentafluorobenzyl-bromide,C(C1=C(C(=C(C(=C1F)F)F)F)F)Br,5.716,CHCl3,1,ClC(Cl)Cl
"trans-1,2-Bis(phenylsulfonyl)ethylene",C1=CC=C(C=C1)S(=O)(=O)/C=C/S(=O)(=O)C2=CC=CC=C2,5.192,CHCl3,0,ClC(Cl)Cl
trans-4-(9-Fluorenylmethyloxycarbonylaminomethyl)-cyclohexanoic_acid,C1CC(CCC1CNC(=O)OCC2C3=CC=CC=C3C4=CC=CC=C24)C(=O)O,5.311,CHCl3,0,ClC(Cl)Cl
trans-Aconitic-acid,C(/C(=C\C(=O)O)/C(=O)O)C(=O)O,1.606,CHCl3,0,ClC(Cl)Cl
(1-BROMOETHYL)BENZENE,CC(C1=CC=CC=C1)Br,3.927,CHCl3,1,ClC(Cl)Cl
"(2,6-Dioxo-piperidin-4-yl)-acetic_acid",C1C(CC(=O)NC1=O)CC(=O)O,0.0,CHCl3,0,ClC(Cl)Cl
(2-BENZYLOXYCARBONYLAMINO-ACETYLAMINO)-ACETIC_ACID,C1=CC=C(C=C1)COC(=O)NCC(=O)NCC(=O)O,3.676,CHCl3,0,ClC(Cl)Cl
(2S)-2-{[(9H-fluoren-9-ylmethoxy)carbonyl]amino}-4-hydroxybutanoic acid,C1=CC=C2C(=C1)C(C3=CC=CC=C32)COC(=O)N[C@@H](CCO)C(=O)O,3.301,CHCl3,0,ClC(Cl)Cl
"(2S,5S)-1-Hydroxy-2,5-diphenylphospholane 1-oxide",C1C[C@H](P(=O)([C@@H]1C2=CC=CC=C2)O)C3=CC=CC=C3,0.0,CHCl3,1,ClC(Cl)Cl
"(?S)-4-(1,1-Dimethylethoxy)-?-[[(9H-fluoren-9-ylmethoxy)carbonyl]amino]benzenebutanoic_acid",CC(C)(C)OC1=CC=C(C=C1)CC[C@@H](C(=O)O)NC(=O)OCC2C3=CC=CC=C3C4=CC=CC=C24,5.566,CHCl3,1,ClC(Cl)Cl
(R)-(-)-2-Methoxy-2-phenylethanol,CO[C@@H](CO)C1=CC=CC=C1,5.464,CHCl3,1,ClC(Cl)Cl
"(S)-(-)-2-Amino-3-methyl-1,1-diphenyl-1-butanol",CC(C)[C@@H](C(C1=CC=CC=C1)(C2=CC=CC=C2)O)N,3.94,CHCl3,1,ClC(Cl)Cl
(S)-Benzyl 2-(((S)-1-methoxy-4-methyl-1-oxopentan-2-yl)carbamoyl)pyrrolidine-1-carboxylate,CC(C)C[C@@H](C(=O)OC)NC(=O)[C@@H]1CCCN1C(=O)OCC2=CC=CC=C2,4.985,CHCl3,1,ClC(Cl)Cl
"1,1,1-Tris(4-hydroxyphenyl)ethane",CC(C1=CC=C(C=C1)O)(C2=CC=C(C=C2)O)C3=CC=C(C=C3)O,4.585,CHCl3,0,ClC(Cl)Cl
"1,1,3-Triphenylpropargyl alcohol",C1=CC=C(C=C1)C#CC(C2=CC=CC=C2)(C3=CC=CC=C3)O,4.48,CHCl3,1,ClC(Cl)Cl
"1,2-Bis(4-hydroxyphenyl)ethane-1,2-dione",C1=CC(=CC=C1C(=O)C(=O)C2=CC=C(C=C2)O)O,5.79,CHCl3,0,ClC(Cl)Cl
"1,3-Bis(trifluoromethyl)-5-bromobenzene",C1=C(C=C(C=C1C(F)(F)F)Br)C(F)(F)F,5.872,CHCl3,1,ClC(Cl)Cl
"1,3-Butanediol-diacrylate",CC(CCOC(=O)C=C)OC(=O)C=C,5.198,CHCl3,1,ClC(Cl)Cl
"1,3-Dimethyl 2-[(4-methoxyphenyl)methylene]propanedioate",COC1=CC=C(C=C1)C=C(C(=O)OC)C(=O)OC,3.099,CHCl3,1,ClC(Cl)Cl
"1,3-Diphenylacetone_p-tosylhydrazone",CC1=CC=C(C=C1)S(=O)(=O)NN=C(CC2=CC=CC=C2)CC3=CC=CC=C3,5.264,CHCl3,1,ClC(Cl)Cl
"1,4-Bis(bromomethyl)-2,3,5,6-tetrafluorobenzene_",C(C1=C(C(=C(C(=C1F)F)CBr)F)F)Br,5.595,CHCl3,1,ClC(Cl)Cl
"1,4-Cyclohexanedicarboxylic-acid",C1CC(CCC1C(=O)O)C(=O)O,4.829,CHCl3,1,ClC(Cl)Cl
"1,4-Dibromo-2,3-butanedione",C(C(=O)C(=O)CBr)Br,3.027,CHCl3,0,ClC(Cl)Cl
1-(4-Biphenyl)-1-ethanol,CC(C1=CC=C(C=C1)C2=CC=CC=C2)O,4.951,CHCl3,0,ClC(Cl)Cl
"1-(9H-Fluoren-9-ylmethyl) (2S,4S)-4-[[(1,1-dimethylethoxy)carbonyl]amino]-1,2-pyrrolidinedicarboxylate_",CC(C)(C)OC(=O)N[C@H]1C[C@H](N(C1)C(=O)OCC2C3=CC=CC=C3C4=CC=CC=C24)C(=O)O,5.201,CHCl3,1,ClC(Cl)Cl
1-(tert-Butoxycarbonyl)-4-[(9H-fluoren-9-ylmethoxy)carbonyl]-2-piperazinecarboxylic_acid,CC(C)(C)OC(=O)N1CCN(CC1C(=O)O)C(=O)OCC2C3=CC=CC=C3C4=CC=CC=C24,5.347,CHCl3,1,ClC(Cl)Cl
1-BROMO-3-METHYLBUTANE,CC(C)CCBr,0.0,CHCl3,1,ClC(Cl)Cl
1-Benzofuran-5-carboxylic_acid,C1=CC2=C(C=CO2)C=C1C(=O)O,4.373,CHCl3,0,ClC(Cl)Cl
1-Benzylpiperidine,C1CCN(CC1)CC2=CC=CC=C2,2.972,CHCl3,1,ClC(Cl)Cl
1-Bromo-4-(trifluoromethoxy)benzene,C1=CC(=CC=C1OC(F)(F)F)Br,5.208,CHCl3,1,ClC(Cl)Cl
1-Bromopentanemethylbenzene,CC1=C(C(=C(C(=C1C)C)Br)C)C,6.202,CHCl3,1,ClC(Cl)Cl
1-Phenyl-5-(trifluoromethyl)-1H-pyrazole-4-carboxylic_acid,C1=CC=C(C=C1)N2C(=C(C=N2)C(=O)O)C(F)(F)F,4.674,CHCl3,1,ClC(Cl)Cl
1-Pyrenemethanol,C1=CC2=C3C(=C1)C=CC4=C(C=CC(=C43)C=C2)CO,5.041,CHCl3,1,ClC(Cl)Cl
"1-Tosyl-2,5-dihydro-1H-pyrrole",CC1=CC=C(C=C1)S(=O)(=O)N2CC=CC2,4.944,CHCl3,1,ClC(Cl)Cl
"2,2"",4,4""-Tetramethylbenzophenone",CC1=CC(=C(C=C1)C(=O)C2=C(C=C(C=C2)C)C)C,5.821,CHCl3,1,ClC(Cl)Cl
"2,2,2-TRIFLUOROACETOPHENONE",C1=CC=C(C=C1)C(=O)C(F)(F)F,4.355,CHCl3,1,ClC(Cl)Cl
"2,3,4-Trifluorobenzoic acid",C1=CC(=C(C(=C1C(=O)O)F)F)F,4.155,CHCl3,1,ClC(Cl)Cl
"2,3,6,7,10,11-Hexamethoxytriphenylene",COC1=C(C=C2C(=C1)C3=CC(=C(C=C3C4=CC(=C(C=C24)OC)OC)OC)OC)OC,5.448,CHCl3,0,ClC(Cl)Cl
"2,4,6-Tris(bromomethyl)mesitylene",CC1=C(C(=C(C(=C1CBr)C)CBr)C)CBr,5.683,CHCl3,0,ClC(Cl)Cl
"2,4-Dichlorophenol",C1=CC(=C(C=C1Cl)Cl)O,4.854,CHCl3,1,ClC(Cl)Cl
"2,6-Bis[(4S)-4-phenyl-2-oxazolinyl]pyridine",C1[C@@H](N=C(O1)C2=NC(=CC=C2)C3=N[C@H](CO3)C4=CC=CC=C4)C5=CC=CC=C5,5.172,CHCl3,1,ClC(Cl)Cl
"2,6-Dichloroiodobenzene",C1=CC(=C(C(=C1)Cl)I)Cl,5.586,CHCl3,1,ClC(Cl)Cl
"2,6-Diisopropylphenol",CC(C)C1=C(C(=CC=C1)C(C)C)O,5.459,CHCl3,1,ClC(Cl)Cl
"2,6-Dimethoxy-1,4-benzoquinone",COC1=CC(=O)C=C(C1=O)OC,3.447,CHCl3,1,ClC(Cl)Cl
"2,6-Dimethoxybenzoyl_chloride",COC1=C(C(=CC=C1)OC)C(=O)Cl,3.663,CHCl3,1,ClC(Cl)Cl
2-(3-Chlorophenoxy)propionic-acid,CC(C(=O)O)OC1=CC(=CC=C1)Cl,4.514,CHCl3,1,ClC(Cl)Cl
2-(4-Chlorobenzoyl)benzoic_acid,C1=CC=C(C(=C1)C(=O)C2=CC=C(C=C2)Cl)C(=O)O,4.882,CHCl3,1,ClC(Cl)Cl
2-(Diphenylphosphino)benzoic-acid,C1=CC=C(C=C1)P(C2=CC=CC=C2)C3=CC=CC=C3C(=O)O,5.34,CHCl3,1,ClC(Cl)Cl
2-(Trifluoromethyl)pyridine-4-carboxylic_acid,C1=CN=C(C=C1C(=O)O)C(F)(F)F,3.656,CHCl3,0,ClC(Cl)Cl
2-Amino-4-phenylphenol,C1=CC=C(C=C1)C2=CC(=C(C=C2)O)N,5.338,CHCl3,0,ClC(Cl)Cl
2-Amino-6-bromopyridine,C1=CC(=NC(=C1)Br)N,3.885,CHCl3,1,ClC(Cl)Cl
2-Benzyloxybenzoic_acid,C1=CC=C(C=C1)COC2=CC=CC=C2C(=O)O,4.889,CHCl3,1,ClC(Cl)Cl
"2-Bromo-2',6'-diisopropoxy-1,1'-biphenyl",CC(C)OC1=C(C(=CC=C1)OC(C)C)C2=CC=CC=C2Br,6.072,CHCl3,1,ClC(Cl)Cl
2-Bromo-5-(trifluoromethyl)benzaldehyde,C1=CC(=C(C=C1C(F)(F)F)C=O)Br,5.384,CHCl3,1,ClC(Cl)Cl
2-Bromo-5-chlorotoluene,CC1=C(C=CC(=C1)Cl)Br,3.237,CHCl3,1,ClC(Cl)Cl
2-Bromoanthraquinone,C1=CC=C2C(=C1)C(=O)C3=C(C2=O)C=C(C=C3)Br,5.589,CHCl3,1,ClC(Cl)Cl
2-Bromonaphthalen-1-ol,C1=CC=C2C(=C1)C=CC(=C2O)Br,5.236,CHCl3,1,ClC(Cl)Cl
2-Bromophenethylamine,C1=CC=C(C(=C1)CCN)Br,3.177,CHCl3,1,ClC(Cl)Cl
2-Bromotoluene,CC1=CC=CC=C1Br,5.409,CHCl3,1,ClC(Cl)Cl
2-Hydroxy-4-(trifluoromethyl)aniline,C1=CC(=C(C=C1C(F)(F)F)O)N,4.598,CHCl3,0,ClC(Cl)Cl
2-Iodobenzaldehyde,C1=CC=C(C(=C1)C=O)I,4.958,CHCl3,1,ClC(Cl)Cl
2-Iodobenzyl_bromide,C1=CC=C(C(=C1)CBr)I,3.862,CHCl3,1,ClC(Cl)Cl
2-Iodopyridine,C1=CC=NC(=C1)I,4.131,CHCl3,1,ClC(Cl)Cl
2-Isopropylthioxanthone,CC(C)C1=CC2=C(C=C1)SC3=CC=CC=C3C2=O,5.888,CHCl3,1,ClC(Cl)Cl
"2-Methyl-5-(trifluoromethyl)-1,3-benzoxazole",CC1=NC2=C(O1)C=CC(=C2)C(F)(F)F,5.112,CHCl3,1,ClC(Cl)Cl
"3,3-Dimethyl-1-indanone",CC1(CC(=O)C2=CC=CC=C21)C,4.854,CHCl3,1,ClC(Cl)Cl
"3,4,5-TRIBROMO-1H-PYRAZOLE",C1(=C(NN=C1Br)Br)Br,4.747,CHCl3,0,ClC(Cl)Cl
"3,4,7,8-Tetramethyl-1,10-phenanthroline",CC1=CN=C2C(=C1C)C=CC3=C(C(=CN=C32)C)C,3.915,CHCl3,1,ClC(Cl)Cl
"3,5-Di-tert-butylbenzoic acid",CC(C)(C)C1=CC(=CC(=C1)C(=O)O)C(C)(C)C,5.448,CHCl3,1,ClC(Cl)Cl
"3,5-Dibromotoluene",CC1=CC(=CC(=C1)Br)Br,3.23,CHCl3,0,ClC(Cl)Cl
"3,5-Dimethylbenzoyl_chloride",CC1=CC(=CC(=C1)C(=O)Cl)C,4.64,CHCl3,1,ClC(Cl)Cl
"3,6-Dimethoxy-9H-carbazole",COC1=CC2=C(C=C1)NC3=C2C=C(C=C3)OC,5.178,CHCl3,1,ClC(Cl)Cl
3-(2-Naphthyl)acrylic_acid,C1=CC=C2C=C(C=CC2=C1)/C=C/C(=O)O,4.88,CHCl3,0,ClC(Cl)Cl
3-(Phenylthio)propanoic-acid,C1=CC=C(C=C1)SCCC(=O)O,4.525,CHCl3,1,ClC(Cl)Cl
3-(tert-Butoxycarbonyl)benzoic_acid,CC(C)(C)OC(=O)C1=CC=CC(=C1)C(=O)O,4.895,CHCl3,1,ClC(Cl)Cl
3-Bromobenzoyl_chloride,C1=CC(=CC(=C1)Br)C(=O)Cl,4.514,CHCl3,1,ClC(Cl)Cl
3-Bromopropionyl_chloride,C(CBr)C(=O)Cl,5.916,CHCl3,1,ClC(Cl)Cl
3-Chloro-4-methoxyaniline,COC1=C(C=C(C=C1)N)Cl,3.047,CHCl3,1,ClC(Cl)Cl
3-[[(9H-Fluoren-9-ylmethoxy)carbonyl]amino]-2-naphthalenecarboxylic acid,C1=CC=C2C=C(C(=CC2=C1)C(=O)O)NC(=O)OCC3C4=CC=CC=C4C5=CC=CC=C35,5.821,CHCl3,0,ClC(Cl)Cl
"4,4',4''-Trimethoxytrityl chloride",COC1=CC=C(C=C1)C(C2=CC=C(C=C2)OC)(C3=CC=C(C=C3)OC)Cl,5.637,CHCl3,1,ClC(Cl)Cl
"4,4'-Dihydroxybiphenyl",C1=CC(=CC=C1C2=CC=C(C=C2)O)O,4.349,CHCl3,0,ClC(Cl)Cl
"4,4'-Dimethoxybenzophenone",COC1=CC=C(C=C1)C(=O)C2=CC=C(C=C2)OC,5.198,CHCl3,1,ClC(Cl)Cl
"4,4?,4??-(1,3,5-TRIAZINE-2,4,6-TRIYL)TRIBENZALDEHYDE",C1=CC(=CC=C1C=O)C2=NC(=NC(=N2)C3=CC=C(C=C3)C=O)C4=CC=C(C=C4)C=O,5.079,CHCl3,0,ClC(Cl)Cl
4-(Bromomethyl)benzoic_acid,C1=CC(=CC=C1CBr)C(=O)O,4.519,CHCl3,0,ClC(Cl)Cl
4-(Hydroxymethyl)phenylacetic-acid,C1=CC(=CC=C1CC(=O)O)CO,5.497,CHCl3,0,ClC(Cl)Cl
4-(Trifluoroacetyl)phenacyl-bromide,C1=CC(=CC=C1C(=O)CBr)C(=O)C(F)(F)F,4.658,CHCl3,0,ClC(Cl)Cl
4-(Trifluoromethyl)benzylamine,C1=CC(=CC=C1CN)C(F)(F)F,3.315,CHCl3,1,ClC(Cl)Cl
"4-Bromo-3,5-dimethoxybenzoic acid",COC1=CC(=CC(=C1Br)OC)C(=O)O,4.615,CHCl3,0,ClC(Cl)Cl
4-Bromo-L-phenylalanine,C1=CC(=CC=C1C[C@@H](C(=O)O)N)Br,0.0,CHCl3,0,ClC(Cl)Cl
4-Chlorobenzenesulfonic_acid,C1=CC(=CC=C1S(=O)(=O)O)Cl,2.148,CHCl3,1,ClC(Cl)Cl
4-Chloropyridine-3-carboxylic_acid,C1=CN=CC(=C1Cl)C(=O)O,1.342,CHCl3,0,ClC(Cl)Cl
"4-Hydroxy-3,5-diiodobenzoic acid",C1=C(C=C(C(=C1I)O)I)C(=O)O,4.482,CHCl3,0,ClC(Cl)Cl
4-Hydroxyphthalic_acid,C1=CC(=C(C=C1O)C(=O)O)C(=O)O,1.768,CHCl3,0,ClC(Cl)Cl
4-Methoxybiphenyl,COC1=CC=C(C=C1)C2=CC=CC=C2,5.52,CHCl3,1,ClC(Cl)Cl
4-Methoxytriphenylamine,COC1=CC=C(C=C1)N(C2=CC=CC=C2)C3=CC=CC=C3,5.874,CHCl3,1,ClC(Cl)Cl
4-tert-Butylbenzoyl_chloride,CC(C)(C)C1=CC=C(C=C1)C(=O)Cl,4.945,CHCl3,1,ClC(Cl)Cl
"5,7-Dimethyl-[1,2,4]triazolo[1,5-a]pyrimidine-2-carboxylic acid",CC1=CC(=NC2=NC(=NN12)C(=O)O)C,0.0,CHCl3,0,ClC(Cl)Cl
5-(Trifluoromethyl)indole,C1=CC2=C(C=CN2)C=C1C(F)(F)F,5.318,CHCl3,1,ClC(Cl)Cl
5-(Trifluoromethyl)pyridine-2-carboxaldehyde,C1=CC(=NC=C1C(F)(F)F)C=O,3.624,CHCl3,1,ClC(Cl)Cl
5-Bromo-2-furoic_acid,C1=C(OC(=C1)Br)C(=O)O,3.206,CHCl3,0,ClC(Cl)Cl
5-Bromo-2-phenylpyridine,C1=CC=C(C=C1)C2=NC=C(C=C2)Br,5.416,CHCl3,1,ClC(Cl)Cl
"6,6'-Dibromo-1,1'-bi-2-naphthol",C1=CC2=C(C=CC(=C2C3=C(C=CC4=C3C=CC(=C4)Br)O)O)C=C1Br,5.583,CHCl3,0,ClC(Cl)Cl
8-Isoquinolinecarboxaldehyde,C1=CC2=C(C=NC=C2)C(=C1)C=O,4.702,CHCl3,1,ClC(Cl)Cl
Allyl-alpha-D-glucopyranoside,C=CCO[C@@H]1[C@@H]([C@H]([C@@H]([C@H](O1)CO)O)O)O,0.0,CHCl3,0,ClC(Cl)Cl
Aniline-2-sulfonic_acid,C1=CC=C(C(=C1)N)S(=O)(=O)O,0.0,CHCl3,0,ClC(Cl)Cl
Bis(diphenylphosphino)methane,C1=CC=C(C=C1)P(CP(C2=CC=CC=C2)C3=CC=CC=C3)C4=CC=CC=C4,6.087,CHCl3,1,ClC(Cl)Cl
DL-beta-Phenylalanine,C1=CC=C(C=C1)C(CC(=O)O)N,0.0,CHCl3,0,ClC(Cl)Cl
Di-tert-butylcyclopentadiene,CC(C)(C)C1C=CC(=C1)C(C)(C)C,4.495,CHCl3,1,ClC(Cl)Cl
Dibenzyl-malonate,C1=CC=C(C=C1)COC(=O)CC(=O)OCC2=CC=CC=C2,5.438,CHCl3,1,ClC(Cl)Cl
Dibromomaleic-acid,C(=C(\C(=O)O)/Br)(\C(=O)O)/Br,2.41,CHCl3,0,ClC(Cl)Cl
Diethyl 4-Methoxyphenylphosphonate,CCOP(=O)(C1=CC=C(C=C1)OC)OCC,5.367,CHCl3,1,ClC(Cl)Cl
Diethyl_dibutylmalonate,CCCCC(CCCC)(C(=O)OCC)C(=O)OCC,5.916,CHCl3,1,ClC(Cl)Cl
Diethyl_phenylmalonate,CCOC(=O)C(C1=CC=CC=C1)C(=O)OCC,5.198,CHCl3,1,ClC(Cl)Cl
"Dimethyl 1,3-cyclohexadiene-1,4-dicarboxylate",COC(=O)C1=CC=C(CC1)C(=O)OC,5.562,CHCl3,1,ClC(Cl)Cl
"Dimethyl 2,2'-bipyridine-4,4'-dicarboxylate",COC(=O)C1=CC(=NC=C1)C2=NC=CC(=C2)C(=O)OC,4.999,CHCl3,1,ClC(Cl)Cl
Dimethyl-propargylmalonate,COC(=O)C(CC#C)C(=O)OC,4.303,CHCl3,1,ClC(Cl)Cl
Ethyl 2-cyclohexanoneacetate,CCOC(=O)CC1CCCCC1=O,4.504,CHCl3,1,ClC(Cl)Cl
Ethyl 3-thiopheneacetate,CCOC(=O)CC1=CSC=C1,4.873,CHCl3,1,ClC(Cl)Cl
"Ethyl 4,4,4-trifluoroacetoacetate",CCOC(=O)CC(=O)C(F)(F)F,3.766,CHCl3,1,ClC(Cl)Cl
Ethyl mesitylglyoxylate,CCOC(=O)C(=O)C1=C(C=C(C=C1C)C)C,4.246,CHCl3,1,ClC(Cl)Cl
Ethyl-3-oxohexanoate,CCCC(=O)CC(=O)OCC,4.475,CHCl3,1,ClC(Cl)Cl
Ethyl-4-bromocrotonate,CCOC(=O)/C=C/CBr,4.813,CHCl3,1,ClC(Cl)Cl
Ethyl-4-iodobenzoate,CCOC(=O)C1=CC=C(C=C1)I,5.45,CHCl3,1,ClC(Cl)Cl
FMOC-D-ORN(ALOC)-OH,C=CCOC(=O)NCCC[C@H](C(=O)O)NC(=O)OCC1C2=CC=CC=C2C3=CC=CC=C13,5.026,CHCl3,1,ClC(Cl)Cl
Flavanone,C1C(OC2=CC=CC=C2C1=O)C3=CC=CC=C3,5.282,CHCl3,1,ClC(Cl)Cl
Flufenamic-acid,C1=CC=C(C(=C1)C(=O)O)NC2=CC=CC(=C2)C(F)(F)F,5.47,CHCl3,1,ClC(Cl)Cl
Hematein,C1C2=CC(=C(C=C2C3=C4C=CC(=O)C(=C4OCC31O)O)O)O,4.551,CHCl3,0,ClC(Cl)Cl
METHYL 2-PHTHALIMIDOACETATE,COC(=O)CN1C(=O)C2=CC=CC=C2C1=O,4.468,CHCl3,1,ClC(Cl)Cl
"Methyl 6-oxo-1,6-dihydropyridine-2-carboxylate",COC(=O)C1=CC=CC(=O)N1,2.625,CHCl3,1,ClC(Cl)Cl
"Methyl-2,6-dimethoxybenzoate",COC1=C(C(=CC=C1)OC)C(=O)OC,4.622,CHCl3,1,ClC(Cl)Cl
Methyl-3-bromo-4-iodobenzoate,COC(=O)C1=CC(=C(C=C1)I)Br,5.478,CHCl3,1,ClC(Cl)Cl
"Methyl-6-Oxo-1,6-dihydropyridazine-3-carboxylate",COC(=O)C1=NNC(=O)C=C1,2.019,CHCl3,0,ClC(Cl)Cl
Methyl-diethylphosphonoacetate,CCOP(=O)(CC(=O)OC)OCC,3.649,CHCl3,1,ClC(Cl)Cl
N(im)-Trityl-L-histidine,C1=CC=C(C=C1)C(C2=CC=CC=C2)(C3=CC=CC=C3)N4C=C(N=C4)C[C@@H](C(=O)O)N,4.144,CHCl3,0,ClC(Cl)Cl
"N,N-Dimethyl-L-phenylalanine",CN(C)[C@@H](CC1=CC=CC=C1)C(=O)O,1.754,CHCl3,0,ClC(Cl)Cl
N-Acetyl-L-tryptophan,CC(=O)N[C@@H](CC1=CNC2=CC=CC=C21)C(=O)O,3.804,CHCl3,0,ClC(Cl)Cl
N-Benzylidenebenzylamine,C1=CC=C(C=C1)CN=CC2=CC=CC=C2,4.253,CHCl3,1,ClC(Cl)Cl
N-Phthaloylglycine,C1=CC=C2C(=C1)C(=O)N(C2=O)CC(=O)O,3.537,CHCl3,1,ClC(Cl)Cl
"N-[(1,1-Dimethylethoxy)carbonyl]-L-histidine methyl_ester",CC(C)(C)OC(=O)N[C@@H](CC1=CN=CN1)C(=O)OC,3.194,CHCl3,1,ClC(Cl)Cl
N-[(Phenylmethoxy)carbonyl]-O-(phenylmethyl)-L-serine_,C1=CC=C(C=C1)COC[C@@H](C(=O)O)NC(=O)OCC2=CC=CC=C2,4.91,CHCl3,1,ClC(Cl)Cl
"N6-[(1,1-Dimethylethoxy)carbonyl]-N2-[(9H-fluoren-9-ylmethoxy)carbonyl]-2-methyl-D-lysine",C[C@@](CCCCNC(=O)OC(C)(C)C)(C(=O)O)NC(=O)OCC1C2=CC=CC=C2C3=CC=CC=C13,5.359,CHCl3,1,ClC(Cl)Cl
"N6-[(1,1-Dimethylethoxy)carbonyl]-N2-[(phenylmethoxy)carbonyl]-L-lysine",CC(C)(C)OC(=O)NCCCC[C@@H](C(=O)O)NC(=O)OCC1=CC=CC=C1,4.837,CHCl3,1,ClC(Cl)Cl
Nalpha-[(9H-Fluoren-9-ylmethoxy)carbonyl]-L-threonine tert-Butyl-Ester,C[C@H]([C@@H](C(=O)OC(C)(C)C)NC(=O)OCC1C2=CC=CC=C2C3=CC=CC=C13)O,5.403,CHCl3,1,ClC(Cl)Cl
Phenyl-benzoate,C1=CC=C(C=C1)C(=O)OC2=CC=CC=C2,5.429,CHCl3,1,ClC(Cl)Cl
Pindolol,CC(C)NCC(COC1=CC=CC2=C1C=CN2)O,3.378,CHCl3,1,ClC(Cl)Cl
Protocatechuic_acid,C1=CC(=C(C=C1C(=O)O)O)O,2.706,CHCl3,0,ClC(Cl)Cl
Suberic_acid_monomethyl_ester,COC(=O)CCCCCCC(=O)O,4.178,CHCl3,1,ClC(Cl)Cl
Z-D-Glu-OBzl,C1=CC=C(C=C1)COC(=O)[C@@H](CCC(=O)O)NC(=O)OCC2=CC=CC=C2,4.963,CHCl3,1,ClC(Cl)Cl
Z-D-Phg-OH,C1=CC=C(C=C1)COC(=O)N[C@H](C2=CC=CC=C2)C(=O)O,4.698,CHCl3,1,ClC(Cl)Cl
"meso-1,2-Dibromo-1,2-diphenylethane",C1=CC=C(C=C1)C(C(C2=CC=CC=C2)Br)Br,5.646,CHCl3,0,ClC(Cl)Cl
mono-tert-Butyl_succinate,CC(C)(C)OC(=O)CCC(=O)O,4.07,CHCl3,0,ClC(Cl)Cl
pentafluorobenzyl-bromide,C(C1=C(C(=C(C(=C1F)F)F)F)F)Br,3.384,CHCl3,1,ClC(Cl)Cl
"trans-1,2-Bis(phenylsulfonyl)ethylene",C1=CC=C(C=C1)S(=O)(=O)/C=C/S(=O)(=O)C2=CC=CC=C2,5.132,CHCl3,0,ClC(Cl)Cl
trans-4-(9-Fluorenylmethyloxycarbonylaminomethyl)-cyclohexanoic_acid,C1CC(CCC1CNC(=O)OCC2C3=CC=CC=C3C4=CC=CC=C24)C(=O)O,5.095,CHCl3,0,ClC(Cl)Cl
trans-Aconitic-acid,C(/C(=C\C(=O)O)/C(=O)O)C(=O)O,0.0,CHCl3,0,ClC(Cl)Cl
(1-BROMOETHYL)BENZENE,CC(C1=CC=CC=C1)Br,0.0,CHCl3,1,ClC(Cl)Cl
"(2,6-Dioxo-piperidin-4-yl)-acetic_acid",C1C(CC(=O)NC1=O)CC(=O)O,3.569,CHCl3,0,ClC(Cl)Cl
(2-BENZYLOXYCARBONYLAMINO-ACETYLAMINO)-ACETIC_ACID,C1=CC=C(C=C1)COC(=O)NCC(=O)NCC(=O)O,0.0,CHCl3,0,ClC(Cl)Cl
(2S)-2-{[(9H-fluoren-9-ylmethoxy)carbonyl]amino}-4-hydroxybutanoic acid,C1=CC=C2C(=C1)C(C3=CC=CC=C32)COC(=O)N[C@@H](CCO)C(=O)O,3.732,CHCl3,0,ClC(Cl)Cl
"(2S,5S)-1-Hydroxy-2,5-diphenylphospholane 1-oxide",C1C[C@H](P(=O)([C@@H]1C2=CC=CC=C2)O)C3=CC=CC=C3,0.0,CHCl3,1,ClC(Cl)Cl
"(?S)-4-(1,1-Dimethylethoxy)-?-[[(9H-fluoren-9-ylmethoxy)carbonyl]amino]benzenebutanoic_acid",CC(C)(C)OC1=CC=C(C=C1)CC[C@@H](C(=O)O)NC(=O)OCC2C3=CC=CC=C3C4=CC=CC=C24,6.277,CHCl3,1,ClC(Cl)Cl
(R)-(-)-2-Methoxy-2-phenylethanol,CO[C@@H](CO)C1=CC=CC=C1,4.365,CHCl3,1,ClC(Cl)Cl
"(S)-(-)-2-Amino-3-methyl-1,1-diphenyl-1-butanol",CC(C)[C@@H](C(C1=CC=CC=C1)(C2=CC=CC=C2)O)N,3.014,CHCl3,1,ClC(Cl)Cl
(S)-Benzyl 2-(((S)-1-methoxy-4-methyl-1-oxopentan-2-yl)carbamoyl)pyrrolidine-1-carboxylate,CC(C)C[C@@H](C(=O)OC)NC(=O)[C@@H]1CCCN1C(=O)OCC2=CC=CC=C2,5.47,CHCl3,1,ClC(Cl)Cl
"1,1,1-Tris(4-hydroxyphenyl)ethane",CC(C1=CC=C(C=C1)O)(C2=CC=C(C=C2)O)C3=CC=C(C=C3)O,5.602,CHCl3,0,ClC(Cl)Cl
"1,1,3-Triphenylpropargyl alcohol",C1=CC=C(C=C1)C#CC(C2=CC=CC=C2)(C3=CC=CC=C3)O,6.401,CHCl3,1,ClC(Cl)Cl
"1,2-Bis(4-hydroxyphenyl)ethane-1,2-dione",C1=CC(=CC=C1C(=O)C(=O)C2=CC=C(C=C2)O)O,5.685,CHCl3,0,ClC(Cl)Cl
"1,3-Bis(trifluoromethyl)-5-bromobenzene",C1=C(C=C(C=C1C(F)(F)F)Br)C(F)(F)F,6.506,CHCl3,1,ClC(Cl)Cl
"1,3-Butanediol-diacrylate",CC(CCOC(=O)C=C)OC(=O)C=C,5.31,CHCl3,1,ClC(Cl)Cl
"1,3-Dimethyl 2-[(4-methoxyphenyl)methylene]propanedioate",COC1=CC=C(C=C1)C=C(C(=O)OC)C(=O)OC,5.496,CHCl3,1,ClC(Cl)Cl
"1,3-Diphenylacetone_p-tosylhydrazone",CC1=CC=C(C=C1)S(=O)(=O)NN=C(CC2=CC=CC=C2)CC3=CC=CC=C3,6.301,CHCl3,1,ClC(Cl)Cl
"1,4-Bis(bromomethyl)-2,3,5,6-tetrafluorobenzene_",C(C1=C(C(=C(C(=C1F)F)CBr)F)F)Br,6.311,CHCl3,1,ClC(Cl)Cl
"1,4-Cyclohexanedicarboxylic-acid",C1CC(CCC1C(=O)O)C(=O)O,5.063,CHCl3,1,ClC(Cl)Cl
"1,4-Dibromo-2,3-butanedione",C(C(=O)C(=O)CBr)Br,4.258,CHCl3,0,ClC(Cl)Cl
1-(4-Biphenyl)-1-ethanol,CC(C1=CC=C(C=C1)C2=CC=CC=C2)O,5.763,CHCl3,0,ClC(Cl)Cl
"1-(9H-Fluoren-9-ylmethyl) (2S,4S)-4-[[(1,1-dimethylethoxy)carbonyl]amino]-1,2-pyrrolidinedicarboxylate_",CC(C)(C)OC(=O)N[C@H]1C[C@H](N(C1)C(=O)OCC2C3=CC=CC=C3C4=CC=CC=C24)C(=O)O,0.0,CHCl3,1,ClC(Cl)Cl
1-(tert-Butoxycarbonyl)-4-[(9H-fluoren-9-ylmethoxy)carbonyl]-2-piperazinecarboxylic_acid,CC(C)(C)OC(=O)N1CCN(CC1C(=O)O)C(=O)OCC2C3=CC=CC=C3C4=CC=CC=C24,0.0,CHCl3,1,ClC(Cl)Cl
1-BROMO-3-METHYLBUTANE,CC(C)CCBr,6.308,CHCl3,1,ClC(Cl)Cl
1-Benzofuran-5-carboxylic_acid,C1=CC2=C(C=CO2)C=C1C(=O)O,0.0,CHCl3,0,ClC(Cl)Cl
1-Benzylpiperidine,C1CCN(CC1)CC2=CC=CC=C2,0.0,CHCl3,1,ClC(Cl)Cl
1-Bromo-4-(trifluoromethoxy)benzene,C1=CC(=CC=C1OC(F)(F)F)Br,6.395,CHCl3,1,ClC(Cl)Cl
1-Bromopentanemethylbenzene,CC1=C(C(=C(C(=C1C)C)Br)C)C,0.0,CHCl3,1,ClC(Cl)Cl
1-Phenyl-5-(trifluoromethyl)-1H-pyrazole-4-carboxylic_acid,C1=CC=C(C=C1)N2C(=C(C=N2)C(=O)O)C(F)(F)F,6.759,CHCl3,1,ClC(Cl)Cl
1-Pyrenemethanol,C1=CC2=C3C(=C1)C=CC4=C(C=CC(=C43)C=C2)CO,6.426,CHCl3,1,ClC(Cl)Cl
"1-Tosyl-2,5-dihydro-1H-pyrrole",CC1=CC=C(C=C1)S(=O)(=O)N2CC=CC2,5.458,CHCl3,1,ClC(Cl)Cl
"2,2"",4,4""-Tetramethylbenzophenone",CC1=CC(=C(C=C1)C(=O)C2=C(C=C(C=C2)C)C)C,0.0,CHCl3,1,ClC(Cl)Cl
"2,2,2-TRIFLUOROACETOPHENONE",C1=CC=C(C=C1)C(=O)C(F)(F)F,4.892,CHCl3,1,ClC(Cl)Cl
"2,3,4-Trifluorobenzoic acid",C1=CC(=C(C(=C1C(=O)O)F)F)F,0.0,CHCl3,1,ClC(Cl)Cl
"2,3,6,7,10,11-Hexamethoxytriphenylene",COC1=C(C=C2C(=C1)C3=CC(=C(C=C3C4=CC(=C(C=C24)OC)OC)OC)OC)OC,6.081,CHCl3,0,ClC(Cl)Cl
"2,4,6-Tris(bromomethyl)mesitylene",CC1=C(C(=C(C(=C1CBr)C)CBr)C)CBr,6.749,CHCl3,0,ClC(Cl)Cl
"2,4-Dichlorophenol",C1=CC(=C(C=C1Cl)Cl)O,6.191,CHCl3,1,ClC(Cl)Cl
"2,6-Bis[(4S)-4-phenyl-2-oxazolinyl]pyridine",C1[C@@H](N=C(O1)C2=NC(=CC=C2)C3=N[C@H](CO3)C4=CC=CC=C4)C5=CC=CC=C5,5.752,CHCl3,1,ClC(Cl)Cl
"2,6-Dichloroiodobenzene",C1=CC(=C(C(=C1)Cl)I)Cl,6.749,CHCl3,1,ClC(Cl)Cl
"2,6-Diisopropylphenol",CC(C)C1=C(C(=CC=C1)C(C)C)O,6.456,CHCl3,1,ClC(Cl)Cl
"2,6-Dimethoxy-1,4-benzoquinone",COC1=CC(=O)C=C(C1=O)OC,3.784,CHCl3,1,ClC(Cl)Cl
"2,6-Dimethoxybenzoyl_chloride",COC1=C(C(=CC=C1)OC)C(=O)Cl,0.0,CHCl3,1,ClC(Cl)Cl
2-(3-Chlorophenoxy)propionic-acid,CC(C(=O)O)OC1=CC(=CC=C1)Cl,0.0,CHCl3,1,ClC(Cl)Cl
2-(4-Chlorobenzoyl)benzoic_acid,C1=CC=C(C(=C1)C(=O)C2=CC=C(C=C2)Cl)C(=O)O,0.0,CHCl3,1,ClC(Cl)Cl
2-(Diphenylphosphino)benzoic-acid,C1=CC=C(C=C1)P(C2=CC=CC=C2)C3=CC=CC=C3C(=O)O,0.0,CHCl3,1,ClC(Cl)Cl
2-(Trifluoromethyl)pyridine-4-carboxylic_acid,C1=CN=C(C=C1C(=O)O)C(F)(F)F,0.0,CHCl3,0,ClC(Cl)Cl
2-Amino-4-phenylphenol,C1=CC=C(C=C1)C2=CC(=C(C=C2)O)N,4.969,CHCl3,0,ClC(Cl)Cl
2-Amino-6-bromopyridine,C1=CC(=NC(=C1)Br)N,4.595,CHCl3,1,ClC(Cl)Cl
2-Benzyloxybenzoic_acid ,C1=CC=C(C=C1)COC2=CC=CC=C2C(=O)O,6.665,CHCl3,1,ClC(Cl)Cl
"2-Bromo-2',6'-diisopropoxy-1,1'-biphenyl",CC(C)OC1=C(C(=CC=C1)OC(C)C)C2=CC=CC=C2Br,0.0,CHCl3,1,ClC(Cl)Cl
2-Bromo-5-(trifluoromethyl)benzaldehyde,C1=CC(=C(C=C1C(F)(F)F)C=O)Br,6.015,CHCl3,1,ClC(Cl)Cl
2-Bromo-5-chlorotoluene,CC1=C(C=CC(=C1)Cl)Br,6.784,CHCl3,1,ClC(Cl)Cl
2-Bromoanthraquinone,C1=CC=C2C(=C1)C(=O)C3=C(C2=O)C=C(C=C3)Br,0.0,CHCl3,1,ClC(Cl)Cl
2-Bromonaphthalen-1-ol,C1=CC=C2C(=C1)C=CC(=C2O)Br,6.324,CHCl3,1,ClC(Cl)Cl
2-Bromophenethylamine,C1=CC=C(C(=C1)CCN)Br,0.0,CHCl3,1,ClC(Cl)Cl
2-Bromotoluene,CC1=CC=CC=C1Br,6.386,CHCl3,1,ClC(Cl)Cl
2-Hydroxy-4-(trifluoromethyl)aniline,C1=CC(=C(C=C1C(F)(F)F)O)N,5.296,CHCl3,0,ClC(Cl)Cl
2-Iodobenzaldehyde,C1=CC=C(C(=C1)C=O)I,5.768,CHCl3,1,ClC(Cl)Cl
2-Iodobenzyl_bromide,C1=CC=C(C(=C1)CBr)I,6.329,CHCl3,1,ClC(Cl)Cl
2-Iodopyridine,C1=CC=NC(=C1)I,4.887,CHCl3,1,ClC(Cl)Cl
2-Isopropylthioxanthone,CC(C)C1=CC2=C(C=C1)SC3=CC=CC=C3C2=O,0.0,CHCl3,1,ClC(Cl)Cl
"2-Methyl-5-(trifluoromethyl)-1,3-benzoxazole",CC1=NC2=C(O1)C=CC(=C2)C(F)(F)F,5.575,CHCl3,1,ClC(Cl)Cl
"3,3-Dimethyl-1-indanone",CC1(CC(=O)C2=CC=CC=C21)C,5.447,CHCl3,1,ClC(Cl)Cl
"3,4,5-TRIBROMO-1H-PYRAZOLE",C1(=C(NN=C1Br)Br)Br,6.39,CHCl3,0,ClC(Cl)Cl
"3,4,7,8-Tetramethyl-1,10-phenanthroline",CC1=CN=C2C(=C1C)C=CC3=C(C(=CN=C32)C)C,3.501,CHCl3,1,ClC(Cl)Cl
"3,5-Di-tert-butylbenzoic acid",CC(C)(C)C1=CC(=CC(=C1)C(=O)O)C(C)(C)C,0.0,CHCl3,1,ClC(Cl)Cl
"3,5-Dibromotoluene",CC1=CC(=CC(=C1)Br)Br,0.0,CHCl3,0,ClC(Cl)Cl
"3,5-Dimethylbenzoyl_chloride",CC1=CC(=CC(=C1)C(=O)Cl)C,0.0,CHCl3,1,ClC(Cl)Cl
"3,6-Dimethoxy-9H-carbazole",COC1=CC2=C(C=C1)NC3=C2C=C(C=C3)OC,5.86,CHCl3,1,ClC(Cl)Cl
3-(2-Naphthyl)acrylic_acid,C1=CC=C2C=C(C=CC2=C1)/C=C/C(=O)O,0.0,CHCl3,0,ClC(Cl)Cl
3-(Phenylthio)propanoic-acid,C1=CC=C(C=C1)SCCC(=O)O,0.0,CHCl3,1,ClC(Cl)Cl
3-(tert-Butoxycarbonyl)benzoic_acid,CC(C)(C)OC(=O)C1=CC=CC(=C1)C(=O)O,0.0,CHCl3,1,ClC(Cl)Cl
3-Bromobenzoyl_chloride,C1=CC(=CC(=C1)Br)C(=O)Cl,0.0,CHCl3,1,ClC(Cl)Cl
3-Bromopropionyl_chloride,C(CBr)C(=O)Cl,0.0,CHCl3,1,ClC(Cl)Cl
3-Chloro-4-methoxyaniline,COC1=C(C=C(C=C1)N)Cl,3.349,CHCl3,1,ClC(Cl)Cl
3-[[(9H-Fluoren-9-ylmethoxy)carbonyl]amino]-2-naphthalenecarboxylic acid,C1=CC=C2C=C(C(=CC2=C1)C(=O)O)NC(=O)OCC3C4=CC=CC=C4C5=CC=CC=C35,5.672,CHCl3,0,ClC(Cl)Cl
"4,4',4''-Trimethoxytrityl chloride",COC1=CC=C(C=C1)C(C2=CC=C(C=C2)OC)(C3=CC=C(C=C3)OC)Cl,6.038,CHCl3,1,ClC(Cl)Cl
"4,4'-Dihydroxybiphenyl",C1=CC(=CC=C1C2=CC=C(C=C2)O)O,5.345,CHCl3,0,ClC(Cl)Cl
"4,4'-Dimethoxybenzophenone",COC1=CC=C(C=C1)C(=O)C2=CC=C(C=C2)OC,5.848,CHCl3,1,ClC(Cl)Cl
"4,4?,4??-(1,3,5-TRIAZINE-2,4,6-TRIYL)TRIBENZALDEHYDE",C1=CC(=CC=C1C=O)C2=NC(=NC(=N2)C3=CC=C(C=C3)C=O)C4=CC=C(C=C4)C=O,5.916,CHCl3,0,ClC(Cl)Cl
4-(Bromomethyl)benzoic_acid,C1=CC(=CC=C1CBr)C(=O)O,0.0,CHCl3,0,ClC(Cl)Cl
4-(Hydroxymethyl)phenylacetic-acid,C1=CC(=CC=C1CC(=O)O)CO,4.948,CHCl3,0,ClC(Cl)Cl
4-(Trifluoroacetyl)phenacyl-bromide,C1=CC(=CC=C1C(=O)CBr)C(=O)C(F)(F)F,5.209,CHCl3,0,ClC(Cl)Cl
4-(Trifluoromethyl)benzylamine,C1=CC(=CC=C1CN)C(F)(F)F,0.0,CHCl3,1,ClC(Cl)Cl
"4-Bromo-3,5-dimethoxybenzoic acid",COC1=CC(=CC(=C1Br)OC)C(=O)O,0.0,CHCl3,0,ClC(Cl)Cl
4-Bromo-L-phenylalanine,C1=CC(=CC=C1C[C@@H](C(=O)O)N)Br,3.583,CHCl3,0,ClC(Cl)Cl
4-Chlorobenzenesulfonic_acid,C1=CC(=CC=C1S(=O)(=O)O)Cl,0.0,CHCl3,1,ClC(Cl)Cl
4-Chloropyridine-3-carboxylic_acid,C1=CN=CC(=C1Cl)C(=O)O,2.319,CHCl3,0,ClC(Cl)Cl
"4-Hydroxy-3,5-diiodobenzoic acid",C1=C(C=C(C(=C1I)O)I)C(=O)O,0.0,CHCl3,0,ClC(Cl)Cl
4-Hydroxyphthalic_acid,C1=CC(=C(C=C1O)C(=O)O)C(=O)O,0.0,CHCl3,0,ClC(Cl)Cl
4-Methoxybiphenyl,COC1=CC=C(C=C1)C2=CC=CC=C2,6.312,CHCl3,1,ClC(Cl)Cl
4-Methoxytriphenylamine,COC1=CC=C(C=C1)N(C2=CC=CC=C2)C3=CC=CC=C3,0.0,CHCl3,1,ClC(Cl)Cl
4-tert-Butylbenzoyl_chloride,CC(C)(C)C1=CC=C(C=C1)C(=O)Cl,0.0,CHCl3,1,ClC(Cl)Cl
"5,7-Dimethyl-[1,2,4]triazolo[1,5-a]pyrimidine-2-carboxylic acid",CC1=CC(=NC2=NC(=NN12)C(=O)O)C,0.0,CHCl3,0,ClC(Cl)Cl
5-(Trifluoromethyl)indole,C1=CC2=C(C=CN2)C=C1C(F)(F)F,6.048,CHCl3,1,ClC(Cl)Cl
5-(Trifluoromethyl)pyridine-2-carboxaldehyde,C1=CC(=NC=C1C(F)(F)F)C=O,0.0,CHCl3,1,ClC(Cl)Cl
5-Bromo-2-furoic_acid,C1=C(OC(=C1)Br)C(=O)O,0.0,CHCl3,0,ClC(Cl)Cl
5-Bromo-2-phenylpyridine,C1=CC=C(C=C1)C2=NC=C(C=C2)Br,6.401,CHCl3,1,ClC(Cl)Cl
"6,6'-Dibromo-1,1'-bi-2-naphthol",C1=CC2=C(C=CC(=C2C3=C(C=CC4=C3C=CC(=C4)Br)O)O)C=C1Br,6.717,CHCl3,0,ClC(Cl)Cl
8-Isoquinolinecarboxaldehyde,C1=CC2=C(C=NC=C2)C(=C1)C=O,3.313,CHCl3,1,ClC(Cl)Cl
Allyl-alpha-D-glucopyranoside,C=CCO[C@@H]1[C@@H]([C@H]([C@@H]([C@H](O1)CO)O)O)O,1.204,CHCl3,0,ClC(Cl)Cl
Aniline-2-sulfonic_acid,C1=CC=C(C(=C1)N)S(=O)(=O)O,6.718,CHCl3,0,ClC(Cl)Cl
Bis(diphenylphosphino)methane,C1=CC=C(C=C1)P(CP(C2=CC=CC=C2)C3=CC=CC=C3)C4=CC=CC=C4,0.0,CHCl3,1,ClC(Cl)Cl
DL-beta-Phenylalanine,C1=CC=C(C=C1)C(CC(=O)O)N,1.658,CHCl3,0,ClC(Cl)Cl
Di-tert-butylcyclopentadiene,CC(C)(C)C1C=CC(=C1)C(C)(C)C,0.0,CHCl3,1,ClC(Cl)Cl
Dibenzyl-malonate,C1=CC=C(C=C1)COC(=O)CC(=O)OCC2=CC=CC=C2,5.942,CHCl3,1,ClC(Cl)Cl
Dibromomaleic-acid,C(=C(\C(=O)O)/Br)(\C(=O)O)/Br,0.0,CHCl3,0,ClC(Cl)Cl
Diethyl 4-Methoxyphenylphosphonate,CCOP(=O)(C1=CC=C(C=C1)OC)OCC,4.853,CHCl3,1,ClC(Cl)Cl
Diethyl_dibutylmalonate,CCCCC(CCCC)(C(=O)OCC)C(=O)OCC,0.0,CHCl3,1,ClC(Cl)Cl
Diethyl_phenylmalonate,CCOC(=O)C(C1=CC=CC=C1)C(=O)OCC,5.921,CHCl3,1,ClC(Cl)Cl
"Dimethyl 1,3-cyclohexadiene-1,4-dicarboxylate",COC(=O)C1=CC=C(CC1)C(=O)OC,5.288,CHCl3,1,ClC(Cl)Cl
"Dimethyl 2,2'-bipyridine-4,4'-dicarboxylate",COC(=O)C1=CC(=NC=C1)C2=NC=CC(=C2)C(=O)OC,5.764,CHCl3,1,ClC(Cl)Cl
Dimethyl-propargylmalonate,COC(=O)C(CC#C)C(=O)OC,0.0,CHCl3,1,ClC(Cl)Cl
Ethyl 2-cyclohexanoneacetate,CCOC(=O)CC1CCCCC1=O,5.042,CHCl3,1,ClC(Cl)Cl
Ethyl 3-thiopheneacetate,CCOC(=O)CC1=CSC=C1,5.455,CHCl3,1,ClC(Cl)Cl
"Ethyl 4,4,4-trifluoroacetoacetate",CCOC(=O)CC(=O)C(F)(F)F,4.325,CHCl3,1,ClC(Cl)Cl
Ethyl mesitylglyoxylate,CCOC(=O)C(=O)C1=C(C=C(C=C1C)C)C,6.07,CHCl3,1,ClC(Cl)Cl
Ethyl-3-oxohexanoate,CCCC(=O)CC(=O)OCC,4.983,CHCl3,1,ClC(Cl)Cl
Ethyl-4-bromocrotonate,CCOC(=O)/C=C/CBr,5.389,CHCl3,1,ClC(Cl)Cl
Ethyl-4-iodobenzoate,CCOC(=O)C1=CC=C(C=C1)I,6.432,CHCl3,1,ClC(Cl)Cl
FMOC-D-ORN(ALOC)-OH,C=CCOC(=O)NCCC[C@H](C(=O)O)NC(=O)OCC1C2=CC=CC=C2C3=CC=CC=C13,0.0,CHCl3,1,ClC(Cl)Cl
Flavanone,C1C(OC2=CC=CC=C2C1=O)C3=CC=CC=C3,5.947,CHCl3,1,ClC(Cl)Cl
Flufenamic-acid,C1=CC=C(C(=C1)C(=O)O)NC2=CC=CC(=C2)C(F)(F)F,0.0,CHCl3,1,ClC(Cl)Cl
Hematein,C1C2=CC(=C(C=C2C3=C4C=CC(=O)C(=C4OCC31O)O)O)O,5.585,CHCl3,0,ClC(Cl)Cl
METHYL 2-PHTHALIMIDOACETATE,COC(=O)CN1C(=O)C2=CC=CC=C2C1=O,5.872,CHCl3,1,ClC(Cl)Cl
"Methyl 6-oxo-1,6-dihydropyridine-2-carboxylate",COC(=O)C1=CC=CC(=O)N1,3.265,CHCl3,1,ClC(Cl)Cl
"Methyl-2,6-dimethoxybenzoate",COC1=C(C(=CC=C1)OC)C(=O)OC,4.99,CHCl3,1,ClC(Cl)Cl
Methyl-3-bromo-4-iodobenzoate,COC(=O)C1=CC(=C(C=C1)I)Br,6.546,CHCl3,1,ClC(Cl)Cl
"Methyl-6-Oxo-1,6-dihydropyridazine-3-carboxylate",COC(=O)C1=NNC(=O)C=C1,3.114,CHCl3,0,ClC(Cl)Cl
Methyl-diethylphosphonoacetate,CCOP(=O)(CC(=O)OC)OCC,3.921,CHCl3,1,ClC(Cl)Cl
N(im)-Trityl-L-histidine,C1=CC=C(C=C1)C(C2=CC=CC=C2)(C3=CC=CC=C3)N4C=C(N=C4)C[C@@H](C(=O)O)N,4.065,CHCl3,0,ClC(Cl)Cl
"N,N-Dimethyl-L-phenylalanine",CN(C)[C@@H](CC1=CC=CC=C1)C(=O)O,2.647,CHCl3,0,ClC(Cl)Cl
N-Acetyl-L-tryptophan,CC(=O)N[C@@H](CC1=CNC2=CC=CC=C21)C(=O)O,0.0,CHCl3,0,ClC(Cl)Cl
N-Benzylidenebenzylamine,C1=CC=C(C=C1)CN=CC2=CC=CC=C2,4.87,CHCl3,1,ClC(Cl)Cl
N-Phthaloylglycine,C1=CC=C2C(=C1)C(=O)N(C2=O)CC(=O)O,0.0,CHCl3,1,ClC(Cl)Cl
"N-[(1,1-Dimethylethoxy)carbonyl]-L-histidine methyl_ester",CC(C)(C)OC(=O)N[C@@H](CC1=CN=CN1)C(=O)OC,0.0,CHCl3,1,ClC(Cl)Cl
N-[(Phenylmethoxy)carbonyl]-O-(phenylmethyl)-L-serine_,C1=CC=C(C=C1)COC[C@@H](C(=O)O)NC(=O)OCC2=CC=CC=C2,0.0,CHCl3,1,ClC(Cl)Cl
"N6-[(1,1-Dimethylethoxy)carbonyl]-N2-[(9H-fluoren-9-ylmethoxy)carbonyl]-2-methyl-D-lysine",C[C@@](CCCCNC(=O)OC(C)(C)C)(C(=O)O)NC(=O)OCC1C2=CC=CC=C2C3=CC=CC=C13,6.201,CHCl3,1,ClC(Cl)Cl
"N6-[(1,1-Dimethylethoxy)carbonyl]-N2-[(phenylmethoxy)carbonyl]-L-lysine",CC(C)(C)OC(=O)NCCCC[C@@H](C(=O)O)NC(=O)OCC1=CC=CC=C1,0.0,CHCl3,1,ClC(Cl)Cl
Nalpha-[(9H-Fluoren-9-ylmethoxy)carbonyl]-L-threonine tert-Butyl-Ester,C[C@H]([C@@H](C(=O)OC(C)(C)C)NC(=O)OCC1C2=CC=CC=C2C3=CC=CC=C13)O,6.179,CHCl3,1,ClC(Cl)Cl
Phenyl-benzoate,C1=CC=C(C=C1)C(=O)OC2=CC=CC=C2,6.129,CHCl3,1,ClC(Cl)Cl
Pindolol,CC(C)NCC(COC1=CC=CC2=C1C=CN2)O,0.0,CHCl3,1,ClC(Cl)Cl
Protocatechuic_acid,C1=CC(=C(C=C1C(=O)O)O)O,4.331,CHCl3,0,ClC(Cl)Cl
Suberic_acid_monomethyl_ester,COC(=O)CCCCCCC(=O)O,5.205,CHCl3,1,ClC(Cl)Cl
Z-D-Glu-OBzl,C1=CC=C(C=C1)COC(=O)[C@@H](CCC(=O)O)NC(=O)OCC2=CC=CC=C2,6.478,CHCl3,1,ClC(Cl)Cl
Z-D-Phg-OH,C1=CC=C(C=C1)COC(=O)N[C@H](C2=CC=CC=C2)C(=O)O,0.0,CHCl3,1,ClC(Cl)Cl
"meso-1,2-Dibromo-1,2-diphenylethane",C1=CC=C(C=C1)C(C(C2=CC=CC=C2)Br)Br,6.378,CHCl3,0,ClC(Cl)Cl
mono-tert-Butyl_succinate,CC(C)(C)OC(=O)CCC(=O)O,5.562,CHCl3,0,ClC(Cl)Cl
pentafluorobenzyl-bromide,C(C1=C(C(=C(C(=C1F)F)F)F)F)Br,6.149,CHCl3,1,ClC(Cl)Cl
"trans-1,2-Bis(phenylsulfonyl)ethylene",C1=CC=C(C=C1)S(=O)(=O)/C=C/S(=O)(=O)C2=CC=CC=C2,5.493,CHCl3,0,ClC(Cl)Cl
trans-4-(9-Fluorenylmethyloxycarbonylaminomethyl)-cyclohexanoic_acid,C1CC(CCC1CNC(=O)OCC2C3=CC=CC=C3C4=CC=CC=C24)C(=O)O,6.639,CHCl3,0,ClC(Cl)Cl
trans-Aconitic-acid,C(/C(=C\C(=O)O)/C(=O)O)C(=O)O,0.0,CHCl3,0,ClC(Cl)Cl
(1-BROMOETHYL)BENZENE,CC(C1=CC=CC=C1)Br,5.717,CHCl3,1,ClC(Cl)Cl
"(2,6-Dioxo-piperidin-4-yl)-acetic_acid",C1C(CC(=O)NC1=O)CC(=O)O,0.0,CHCl3,0,ClC(Cl)Cl
(2-BENZYLOXYCARBONYLAMINO-ACETYLAMINO)-ACETIC_ACID,C1=CC=C(C=C1)COC(=O)NCC(=O)NCC(=O)O,3.685,CHCl3,0,ClC(Cl)Cl
(2S)-2-{[(9H-fluoren-9-ylmethoxy)carbonyl]amino}-4-hydroxybutanoic acid,C1=CC=C2C(=C1)C(C3=CC=CC=C32)COC(=O)N[C@@H](CCO)C(=O)O,3.196,CHCl3,0,ClC(Cl)Cl
"(2S,5S)-1-Hydroxy-2,5-diphenylphospholane 1-oxide",C1C[C@H](P(=O)([C@@H]1C2=CC=CC=C2)O)C3=CC=CC=C3,4.103,CHCl3,1,ClC(Cl)Cl
"(?S)-4-(1,1-Dimethylethoxy)-?-[[(9H-fluoren-9-ylmethoxy)carbonyl]amino]benzenebutanoic_acid",CC(C)(C)OC1=CC=C(C=C1)CC[C@@H](C(=O)O)NC(=O)OCC2C3=CC=CC=C3C4=CC=CC=C24,6.069,CHCl3,1,ClC(Cl)Cl
(R)-(-)-2-Methoxy-2-phenylethanol,CO[C@@H](CO)C1=CC=CC=C1,3.954,CHCl3,1,ClC(Cl)Cl
"(S)-(-)-2-Amino-3-methyl-1,1-diphenyl-1-butanol",CC(C)[C@@H](C(C1=CC=CC=C1)(C2=CC=CC=C2)O)N,3.579,CHCl3,1,ClC(Cl)Cl
(S)-Benzyl 2-(((S)-1-methoxy-4-methyl-1-oxopentan-2-yl)carbamoyl)pyrrolidine-1-carboxylate,CC(C)C[C@@H](C(=O)OC)NC(=O)[C@@H]1CCCN1C(=O)OCC2=CC=CC=C2,5.166,CHCl3,1,ClC(Cl)Cl
"1,1,1-Tris(4-hydroxyphenyl)ethane",CC(C1=CC=C(C=C1)O)(C2=CC=C(C=C2)O)C3=CC=C(C=C3)O,4.516,CHCl3,0,ClC(Cl)Cl
"1,1,3-Triphenylpropargyl alcohol",C1=CC=C(C=C1)C#CC(C2=CC=CC=C2)(C3=CC=CC=C3)O,6.022,CHCl3,1,ClC(Cl)Cl
"1,2-Bis(4-hydroxyphenyl)ethane-1,2-dione",C1=CC(=CC=C1C(=O)C(=O)C2=CC=C(C=C2)O)O,4.356,CHCl3,0,ClC(Cl)Cl
"1,3-Bis(trifluoromethyl)-5-bromobenzene",C1=C(C=C(C=C1C(F)(F)F)Br)C(F)(F)F,6.316,CHCl3,1,ClC(Cl)Cl
"1,3-Butanediol-diacrylate",CC(CCOC(=O)C=C)OC(=O)C=C,4.994,CHCl3,1,ClC(Cl)Cl
"1,3-Dimethyl 2-[(4-methoxyphenyl)methylene]propanedioate",COC1=CC=C(C=C1)C=C(C(=O)OC)C(=O)OC,5.146,CHCl3,1,ClC(Cl)Cl
"1,3-Diphenylacetone_p-tosylhydrazone",CC1=CC=C(C=C1)S(=O)(=O)NN=C(CC2=CC=CC=C2)CC3=CC=CC=C3,5.997,CHCl3,1,ClC(Cl)Cl
"1,4-Bis(bromomethyl)-2,3,5,6-tetrafluorobenzene_",C(C1=C(C(=C(C(=C1F)F)CBr)F)F)Br,5.996,CHCl3,1,ClC(Cl)Cl
"1,4-Cyclohexanedicarboxylic-acid",C1CC(CCC1C(=O)O)C(=O)O,3.453,CHCl3,1,ClC(Cl)Cl
"1,4-Dibromo-2,3-butanedione",C(C(=O)C(=O)CBr)Br,3.548,CHCl3,0,ClC(Cl)Cl
1-(4-Biphenyl)-1-ethanol,CC(C1=CC=C(C=C1)C2=CC=CC=C2)O,5.219,CHCl3,0,ClC(Cl)Cl
"1-(9H-Fluoren-9-ylmethyl) (2S,4S)-4-[[(1,1-dimethylethoxy)carbonyl]amino]-1,2-pyrrolidinedicarboxylate_",CC(C)(C)OC(=O)N[C@H]1C[C@H](N(C1)C(=O)OCC2C3=CC=CC=C3C4=CC=CC=C24)C(=O)O,5.46,CHCl3,1,ClC(Cl)Cl
1-(tert-Butoxycarbonyl)-4-[(9H-fluoren-9-ylmethoxy)carbonyl]-2-piperazinecarboxylic_acid,CC(C)(C)OC(=O)N1CCN(CC1C(=O)O)C(=O)OCC2C3=CC=CC=C3C4=CC=CC=C24,5.698,CHCl3,1,ClC(Cl)Cl
1-BROMO-3-METHYLBUTANE,CC(C)CCBr,0.0,CHCl3,1,ClC(Cl)Cl
1-Benzofuran-5-carboxylic_acid,C1=CC2=C(C=CO2)C=C1C(=O)O,4.328,CHCl3,0,ClC(Cl)Cl
1-Benzylpiperidine,C1CCN(CC1)CC2=CC=CC=C2,2.932,CHCl3,1,ClC(Cl)Cl
1-Bromo-4-(trifluoromethoxy)benzene,C1=CC(=CC=C1OC(F)(F)F)Br,6.126,CHCl3,1,ClC(Cl)Cl
1-Bromopentanemethylbenzene,CC1=C(C(=C(C(=C1C)C)Br)C)C,0.0,CHCl3,1,ClC(Cl)Cl
1-Phenyl-5-(trifluoromethyl)-1H-pyrazole-4-carboxylic_acid,C1=CC=C(C=C1)N2C(=C(C=N2)C(=O)O)C(F)(F)F,4.692,CHCl3,1,ClC(Cl)Cl
1-Pyrenemethanol,C1=CC2=C3C(=C1)C=CC4=C(C=CC(=C43)C=C2)CO,5.493,CHCl3,1,ClC(Cl)Cl
"1-Tosyl-2,5-dihydro-1H-pyrrole",CC1=CC=C(C=C1)S(=O)(=O)N2CC=CC2,5.084,CHCl3,1,ClC(Cl)Cl
"2,2"",4,4""-Tetramethylbenzophenone",CC1=CC(=C(C=C1)C(=O)C2=C(C=C(C=C2)C)C)C,6.666,CHCl3,1,ClC(Cl)Cl
"2,2,2-TRIFLUOROACETOPHENONE",C1=CC=C(C=C1)C(=O)C(F)(F)F,4.321,CHCl3,1,ClC(Cl)Cl
"2,3,4-Trifluorobenzoic acid",C1=CC(=C(C(=C1C(=O)O)F)F)F,4.217,CHCl3,1,ClC(Cl)Cl
"2,3,6,7,10,11-Hexamethoxytriphenylene",COC1=C(C=C2C(=C1)C3=CC(=C(C=C3C4=CC(=C(C=C24)OC)OC)OC)OC)OC,5.479,CHCl3,0,ClC(Cl)Cl
"2,4,6-Tris(bromomethyl)mesitylene",CC1=C(C(=C(C(=C1CBr)C)CBr)C)CBr,6.441,CHCl3,0,ClC(Cl)Cl
"2,4-Dichlorophenol",C1=CC(=C(C=C1Cl)Cl)O,5.002,CHCl3,1,ClC(Cl)Cl
"2,6-Bis[(4S)-4-phenyl-2-oxazolinyl]pyridine",C1[C@@H](N=C(O1)C2=NC(=CC=C2)C3=N[C@H](CO3)C4=CC=CC=C4)C5=CC=CC=C5,5.388,CHCl3,1,ClC(Cl)Cl
"2,6-Dichloroiodobenzene",C1=CC(=C(C(=C1)Cl)I)Cl,6.278,CHCl3,1,ClC(Cl)Cl
"2,6-Diisopropylphenol",CC(C)C1=C(C(=CC=C1)C(C)C)O,5.934,CHCl3,1,ClC(Cl)Cl
"2,6-Dimethoxy-1,4-benzoquinone",COC1=CC(=O)C=C(C1=O)OC,3.382,CHCl3,1,ClC(Cl)Cl
"2,6-Dimethoxybenzoyl_chloride",COC1=C(C(=CC=C1)OC)C(=O)Cl,3.697,CHCl3,1,ClC(Cl)Cl
2-(3-Chlorophenoxy)propionic-acid,CC(C(=O)O)OC1=CC(=CC=C1)Cl,4.625,CHCl3,1,ClC(Cl)Cl
2-(4-Chlorobenzoyl)benzoic_acid,C1=CC=C(C(=C1)C(=O)C2=CC=C(C=C2)Cl)C(=O)O,4.998,CHCl3,1,ClC(Cl)Cl
2-(Diphenylphosphino)benzoic-acid,C1=CC=C(C=C1)P(C2=CC=CC=C2)C3=CC=CC=C3C(=O)O,5.797,CHCl3,1,ClC(Cl)Cl
2-(Trifluoromethyl)pyridine-4-carboxylic_acid,C1=CN=C(C=C1C(=O)O)C(F)(F)F,3.635,CHCl3,0,ClC(Cl)Cl
2-Amino-4-phenylphenol,C1=CC=C(C=C1)C2=CC(=C(C=C2)O)N,4.249,CHCl3,0,ClC(Cl)Cl
2-Amino-6-bromopyridine,C1=CC(=NC(=C1)Br)N,3.979,CHCl3,1,ClC(Cl)Cl
2-Benzyloxybenzoic_acid ,C1=CC=C(C=C1)COC2=CC=CC=C2C(=O)O,4.952,CHCl3,1,ClC(Cl)Cl
"2-Bromo-2',6'-diisopropoxy-1,1'-biphenyl",CC(C)OC1=C(C(=CC=C1)OC(C)C)C2=CC=CC=C2Br,6.768,CHCl3,1,ClC(Cl)Cl
2-Bromo-5-(trifluoromethyl)benzaldehyde,C1=CC(=C(C=C1C(F)(F)F)C=O)Br,5.646,CHCl3,1,ClC(Cl)Cl
2-Bromo-5-chlorotoluene,CC1=C(C=CC(=C1)Cl)Br,6.471,CHCl3,1,ClC(Cl)Cl
2-Bromoanthraquinone,C1=CC=C2C(=C1)C(=O)C3=C(C2=O)C=C(C=C3)Br,6.357,CHCl3,1,ClC(Cl)Cl
2-Bromonaphthalen-1-ol,C1=CC=C2C(=C1)C=CC(=C2O)Br,5.492,CHCl3,1,ClC(Cl)Cl
2-Bromophenethylamine,C1=CC=C(C(=C1)CCN)Br,3.228,CHCl3,1,ClC(Cl)Cl
2-Bromotoluene,CC1=CC=CC=C1Br,6.087,CHCl3,1,ClC(Cl)Cl
2-Hydroxy-4-(trifluoromethyl)aniline,C1=CC(=C(C=C1C(F)(F)F)O)N,4.516,CHCl3,0,ClC(Cl)Cl
2-Iodobenzaldehyde,C1=CC=C(C(=C1)C=O)I,5.318,CHCl3,1,ClC(Cl)Cl
2-Iodobenzyl_bromide,C1=CC=C(C(=C1)CBr)I,5.97,CHCl3,1,ClC(Cl)Cl
2-Iodopyridine,C1=CC=NC(=C1)I,4.355,CHCl3,1,ClC(Cl)Cl
2-Isopropylthioxanthone,CC(C)C1=CC2=C(C=C1)SC3=CC=CC=C3C2=O,6.747,CHCl3,1,ClC(Cl)Cl
"2-Methyl-5-(trifluoromethyl)-1,3-benzoxazole",CC1=NC2=C(O1)C=CC(=C2)C(F)(F)F,5.228,CHCl3,1,ClC(Cl)Cl
"3,3-Dimethyl-1-indanone",CC1(CC(=O)C2=CC=CC=C21)C,5.052,CHCl3,1,ClC(Cl)Cl
"3,4,5-TRIBROMO-1H-PYRAZOLE",C1(=C(NN=C1Br)Br)Br,4.913,CHCl3,0,ClC(Cl)Cl
"3,4,7,8-Tetramethyl-1,10-phenanthroline",CC1=CN=C2C(=C1C)C=CC3=C(C(=CN=C32)C)C,3.691,CHCl3,1,ClC(Cl)Cl
"3,5-Di-tert-butylbenzoic acid",CC(C)(C)C1=CC(=CC(=C1)C(=O)O)C(C)(C)C,6.004,CHCl3,1,ClC(Cl)Cl
"3,5-Dibromotoluene",CC1=CC(=CC(=C1)Br)Br,6.643,CHCl3,0,ClC(Cl)Cl
"3,5-Dimethylbenzoyl_chloride",CC1=CC(=CC(=C1)C(=O)Cl)C,4.74,CHCl3,1,ClC(Cl)Cl
"3,6-Dimethoxy-9H-carbazole",COC1=CC2=C(C=C1)NC3=C2C=C(C=C3)OC,5.201,CHCl3,1,ClC(Cl)Cl
3-(2-Naphthyl)acrylic_acid,C1=CC=C2C=C(C=CC2=C1)/C=C/C(=O)O,5.0,CHCl3,0,ClC(Cl)Cl
3-(Phenylthio)propanoic-acid,C1=CC=C(C=C1)SCCC(=O)O,4.613,CHCl3,1,ClC(Cl)Cl
3-(tert-Butoxycarbonyl)benzoic_acid,CC(C)(C)OC(=O)C1=CC=CC(=C1)C(=O)O,5.044,CHCl3,1,ClC(Cl)Cl
3-Bromobenzoyl_chloride,C1=CC(=CC(=C1)Br)C(=O)Cl,6.034,CHCl3,1,ClC(Cl)Cl
3-Bromopropionyl_chloride,C(CBr)C(=O)Cl,2.905,CHCl3,1,ClC(Cl)Cl
3-Chloro-4-methoxyaniline,COC1=C(C=C(C=C1)N)Cl,3.239,CHCl3,1,ClC(Cl)Cl
3-[[(9H-Fluoren-9-ylmethoxy)carbonyl]amino]-2-naphthalenecarboxylic acid,C1=CC=C2C=C(C(=CC2=C1)C(=O)O)NC(=O)OCC3C4=CC=CC=C4C5=CC=CC=C35,6.295,CHCl3,0,ClC(Cl)Cl
"4,4',4''-Trimethoxytrityl chloride",COC1=CC=C(C=C1)C(C2=CC=C(C=C2)OC)(C3=CC=C(C=C3)OC)Cl,5.708,CHCl3,1,ClC(Cl)Cl
"4,4'-Dihydroxybiphenyl",C1=CC(=CC=C1C2=CC=C(C=C2)O)O,4.206,CHCl3,0,ClC(Cl)Cl
"4,4'-Dimethoxybenzophenone",COC1=CC=C(C=C1)C(=O)C2=CC=C(C=C2)OC,5.439,CHCl3,1,ClC(Cl)Cl
"4,4?,4??-(1,3,5-TRIAZINE-2,4,6-TRIYL)TRIBENZALDEHYDE",C1=CC(=CC=C1C=O)C2=NC(=NC(=N2)C3=CC=C(C=C3)C=O)C4=CC=C(C=C4)C=O,5.0,CHCl3,0,ClC(Cl)Cl
4-(Bromomethyl)benzoic_acid,C1=CC(=CC=C1CBr)C(=O)O,4.555,CHCl3,0,ClC(Cl)Cl
4-(Hydroxymethyl)phenylacetic-acid,C1=CC(=CC=C1CC(=O)O)CO,3.294,CHCl3,0,ClC(Cl)Cl
4-(Trifluoroacetyl)phenacyl-bromide,C1=CC(=CC=C1C(=O)CBr)C(=O)C(F)(F)F,4.66,CHCl3,0,ClC(Cl)Cl
4-(Trifluoromethyl)benzylamine,C1=CC(=CC=C1CN)C(F)(F)F,3.284,CHCl3,1,ClC(Cl)Cl
"4-Bromo-3,5-dimethoxybenzoic acid",COC1=CC(=CC(=C1Br)OC)C(=O)O,4.586,CHCl3,0,ClC(Cl)Cl
4-Bromo-L-phenylalanine,C1=CC(=CC=C1C[C@@H](C(=O)O)N)Br,3.259,CHCl3,0,ClC(Cl)Cl
4-Chlorobenzenesulfonic_acid,C1=CC(=CC=C1S(=O)(=O)O)Cl,2.93,CHCl3,1,ClC(Cl)Cl
4-Chloropyridine-3-carboxylic_acid,C1=CN=CC(=C1Cl)C(=O)O,0.0,CHCl3,0,ClC(Cl)Cl
"4-Hydroxy-3,5-diiodobenzoic acid",C1=C(C=C(C(=C1I)O)I)C(=O)O,4.476,CHCl3,0,ClC(Cl)Cl
4-Hydroxyphthalic_acid,C1=CC(=C(C=C1O)C(=O)O)C(=O)O,1.493,CHCl3,0,ClC(Cl)Cl
4-Methoxybiphenyl,COC1=CC=C(C=C1)C2=CC=CC=C2,5.974,CHCl3,1,ClC(Cl)Cl
4-Methoxytriphenylamine,COC1=CC=C(C=C1)N(C2=CC=CC=C2)C3=CC=CC=C3,6.687,CHCl3,1,ClC(Cl)Cl
4-tert-Butylbenzoyl_chloride,CC(C)(C)C1=CC=C(C=C1)C(=O)Cl,5.189,CHCl3,1,ClC(Cl)Cl
"5,7-Dimethyl-[1,2,4]triazolo[1,5-a]pyrimidine-2-carboxylic acid",CC1=CC(=NC2=NC(=NN12)C(=O)O)C,1.395,CHCl3,0,ClC(Cl)Cl
5-(Trifluoromethyl)indole,C1=CC2=C(C=CN2)C=C1C(F)(F)F,5.41,CHCl3,1,ClC(Cl)Cl
5-(Trifluoromethyl)pyridine-2-carboxaldehyde,C1=CC(=NC=C1C(F)(F)F)C=O,3.586,CHCl3,1,ClC(Cl)Cl
5-Bromo-2-furoic_acid,C1=C(OC(=C1)Br)C(=O)O,3.478,CHCl3,0,ClC(Cl)Cl
5-Bromo-2-phenylpyridine,C1=CC=C(C=C1)C2=NC=C(C=C2)Br,5.999,CHCl3,1,ClC(Cl)Cl
"6,6'-Dibromo-1,1'-bi-2-naphthol",C1=CC2=C(C=CC(=C2C3=C(C=CC4=C3C=CC(=C4)Br)O)O)C=C1Br,6.251,CHCl3,0,ClC(Cl)Cl
8-Isoquinolinecarboxaldehyde,C1=CC2=C(C=NC=C2)C(=C1)C=O,3.029,CHCl3,1,ClC(Cl)Cl
Allyl-alpha-D-glucopyranoside,C=CCO[C@@H]1[C@@H]([C@H]([C@@H]([C@H](O1)CO)O)O)O,0.0,CHCl3,0,ClC(Cl)Cl
Aniline-2-sulfonic_acid,C1=CC=C(C(=C1)N)S(=O)(=O)O,0.0,CHCl3,0,ClC(Cl)Cl
Bis(diphenylphosphino)methane,C1=CC=C(C=C1)P(CP(C2=CC=CC=C2)C3=CC=CC=C3)C4=CC=CC=C4,0.0,CHCl3,1,ClC(Cl)Cl
DL-beta-Phenylalanine,C1=CC=C(C=C1)C(CC(=O)O)N,1.085,CHCl3,0,ClC(Cl)Cl
Di-tert-butylcyclopentadiene,CC(C)(C)C1C=CC(=C1)C(C)(C)C,0.0,CHCl3,1,ClC(Cl)Cl
Dibenzyl-malonate,C1=CC=C(C=C1)COC(=O)CC(=O)OCC2=CC=CC=C2,5.676,CHCl3,1,ClC(Cl)Cl
Dibromomaleic-acid,C(=C(\C(=O)O)/Br)(\C(=O)O)/Br,3.282,CHCl3,0,ClC(Cl)Cl
Diethyl 4-Methoxyphenylphosphonate,CCOP(=O)(C1=CC=C(C=C1)OC)OCC,4.523,CHCl3,1,ClC(Cl)Cl
Diethyl_dibutylmalonate,CCCCC(CCCC)(C(=O)OCC)C(=O)OCC,6.757,CHCl3,1,ClC(Cl)Cl
Diethyl_phenylmalonate,CCOC(=O)C(C1=CC=CC=C1)C(=O)OCC,5.407,CHCl3,1,ClC(Cl)Cl
"Dimethyl 1,3-cyclohexadiene-1,4-dicarboxylate",COC(=O)C1=CC=C(CC1)C(=O)OC,4.897,CHCl3,1,ClC(Cl)Cl
"Dimethyl 2,2'-bipyridine-4,4'-dicarboxylate",COC(=O)C1=CC(=NC=C1)C2=NC=CC(=C2)C(=O)OC,5.278,CHCl3,1,ClC(Cl)Cl
Dimethyl-propargylmalonate,COC(=O)C(CC#C)C(=O)OC,0.0,CHCl3,1,ClC(Cl)Cl
Ethyl 2-cyclohexanoneacetate,CCOC(=O)CC1CCCCC1=O,4.689,CHCl3,1,ClC(Cl)Cl
Ethyl 3-thiopheneacetate,CCOC(=O)CC1=CSC=C1,5.098,CHCl3,1,ClC(Cl)Cl
"Ethyl 4,4,4-trifluoroacetoacetate",CCOC(=O)CC(=O)C(F)(F)F,3.859,CHCl3,1,ClC(Cl)Cl
Ethyl mesitylglyoxylate,CCOC(=O)C(=O)C1=C(C=C(C=C1C)C)C,5.827,CHCl3,1,ClC(Cl)Cl
Ethyl-3-oxohexanoate,CCCC(=O)CC(=O)OCC,4.603,CHCl3,1,ClC(Cl)Cl
Ethyl-4-bromocrotonate,CCOC(=O)/C=C/CBr,5.037,CHCl3,1,ClC(Cl)Cl
Ethyl-4-iodobenzoate,CCOC(=O)C1=CC=C(C=C1)I,6.075,CHCl3,1,ClC(Cl)Cl
FMOC-D-ORN(ALOC)-OH,C=CCOC(=O)NCCC[C@H](C(=O)O)NC(=O)OCC1C2=CC=CC=C2C3=CC=CC=C13,5.147,CHCl3,1,ClC(Cl)Cl
Flavanone,C1C(OC2=CC=CC=C2C1=O)C3=CC=CC=C3,5.607,CHCl3,1,ClC(Cl)Cl
Flufenamic-acid,C1=CC=C(C(=C1)C(=O)O)NC2=CC=CC(=C2)C(F)(F)F,5.77,CHCl3,1,ClC(Cl)Cl
Hematein,C1C2=CC(=C(C=C2C3=C4C=CC(=O)C(=C4OCC31O)O)O)O,4.566,CHCl3,0,ClC(Cl)Cl
METHYL 2-PHTHALIMIDOACETATE,COC(=O)CN1C(=O)C2=CC=CC=C2C1=O,4.476,CHCl3,1,ClC(Cl)Cl
"Methyl 6-oxo-1,6-dihydropyridine-2-carboxylate",COC(=O)C1=CC=CC(=O)N1,2.879,CHCl3,1,ClC(Cl)Cl
"Methyl-2,6-dimethoxybenzoate",COC1=C(C(=CC=C1)OC)C(=O)OC,4.625,CHCl3,1,ClC(Cl)Cl
Methyl-3-bromo-4-iodobenzoate,COC(=O)C1=CC(=C(C=C1)I)Br,6.145,CHCl3,1,ClC(Cl)Cl
"Methyl-6-Oxo-1,6-dihydropyridazine-3-carboxylate",COC(=O)C1=NNC(=O)C=C1,2.341,CHCl3,0,ClC(Cl)Cl
Methyl-diethylphosphonoacetate,CCOP(=O)(CC(=O)OC)OCC,3.635,CHCl3,1,ClC(Cl)Cl
N(im)-Trityl-L-histidine,C1=CC=C(C=C1)C(C2=CC=CC=C2)(C3=CC=CC=C3)N4C=C(N=C4)C[C@@H](C(=O)O)N,4.033,CHCl3,0,ClC(Cl)Cl
"N,N-Dimethyl-L-phenylalanine",CN(C)[C@@H](CC1=CC=CC=C1)C(=O)O,2.393,CHCl3,0,ClC(Cl)Cl
N-Acetyl-L-tryptophan,CC(=O)N[C@@H](CC1=CNC2=CC=CC=C21)C(=O)O,3.707,CHCl3,0,ClC(Cl)Cl
N-Benzylidenebenzylamine,C1=CC=C(C=C1)CN=CC2=CC=CC=C2,4.383,CHCl3,1,ClC(Cl)Cl
N-Phthaloylglycine,C1=CC=C2C(=C1)C(=O)N(C2=O)CC(=O)O,3.573,CHCl3,1,ClC(Cl)Cl
"N-[(1,1-Dimethylethoxy)carbonyl]-L-histidine methyl_ester",CC(C)(C)OC(=O)N[C@@H](CC1=CN=CN1)C(=O)OC,3.209,CHCl3,1,ClC(Cl)Cl
N-[(Phenylmethoxy)carbonyl]-O-(phenylmethyl)-L-serine_,C1=CC=C(C=C1)COC[C@@H](C(=O)O)NC(=O)OCC2=CC=CC=C2,5.044,CHCl3,1,ClC(Cl)Cl
"N6-[(1,1-Dimethylethoxy)carbonyl]-N2-[(9H-fluoren-9-ylmethoxy)carbonyl]-2-methyl-D-lysine",C[C@@](CCCCNC(=O)OC(C)(C)C)(C(=O)O)NC(=O)OCC1C2=CC=CC=C2C3=CC=CC=C13,5.667,CHCl3,1,ClC(Cl)Cl
"N6-[(1,1-Dimethylethoxy)carbonyl]-N2-[(phenylmethoxy)carbonyl]-L-lysine",CC(C)(C)OC(=O)NCCCC[C@@H](C(=O)O)NC(=O)OCC1=CC=CC=C1,4.943,CHCl3,1,ClC(Cl)Cl
Nalpha-[(9H-Fluoren-9-ylmethoxy)carbonyl]-L-threonine tert-Butyl-Ester,C[C@H]([C@@H](C(=O)OC(C)(C)C)NC(=O)OCC1C2=CC=CC=C2C3=CC=CC=C13)O,5.789,CHCl3,1,ClC(Cl)Cl
Phenyl-benzoate,C1=CC=C(C=C1)C(=O)OC2=CC=CC=C2,5.81,CHCl3,1,ClC(Cl)Cl
Pindolol,CC(C)NCC(COC1=CC=CC2=C1C=CN2)O,3.149,CHCl3,1,ClC(Cl)Cl
Protocatechuic_acid,C1=CC(=C(C=C1C(=O)O)O)O,2.458,CHCl3,0,ClC(Cl)Cl
Suberic_acid_monomethyl_ester,COC(=O)CCCCCCC(=O)O,4.207,CHCl3,1,ClC(Cl)Cl
Z-D-Glu-OBzl,C1=CC=C(C=C1)COC(=O)[C@@H](CCC(=O)O)NC(=O)OCC2=CC=CC=C2,5.043,CHCl3,1,ClC(Cl)Cl
Z-D-Phg-OH,C1=CC=C(C=C1)COC(=O)N[C@H](C2=CC=CC=C2)C(=O)O,4.772,CHCl3,1,ClC(Cl)Cl
"meso-1,2-Dibromo-1,2-diphenylethane",C1=CC=C(C=C1)C(C(C2=CC=CC=C2)Br)Br,6.089,CHCl3,0,ClC(Cl)Cl
mono-tert-Butyl_succinate,CC(C)(C)OC(=O)CCC(=O)O,4.127,CHCl3,0,ClC(Cl)Cl
pentafluorobenzyl-bromide,C(C1=C(C(=C(C(=C1F)F)F)F)F)Br,5.876,CHCl3,1,ClC(Cl)Cl
"trans-1,2-Bis(phenylsulfonyl)ethylene",C1=CC=C(C=C1)S(=O)(=O)/C=C/S(=O)(=O)C2=CC=CC=C2,5.113,CHCl3,0,ClC(Cl)Cl
trans-4-(9-Fluorenylmethyloxycarbonylaminomethyl)-cyclohexanoic_acid,C1CC(CCC1CNC(=O)OCC2C3=CC=CC=C3C4=CC=CC=C24)C(=O)O,5.288,CHCl3,0,ClC(Cl)Cl
trans-Aconitic-acid,C(/C(=C\C(=O)O)/C(=O)O)C(=O)O,0.0,CHCl3,0,ClC(Cl)Cl
(1-BROMOETHYL)BENZENE,CC(C1=CC=CC=C1)Br,0.0,CHCl3,1,ClC(Cl)Cl
"(2,6-Dioxo-piperidin-4-yl)-acetic_acid",C1C(CC(=O)NC1=O)CC(=O)O,0.0,CHCl3,0,ClC(Cl)Cl
(2-BENZYLOXYCARBONYLAMINO-ACETYLAMINO)-ACETIC_ACID,C1=CC=C(C=C1)COC(=O)NCC(=O)NCC(=O)O,1.036,CHCl3,0,ClC(Cl)Cl
(2S)-2-{[(9H-fluoren-9-ylmethoxy)carbonyl]amino}-4-hydroxybutanoic acid,C1=CC=C2C(=C1)C(C3=CC=CC=C32)COC(=O)N[C@@H](CCO)C(=O)O,3.166,CHCl3,0,ClC(Cl)Cl
"(2S,5S)-1-Hydroxy-2,5-diphenylphospholane 1-oxide",C1C[C@H](P(=O)([C@@H]1C2=CC=CC=C2)O)C3=CC=CC=C3,2.987,CHCl3,1,ClC(Cl)Cl
"(?S)-4-(1,1-Dimethylethoxy)-?-[[(9H-fluoren-9-ylmethoxy)carbonyl]amino]benzenebutanoic_acid",CC(C)(C)OC1=CC=C(C=C1)CC[C@@H](C(=O)O)NC(=O)OCC2C3=CC=CC=C3C4=CC=CC=C24,6.089,CHCl3,1,ClC(Cl)Cl
(R)-(-)-2-Methoxy-2-phenylethanol,CO[C@@H](CO)C1=CC=CC=C1,3.918,CHCl3,1,ClC(Cl)Cl
"(S)-(-)-2-Amino-3-methyl-1,1-diphenyl-1-butanol",CC(C)[C@@H](C(C1=CC=CC=C1)(C2=CC=CC=C2)O)N,5.745,CHCl3,1,ClC(Cl)Cl
(S)-Benzyl 2-(((S)-1-methoxy-4-methyl-1-oxopentan-2-yl)carbamoyl)pyrrolidine-1-carboxylate,CC(C)C[C@@H](C(=O)OC)NC(=O)[C@@H]1CCCN1C(=O)OCC2=CC=CC=C2,5.188,CHCl3,1,ClC(Cl)Cl
"1,1,1-Tris(4-hydroxyphenyl)ethane",CC(C1=CC=C(C=C1)O)(C2=CC=C(C=C2)O)C3=CC=C(C=C3)O,4.517,CHCl3,0,ClC(Cl)Cl
"1,1,3-Triphenylpropargyl alcohol",C1=CC=C(C=C1)C#CC(C2=CC=CC=C2)(C3=CC=CC=C3)O,5.918,CHCl3,1,ClC(Cl)Cl
"1,2-Bis(4-hydroxyphenyl)ethane-1,2-dione",C1=CC(=CC=C1C(=O)C(=O)C2=CC=C(C=C2)O)O,0.0,CHCl3,0,ClC(Cl)Cl
"1,3-Bis(trifluoromethyl)-5-bromobenzene",C1=C(C=C(C=C1C(F)(F)F)Br)C(F)(F)F,6.328,CHCl3,1,ClC(Cl)Cl
"1,3-Butanediol-diacrylate",CC(CCOC(=O)C=C)OC(=O)C=C,4.985,CHCl3,1,ClC(Cl)Cl
"1,3-Dimethyl 2-[(4-methoxyphenyl)methylene]propanedioate",COC1=CC=C(C=C1)C=C(C(=O)OC)C(=O)OC,5.076,CHCl3,1,ClC(Cl)Cl
"1,3-Diphenylacetone_p-tosylhydrazone",CC1=CC=C(C=C1)S(=O)(=O)NN=C(CC2=CC=CC=C2)CC3=CC=CC=C3,5.841,CHCl3,1,ClC(Cl)Cl
"1,4-Bis(bromomethyl)-2,3,5,6-tetrafluorobenzene_",C(C1=C(C(=C(C(=C1F)F)CBr)F)F)Br,6.007,CHCl3,1,ClC(Cl)Cl
"1,4-Cyclohexanedicarboxylic-acid",C1CC(CCC1C(=O)O)C(=O)O,0.0,CHCl3,1,ClC(Cl)Cl
"1,4-Dibromo-2,3-butanedione",C(C(=O)C(=O)CBr)Br,3.147,CHCl3,0,ClC(Cl)Cl
1-(4-Biphenyl)-1-ethanol,CC(C1=CC=C(C=C1)C2=CC=CC=C2)O,5.138,CHCl3,0,ClC(Cl)Cl
"1-(9H-Fluoren-9-ylmethyl) (2S,4S)-4-[[(1,1-dimethylethoxy)carbonyl]amino]-1,2-pyrrolidinedicarboxylate_",CC(C)(C)OC(=O)N[C@H]1C[C@H](N(C1)C(=O)OCC2C3=CC=CC=C3C4=CC=CC=C24)C(=O)O,5.506,CHCl3,1,ClC(Cl)Cl
1-(tert-Butoxycarbonyl)-4-[(9H-fluoren-9-ylmethoxy)carbonyl]-2-piperazinecarboxylic_acid,CC(C)(C)OC(=O)N1CCN(CC1C(=O)O)C(=O)OCC2C3=CC=CC=C3C4=CC=CC=C24,5.725,CHCl3,1,ClC(Cl)Cl
1-BROMO-3-METHYLBUTANE,CC(C)CCBr,0.0,CHCl3,1,ClC(Cl)Cl
1-Benzofuran-5-carboxylic_acid,C1=CC2=C(C=CO2)C=C1C(=O)O,0.0,CHCl3,0,ClC(Cl)Cl
1-Benzylpiperidine,C1CCN(CC1)CC2=CC=CC=C2,0.0,CHCl3,1,ClC(Cl)Cl
1-Bromo-4-(trifluoromethoxy)benzene,C1=CC(=CC=C1OC(F)(F)F)Br,6.13,CHCl3,1,ClC(Cl)Cl
1-Bromopentanemethylbenzene,CC1=C(C(=C(C(=C1C)C)Br)C)C,0.0,CHCl3,1,ClC(Cl)Cl
1-Phenyl-5-(trifluoromethyl)-1H-pyrazole-4-carboxylic_acid,C1=CC=C(C=C1)N2C(=C(C=N2)C(=O)O)C(F)(F)F,1.535,CHCl3,1,ClC(Cl)Cl
1-Pyrenemethanol,C1=CC2=C3C(=C1)C=CC4=C(C=CC(=C43)C=C2)CO,5.412,CHCl3,1,ClC(Cl)Cl
"1-Tosyl-2,5-dihydro-1H-pyrrole",CC1=CC=C(C=C1)S(=O)(=O)N2CC=CC2,5.012,CHCl3,1,ClC(Cl)Cl
"2,2"",4,4""-Tetramethylbenzophenone",CC1=CC(=C(C=C1)C(=O)C2=C(C=C(C=C2)C)C)C,6.702,CHCl3,1,ClC(Cl)Cl
"2,2,2-TRIFLUOROACETOPHENONE",C1=CC=C(C=C1)C(=O)C(F)(F)F,4.336,CHCl3,1,ClC(Cl)Cl
"2,3,4-Trifluorobenzoic acid",C1=CC(=C(C(=C1C(=O)O)F)F)F,0.0,CHCl3,1,ClC(Cl)Cl
"2,3,6,7,10,11-Hexamethoxytriphenylene",COC1=C(C=C2C(=C1)C3=CC(=C(C=C3C4=CC(=C(C=C24)OC)OC)OC)OC)OC,5.502,CHCl3,0,ClC(Cl)Cl
"2,4,6-Tris(bromomethyl)mesitylene",CC1=C(C(=C(C(=C1CBr)C)CBr)C)CBr,6.321,CHCl3,0,ClC(Cl)Cl
"2,4-Dichlorophenol",C1=CC(=C(C=C1Cl)Cl)O,4.973,CHCl3,1,ClC(Cl)Cl
"2,6-Bis[(4S)-4-phenyl-2-oxazolinyl]pyridine",C1[C@@H](N=C(O1)C2=NC(=CC=C2)C3=N[C@H](CO3)C4=CC=CC=C4)C5=CC=CC=C5,5.315,CHCl3,1,ClC(Cl)Cl
"2,6-Dichloroiodobenzene",C1=CC(=C(C(=C1)Cl)I)Cl,6.307,CHCl3,1,ClC(Cl)Cl
"2,6-Diisopropylphenol",CC(C)C1=C(C(=CC=C1)C(C)C)O,5.957,CHCl3,1,ClC(Cl)Cl
"2,6-Dimethoxy-1,4-benzoquinone",COC1=CC(=O)C=C(C1=O)OC,3.37,CHCl3,1,ClC(Cl)Cl
"2,6-Dimethoxybenzoyl_chloride",COC1=C(C(=CC=C1)OC)C(=O)Cl,0.0,CHCl3,1,ClC(Cl)Cl
2-(3-Chlorophenoxy)propionic-acid,CC(C(=O)O)OC1=CC(=CC=C1)Cl,1.262,CHCl3,1,ClC(Cl)Cl
2-(4-Chlorobenzoyl)benzoic_acid,C1=CC=C(C(=C1)C(=O)C2=CC=C(C=C2)Cl)C(=O)O,3.206,CHCl3,1,ClC(Cl)Cl
2-(Diphenylphosphino)benzoic-acid,C1=CC=C(C=C1)P(C2=CC=CC=C2)C3=CC=CC=C3C(=O)O,3.53,CHCl3,1,ClC(Cl)Cl
2-(Trifluoromethyl)pyridine-4-carboxylic_acid,C1=CN=C(C=C1C(=O)O)C(F)(F)F,0.0,CHCl3,0,ClC(Cl)Cl
2-Amino-4-phenylphenol,C1=CC=C(C=C1)C2=CC(=C(C=C2)O)N,4.572,CHCl3,0,ClC(Cl)Cl
2-Amino-6-bromopyridine,C1=CC(=NC(=C1)Br)N,3.972,CHCl3,1,ClC(Cl)Cl
2-Benzyloxybenzoic_acid ,C1=CC=C(C=C1)COC2=CC=CC=C2C(=O)O,2.663,CHCl3,1,ClC(Cl)Cl
"2-Bromo-2',6'-diisopropoxy-1,1'-biphenyl",CC(C)OC1=C(C(=CC=C1)OC(C)C)C2=CC=CC=C2Br,6.612,CHCl3,1,ClC(Cl)Cl
2-Bromo-5-(trifluoromethyl)benzaldehyde,C1=CC(=C(C=C1C(F)(F)F)C=O)Br,5.656,CHCl3,1,ClC(Cl)Cl
2-Bromo-5-chlorotoluene,CC1=C(C=CC(=C1)Cl)Br,6.353,CHCl3,1,ClC(Cl)Cl
2-Bromoanthraquinone,C1=CC=C2C(=C1)C(=O)C3=C(C2=O)C=C(C=C3)Br,6.246,CHCl3,1,ClC(Cl)Cl
2-Bromonaphthalen-1-ol,C1=CC=C2C(=C1)C=CC(=C2O)Br,5.31,CHCl3,1,ClC(Cl)Cl
2-Bromophenethylamine,C1=CC=C(C(=C1)CCN)Br,4.393,CHCl3,1,ClC(Cl)Cl
2-Bromotoluene,CC1=CC=CC=C1Br,5.988,CHCl3,1,ClC(Cl)Cl
2-Hydroxy-4-(trifluoromethyl)aniline,C1=CC(=C(C=C1C(F)(F)F)O)N,4.393,CHCl3,0,ClC(Cl)Cl
2-Iodobenzaldehyde,C1=CC=C(C(=C1)C=O)I,5.335,CHCl3,1,ClC(Cl)Cl
2-Iodobenzyl_bromide,C1=CC=C(C(=C1)CBr)I,5.878,CHCl3,1,ClC(Cl)Cl
2-Iodopyridine,C1=CC=NC(=C1)I,4.366,CHCl3,1,ClC(Cl)Cl
2-Isopropylthioxanthone,CC(C)C1=CC2=C(C=C1)SC3=CC=CC=C3C2=O,6.761,CHCl3,1,ClC(Cl)Cl
"2-Methyl-5-(trifluoromethyl)-1,3-benzoxazole",CC1=NC2=C(O1)C=CC(=C2)C(F)(F)F,5.238,CHCl3,1,ClC(Cl)Cl
"3,3-Dimethyl-1-indanone",CC1(CC(=O)C2=CC=CC=C21)C,5.065,CHCl3,1,ClC(Cl)Cl
"3,4,5-TRIBROMO-1H-PYRAZOLE",C1(=C(NN=C1Br)Br)Br,3.923,CHCl3,0,ClC(Cl)Cl
"3,4,7,8-Tetramethyl-1,10-phenanthroline",CC1=CN=C2C(=C1C)C=CC3=C(C(=CN=C32)C)C,5.008,CHCl3,1,ClC(Cl)Cl
"3,5-Di-tert-butylbenzoic acid",CC(C)(C)C1=CC(=CC(=C1)C(=O)O)C(C)(C)C,3.669,CHCl3,1,ClC(Cl)Cl
"3,5-Dibromotoluene",CC1=CC(=CC(=C1)Br)Br,6.506,CHCl3,0,ClC(Cl)Cl
"3,5-Dimethylbenzoyl_chloride",CC1=CC(=CC(=C1)C(=O)Cl)C,6.252,CHCl3,1,ClC(Cl)Cl
"3,6-Dimethoxy-9H-carbazole",COC1=CC2=C(C=C1)NC3=C2C=C(C=C3)OC,5.212,CHCl3,1,ClC(Cl)Cl
3-(2-Naphthyl)acrylic_acid,C1=CC=C2C=C(C=CC2=C1)/C=C/C(=O)O,5.009,CHCl3,0,ClC(Cl)Cl
3-(Phenylthio)propanoic-acid,C1=CC=C(C=C1)SCCC(=O)O,0.0,CHCl3,1,ClC(Cl)Cl
3-(tert-Butoxycarbonyl)benzoic_acid,CC(C)(C)OC(=O)C1=CC=CC(=C1)C(=O)O,3.134,CHCl3,1,ClC(Cl)Cl
3-Bromobenzoyl_chloride,C1=CC(=CC(=C1)Br)C(=O)Cl,6.056,CHCl3,1,ClC(Cl)Cl
3-Bromopropionyl_chloride,C(CBr)C(=O)Cl,0.0,CHCl3,1,ClC(Cl)Cl
3-Chloro-4-methoxyaniline,COC1=C(C=C(C=C1)N)Cl,4.215,CHCl3,1,ClC(Cl)Cl
3-[[(9H-Fluoren-9-ylmethoxy)carbonyl]amino]-2-naphthalenecarboxylic acid,C1=CC=C2C=C(C(=CC2=C1)C(=O)O)NC(=O)OCC3C4=CC=CC=C4C5=CC=CC=C35,4.126,CHCl3,0,ClC(Cl)Cl
"4,4',4''-Trimethoxytrityl chloride",COC1=CC=C(C=C1)C(C2=CC=C(C=C2)OC)(C3=CC=C(C=C3)OC)Cl,5.629,CHCl3,1,ClC(Cl)Cl
"4,4'-Dihydroxybiphenyl",C1=CC(=CC=C1C2=CC=C(C=C2)O)O,4.214,CHCl3,0,ClC(Cl)Cl
"4,4'-Dimethoxybenzophenone",COC1=CC=C(C=C1)C(=O)C2=CC=C(C=C2)OC,5.466,CHCl3,1,ClC(Cl)Cl
"4,4?,4??-(1,3,5-TRIAZINE-2,4,6-TRIYL)TRIBENZALDEHYDE",C1=CC(=CC=C1C=O)C2=NC(=NC(=N2)C3=CC=C(C=C3)C=O)C4=CC=C(C=C4)C=O,5.013,CHCl3,0,ClC(Cl)Cl
4-(Bromomethyl)benzoic_acid,C1=CC(=CC=C1CBr)C(=O)O,4.563,CHCl3,0,ClC(Cl)Cl
4-(Hydroxymethyl)phenylacetic-acid,C1=CC(=CC=C1CC(=O)O)CO,0.0,CHCl3,0,ClC(Cl)Cl
4-(Trifluoroacetyl)phenacyl-bromide,C1=CC(=CC=C1C(=O)CBr)C(=O)C(F)(F)F,4.599,CHCl3,0,ClC(Cl)Cl
4-(Trifluoromethyl)benzylamine,C1=CC(=CC=C1CN)C(F)(F)F,5.479,CHCl3,1,ClC(Cl)Cl
"4-Bromo-3,5-dimethoxybenzoic acid",COC1=CC(=CC(=C1Br)OC)C(=O)O,1.681,CHCl3,0,ClC(Cl)Cl
4-Bromo-L-phenylalanine,C1=CC(=CC=C1C[C@@H](C(=O)O)N)Br,3.078,CHCl3,0,ClC(Cl)Cl
4-Chlorobenzenesulfonic_acid,C1=CC(=CC=C1S(=O)(=O)O)Cl,0.0,CHCl3,1,ClC(Cl)Cl
4-Chloropyridine-3-carboxylic_acid,C1=CN=CC(=C1Cl)C(=O)O,0.0,CHCl3,0,ClC(Cl)Cl
"4-Hydroxy-3,5-diiodobenzoic acid",C1=C(C=C(C(=C1I)O)I)C(=O)O,0.0,CHCl3,0,ClC(Cl)Cl
4-Hydroxyphthalic_acid,C1=CC(=C(C=C1O)C(=O)O)C(=O)O,0.0,CHCl3,0,ClC(Cl)Cl
4-Methoxybiphenyl,COC1=CC=C(C=C1)C2=CC=CC=C2,5.992,CHCl3,1,ClC(Cl)Cl
4-Methoxytriphenylamine,COC1=CC=C(C=C1)N(C2=CC=CC=C2)C3=CC=CC=C3,6.676,CHCl3,1,ClC(Cl)Cl
4-tert-Butylbenzoyl_chloride,CC(C)(C)C1=CC=C(C=C1)C(=O)Cl,3.054,CHCl3,1,ClC(Cl)Cl
"5,7-Dimethyl-[1,2,4]triazolo[1,5-a]pyrimidine-2-carboxylic acid",CC1=CC(=NC2=NC(=NN12)C(=O)O)C,0.0,CHCl3,0,ClC(Cl)Cl
5-(Trifluoromethyl)indole,C1=CC2=C(C=CN2)C=C1C(F)(F)F,5.434,CHCl3,1,ClC(Cl)Cl
5-(Trifluoromethyl)pyridine-2-carboxaldehyde,C1=CC(=NC=C1C(F)(F)F)C=O,0.0,CHCl3,1,ClC(Cl)Cl
5-Bromo-2-furoic_acid,C1=C(OC(=C1)Br)C(=O)O,0.0,CHCl3,0,ClC(Cl)Cl
5-Bromo-2-phenylpyridine,C1=CC=C(C=C1)C2=NC=C(C=C2)Br,5.916,CHCl3,1,ClC(Cl)Cl
"6,6'-Dibromo-1,1'-bi-2-naphthol",C1=CC2=C(C=CC(=C2C3=C(C=CC4=C3C=CC(=C4)Br)O)O)C=C1Br,6.116,CHCl3,0,ClC(Cl)Cl
8-Isoquinolinecarboxaldehyde,C1=CC2=C(C=NC=C2)C(=C1)C=O,3.966,CHCl3,1,ClC(Cl)Cl
Allyl-alpha-D-glucopyranoside,C=CCO[C@@H]1[C@@H]([C@H]([C@@H]([C@H](O1)CO)O)O)O,0.0,CHCl3,0,ClC(Cl)Cl
Aniline-2-sulfonic_acid,C1=CC=C(C(=C1)N)S(=O)(=O)O,0.0,CHCl3,0,ClC(Cl)Cl
Bis(diphenylphosphino)methane,C1=CC=C(C=C1)P(CP(C2=CC=CC=C2)C3=CC=CC=C3)C4=CC=CC=C4,0.0,CHCl3,1,ClC(Cl)Cl
DL-beta-Phenylalanine,C1=CC=C(C=C1)C(CC(=O)O)N,0.0,CHCl3,0,ClC(Cl)Cl
Di-tert-butylcyclopentadiene,CC(C)(C)C1C=CC(=C1)C(C)(C)C,0.0,CHCl3,1,ClC(Cl)Cl
Dibenzyl-malonate,C1=CC=C(C=C1)COC(=O)CC(=O)OCC2=CC=CC=C2,5.69,CHCl3,1,ClC(Cl)Cl
Dibromomaleic-acid,C(=C(\C(=O)O)/Br)(\C(=O)O)/Br,0.0,CHCl3,0,ClC(Cl)Cl
Diethyl 4-Methoxyphenylphosphonate,CCOP(=O)(C1=CC=C(C=C1)OC)OCC,4.482,CHCl3,1,ClC(Cl)Cl
Diethyl_dibutylmalonate,CCCCC(CCCC)(C(=O)OCC)C(=O)OCC,0.0,CHCl3,1,ClC(Cl)Cl
Diethyl_phenylmalonate,CCOC(=O)C(C1=CC=CC=C1)C(=O)OCC,5.417,CHCl3,1,ClC(Cl)Cl
"Dimethyl 1,3-cyclohexadiene-1,4-dicarboxylate",COC(=O)C1=CC=C(CC1)C(=O)OC,4.833,CHCl3,1,ClC(Cl)Cl
"Dimethyl 2,2'-bipyridine-4,4'-dicarboxylate",COC(=O)C1=CC(=NC=C1)C2=NC=CC(=C2)C(=O)OC,5.298,CHCl3,1,ClC(Cl)Cl
Dimethyl-propargylmalonate,COC(=O)C(CC#C)C(=O)OC,0.0,CHCl3,1,ClC(Cl)Cl
Ethyl 2-cyclohexanoneacetate,CCOC(=O)CC1CCCCC1=O,4.698,CHCl3,1,ClC(Cl)Cl
Ethyl 3-thiopheneacetate,CCOC(=O)CC1=CSC=C1,5.116,CHCl3,1,ClC(Cl)Cl
"Ethyl 4,4,4-trifluoroacetoacetate",CCOC(=O)CC(=O)C(F)(F)F,3.865,CHCl3,1,ClC(Cl)Cl
Ethyl mesitylglyoxylate,CCOC(=O)C(=O)C1=C(C=C(C=C1C)C)C,5.739,CHCl3,1,ClC(Cl)Cl
Ethyl-3-oxohexanoate,CCCC(=O)CC(=O)OCC,4.617,CHCl3,1,ClC(Cl)Cl
Ethyl-4-bromocrotonate,CCOC(=O)/C=C/CBr,5.051,CHCl3,1,ClC(Cl)Cl
Ethyl-4-iodobenzoate,CCOC(=O)C1=CC=C(C=C1)I,6.08,CHCl3,1,ClC(Cl)Cl
FMOC-D-ORN(ALOC)-OH,C=CCOC(=O)NCCC[C@H](C(=O)O)NC(=O)OCC1C2=CC=CC=C2C3=CC=CC=C13,5.181,CHCl3,1,ClC(Cl)Cl
Flavanone,C1C(OC2=CC=CC=C2C1=O)C3=CC=CC=C3,5.629,CHCl3,1,ClC(Cl)Cl
Flufenamic-acid,C1=CC=C(C(=C1)C(=O)O)NC2=CC=CC(=C2)C(F)(F)F,3.574,CHCl3,1,ClC(Cl)Cl
Hematein,C1C2=CC(=C(C=C2C3=C4C=CC(=O)C(=C4OCC31O)O)O)O,3.426,CHCl3,0,ClC(Cl)Cl
METHYL 2-PHTHALIMIDOACETATE,COC(=O)CN1C(=O)C2=CC=CC=C2C1=O,4.424,CHCl3,1,ClC(Cl)Cl
"Methyl 6-oxo-1,6-dihydropyridine-2-carboxylate",COC(=O)C1=CC=CC(=O)N1,2.824,CHCl3,1,ClC(Cl)Cl
"Methyl-2,6-dimethoxybenzoate",COC1=C(C(=CC=C1)OC)C(=O)OC,4.637,CHCl3,1,ClC(Cl)Cl
Methyl-3-bromo-4-iodobenzoate,COC(=O)C1=CC(=C(C=C1)I)Br,6.161,CHCl3,1,ClC(Cl)Cl
"Methyl-6-Oxo-1,6-dihydropyridazine-3-carboxylate",COC(=O)C1=NNC(=O)C=C1,1.314,CHCl3,0,ClC(Cl)Cl
Methyl-diethylphosphonoacetate,CCOP(=O)(CC(=O)OC)OCC,3.654,CHCl3,1,ClC(Cl)Cl
N(im)-Trityl-L-histidine,C1=CC=C(C=C1)C(C2=CC=CC=C2)(C3=CC=CC=C3)N4C=C(N=C4)C[C@@H](C(=O)O)N,0.0,CHCl3,0,ClC(Cl)Cl
"N,N-Dimethyl-L-phenylalanine",CN(C)[C@@H](CC1=CC=CC=C1)C(=O)O,1.55,CHCl3,0,ClC(Cl)Cl
N-Acetyl-L-tryptophan,CC(=O)N[C@@H](CC1=CNC2=CC=CC=C21)C(=O)O,0.0,CHCl3,0,ClC(Cl)Cl
N-Benzylidenebenzylamine,C1=CC=C(C=C1)CN=CC2=CC=CC=C2,5.775,CHCl3,1,ClC(Cl)Cl
N-Phthaloylglycine,C1=CC=C2C(=C1)C(=O)N(C2=O)CC(=O)O,0.0,CHCl3,1,ClC(Cl)Cl
"N-[(1,1-Dimethylethoxy)carbonyl]-L-histidine methyl_ester",CC(C)(C)OC(=O)N[C@@H](CC1=CN=CN1)C(=O)OC,3.927,CHCl3,1,ClC(Cl)Cl
N-[(Phenylmethoxy)carbonyl]-O-(phenylmethyl)-L-serine_,C1=CC=C(C=C1)COC[C@@H](C(=O)O)NC(=O)OCC2=CC=CC=C2,3.41,CHCl3,1,ClC(Cl)Cl
"N6-[(1,1-Dimethylethoxy)carbonyl]-N2-[(9H-fluoren-9-ylmethoxy)carbonyl]-2-methyl-D-lysine",C[C@@](CCCCNC(=O)OC(C)(C)C)(C(=O)O)NC(=O)OCC1C2=CC=CC=C2C3=CC=CC=C13,5.694,CHCl3,1,ClC(Cl)Cl
"N6-[(1,1-Dimethylethoxy)carbonyl]-N2-[(phenylmethoxy)carbonyl]-L-lysine",CC(C)(C)OC(=O)NCCCC[C@@H](C(=O)O)NC(=O)OCC1=CC=CC=C1,3.484,CHCl3,1,ClC(Cl)Cl
Nalpha-[(9H-Fluoren-9-ylmethoxy)carbonyl]-L-threonine tert-Butyl-Ester,C[C@H]([C@@H](C(=O)OC(C)(C)C)NC(=O)OCC1C2=CC=CC=C2C3=CC=CC=C13)O,5.805,CHCl3,1,ClC(Cl)Cl
Phenyl-benzoate,C1=CC=C(C=C1)C(=O)OC2=CC=CC=C2,5.715,CHCl3,1,ClC(Cl)Cl
Pindolol,CC(C)NCC(COC1=CC=CC2=C1C=CN2)O,0.0,CHCl3,1,ClC(Cl)Cl
Protocatechuic_acid,C1=CC(=C(C=C1C(=O)O)O)O,0.0,CHCl3,0,ClC(Cl)Cl
Suberic_acid_monomethyl_ester,COC(=O)CCCCCCC(=O)O,0.0,CHCl3,1,ClC(Cl)Cl
Z-D-Glu-OBzl,C1=CC=C(C=C1)COC(=O)[C@@H](CCC(=O)O)NC(=O)OCC2=CC=CC=C2,3.573,CHCl3,1,ClC(Cl)Cl
Z-D-Phg-OH,C1=CC=C(C=C1)COC(=O)N[C@H](C2=CC=CC=C2)C(=O)O,3.199,CHCl3,1,ClC(Cl)Cl
"meso-1,2-Dibromo-1,2-diphenylethane",C1=CC=C(C=C1)C(C(C2=CC=CC=C2)Br)Br,6.104,CHCl3,0,ClC(Cl)Cl
mono-tert-Butyl_succinate,CC(C)(C)OC(=O)CCC(=O)O,4.12,CHCl3,0,ClC(Cl)Cl
pentafluorobenzyl-bromide,C(C1=C(C(=C(C(=C1F)F)F)F)F)Br,5.778,CHCl3,1,ClC(Cl)Cl
"trans-1,2-Bis(phenylsulfonyl)ethylene",C1=CC=C(C=C1)S(=O)(=O)/C=C/S(=O)(=O)C2=CC=CC=C2,5.16,CHCl3,0,ClC(Cl)Cl
trans-4-(9-Fluorenylmethyloxycarbonylaminomethyl)-cyclohexanoic_acid,C1CC(CCC1CNC(=O)OCC2C3=CC=CC=C3C4=CC=CC=C24)C(=O)O,3.703,CHCl3,0,ClC(Cl)Cl
trans-Aconitic-acid,C(/C(=C\C(=O)O)/C(=O)O)C(=O)O,0.0,CHCl3,0,ClC(Cl)Cl
(1-BROMOETHYL)BENZENE,CC(C1=CC=CC=C1)Br,5.96,CHCl3,1,ClC(Cl)Cl
"(2,6-Dioxo-piperidin-4-yl)-acetic_acid",C1C(CC(=O)NC1=O)CC(=O)O,1.603,CHCl3,0,ClC(Cl)Cl
(2-BENZYLOXYCARBONYLAMINO-ACETYLAMINO)-ACETIC_ACID,C1=CC=C(C=C1)COC(=O)NCC(=O)NCC(=O)O,4.138,CHCl3,0,ClC(Cl)Cl
(2S)-2-{[(9H-fluoren-9-ylmethoxy)carbonyl]amino}-4-hydroxybutanoic acid,C1=CC=C2C(=C1)C(C3=CC=CC=C32)COC(=O)N[C@@H](CCO)C(=O)O,3.575,CHCl3,0,ClC(Cl)Cl
"(2S,5S)-1-Hydroxy-2,5-diphenylphospholane 1-oxide",C1C[C@H](P(=O)([C@@H]1C2=CC=CC=C2)O)C3=CC=CC=C3,4.587,CHCl3,1,ClC(Cl)Cl
"(?S)-4-(1,1-Dimethylethoxy)-?-[[(9H-fluoren-9-ylmethoxy)carbonyl]amino]benzenebutanoic_acid",CC(C)(C)OC1=CC=C(C=C1)CC[C@@H](C(=O)O)NC(=O)OCC2C3=CC=CC=C3C4=CC=CC=C24,6.202,CHCl3,1,ClC(Cl)Cl
(R)-(-)-2-Methoxy-2-phenylethanol,CO[C@@H](CO)C1=CC=CC=C1,4.385,CHCl3,1,ClC(Cl)Cl
"(S)-(-)-2-Amino-3-methyl-1,1-diphenyl-1-butanol",CC(C)[C@@H](C(C1=CC=CC=C1)(C2=CC=CC=C2)O)N,4.044,CHCl3,1,ClC(Cl)Cl
(S)-Benzyl 2-(((S)-1-methoxy-4-methyl-1-oxopentan-2-yl)carbamoyl)pyrrolidine-1-carboxylate,CC(C)C[C@@H](C(=O)OC)NC(=O)[C@@H]1CCCN1C(=O)OCC2=CC=CC=C2,5.522,CHCl3,1,ClC(Cl)Cl
"1,1,1-Tris(4-hydroxyphenyl)ethane",CC(C1=CC=C(C=C1)O)(C2=CC=C(C=C2)O)C3=CC=C(C=C3)O,4.962,CHCl3,0,ClC(Cl)Cl
"1,1,3-Triphenylpropargyl alcohol",C1=CC=C(C=C1)C#CC(C2=CC=CC=C2)(C3=CC=CC=C3)O,6.308,CHCl3,1,ClC(Cl)Cl
"1,2-Bis(4-hydroxyphenyl)ethane-1,2-dione",C1=CC(=CC=C1C(=O)C(=O)C2=CC=C(C=C2)O)O,4.821,CHCl3,0,ClC(Cl)Cl
"1,3-Bis(trifluoromethyl)-5-bromobenzene",C1=C(C=C(C=C1C(F)(F)F)Br)C(F)(F)F,6.324,CHCl3,1,ClC(Cl)Cl
"1,3-Butanediol-diacrylate",CC(CCOC(=O)C=C)OC(=O)C=C,5.359,CHCl3,1,ClC(Cl)Cl
"1,3-Dimethyl 2-[(4-methoxyphenyl)methylene]propanedioate",COC1=CC=C(C=C1)C=C(C(=O)OC)C(=O)OC,5.569,CHCl3,1,ClC(Cl)Cl
"1,3-Diphenylacetone_p-tosylhydrazone",CC1=CC=C(C=C1)S(=O)(=O)NN=C(CC2=CC=CC=C2)CC3=CC=CC=C3,6.303,CHCl3,1,ClC(Cl)Cl
"1,4-Bis(bromomethyl)-2,3,5,6-tetrafluorobenzene_",C(C1=C(C(=C(C(=C1F)F)CBr)F)F)Br,6.262,CHCl3,1,ClC(Cl)Cl
"1,4-Cyclohexanedicarboxylic-acid",C1CC(CCC1C(=O)O)C(=O)O,3.862,CHCl3,1,ClC(Cl)Cl
"1,4-Dibromo-2,3-butanedione",C(C(=O)C(=O)CBr)Br,4.114,CHCl3,0,ClC(Cl)Cl
1-(4-Biphenyl)-1-ethanol,CC(C1=CC=C(C=C1)C2=CC=CC=C2)O,5.562,CHCl3,0,ClC(Cl)Cl
"1-(9H-Fluoren-9-ylmethyl) (2S,4S)-4-[[(1,1-dimethylethoxy)carbonyl]amino]-1,2-pyrrolidinedicarboxylate_",CC(C)(C)OC(=O)N[C@H]1C[C@H](N(C1)C(=O)OCC2C3=CC=CC=C3C4=CC=CC=C24)C(=O)O,5.724,CHCl3,1,ClC(Cl)Cl
1-(tert-Butoxycarbonyl)-4-[(9H-fluoren-9-ylmethoxy)carbonyl]-2-piperazinecarboxylic_acid,CC(C)(C)OC(=O)N1CCN(CC1C(=O)O)C(=O)OCC2C3=CC=CC=C3C4=CC=CC=C24,5.934,CHCl3,1,ClC(Cl)Cl
1-BROMO-3-METHYLBUTANE,CC(C)CCBr,0.0,CHCl3,1,ClC(Cl)Cl
1-Benzofuran-5-carboxylic_acid,C1=CC2=C(C=CO2)C=C1C(=O)O,4.758,CHCl3,0,ClC(Cl)Cl
1-Benzylpiperidine,C1CCN(CC1)CC2=CC=CC=C2,3.3,CHCl3,1,ClC(Cl)Cl
1-Bromo-4-(trifluoromethoxy)benzene,C1=CC(=CC=C1OC(F)(F)F)Br,6.188,CHCl3,1,ClC(Cl)Cl
1-Bromopentanemethylbenzene,CC1=C(C(=C(C(=C1C)C)Br)C)C,0.0,CHCl3,1,ClC(Cl)Cl
1-Phenyl-5-(trifluoromethyl)-1H-pyrazole-4-carboxylic_acid,C1=CC=C(C=C1)N2C(=C(C=N2)C(=O)O)C(F)(F)F,5.106,CHCl3,1,ClC(Cl)Cl
1-Pyrenemethanol,C1=CC2=C3C(=C1)C=CC4=C(C=CC(=C43)C=C2)CO,5.734,CHCl3,1,ClC(Cl)Cl
"1-Tosyl-2,5-dihydro-1H-pyrrole",CC1=CC=C(C=C1)S(=O)(=O)N2CC=CC2,5.542,CHCl3,1,ClC(Cl)Cl
"2,2"",4,4""-Tetramethylbenzophenone",CC1=CC(=C(C=C1)C(=O)C2=C(C=C(C=C2)C)C)C,6.671,CHCl3,1,ClC(Cl)Cl
"2,2,2-TRIFLUOROACETOPHENONE",C1=CC=C(C=C1)C(=O)C(F)(F)F,4.769,CHCl3,1,ClC(Cl)Cl
"2,3,4-Trifluorobenzoic acid",C1=CC(=C(C(=C1C(=O)O)F)F)F,4.677,CHCl3,1,ClC(Cl)Cl
"2,3,6,7,10,11-Hexamethoxytriphenylene",COC1=C(C=C2C(=C1)C3=CC(=C(C=C3C4=CC(=C(C=C24)OC)OC)OC)OC)OC,5.87,CHCl3,0,ClC(Cl)Cl
"2,4,6-Tris(bromomethyl)mesitylene",CC1=C(C(=C(C(=C1CBr)C)CBr)C)CBr,6.722,CHCl3,0,ClC(Cl)Cl
"2,4-Dichlorophenol",C1=CC(=C(C=C1Cl)Cl)O,5.337,CHCl3,1,ClC(Cl)Cl
"2,6-Bis[(4S)-4-phenyl-2-oxazolinyl]pyridine",C1[C@@H](N=C(O1)C2=NC(=CC=C2)C3=N[C@H](CO3)C4=CC=CC=C4)C5=CC=CC=C5,5.816,CHCl3,1,ClC(Cl)Cl
"2,6-Dichloroiodobenzene",C1=CC(=C(C(=C1)Cl)I)Cl,6.312,CHCl3,1,ClC(Cl)Cl
"2,6-Diisopropylphenol",CC(C)C1=C(C(=CC=C1)C(C)C)O,6.114,CHCl3,1,ClC(Cl)Cl
"2,6-Dimethoxy-1,4-benzoquinone",COC1=CC(=O)C=C(C1=O)OC,3.943,CHCl3,1,ClC(Cl)Cl
"2,6-Dimethoxybenzoyl_chloride",COC1=C(C(=CC=C1)OC)C(=O)Cl,4.229,CHCl3,1,ClC(Cl)Cl
2-(3-Chlorophenoxy)propionic-acid,CC(C(=O)O)OC1=CC(=CC=C1)Cl,5.044,CHCl3,1,ClC(Cl)Cl
2-(4-Chlorobenzoyl)benzoic_acid,C1=CC=C(C(=C1)C(=O)C2=CC=C(C=C2)Cl)C(=O)O,5.374,CHCl3,1,ClC(Cl)Cl
2-(Diphenylphosphino)benzoic-acid,C1=CC=C(C=C1)P(C2=CC=CC=C2)C3=CC=CC=C3C(=O)O,6.127,CHCl3,1,ClC(Cl)Cl
2-(Trifluoromethyl)pyridine-4-carboxylic_acid,C1=CN=C(C=C1C(=O)O)C(F)(F)F,4.163,CHCl3,0,ClC(Cl)Cl
2-Amino-4-phenylphenol,C1=CC=C(C=C1)C2=CC(=C(C=C2)O)N,4.711,CHCl3,0,ClC(Cl)Cl
2-Amino-6-bromopyridine,C1=CC(=NC(=C1)Br)N,4.496,CHCl3,1,ClC(Cl)Cl
2-Benzyloxybenzoic_acid ,C1=CC=C(C=C1)COC2=CC=CC=C2C(=O)O,5.359,CHCl3,1,ClC(Cl)Cl
"2-Bromo-2',6'-diisopropoxy-1,1'-biphenyl",CC(C)OC1=C(C(=CC=C1)OC(C)C)C2=CC=CC=C2Br,0.0,CHCl3,1,ClC(Cl)Cl
2-Bromo-5-(trifluoromethyl)benzaldehyde,C1=CC(=C(C=C1C(F)(F)F)C=O)Br,5.885,CHCl3,1,ClC(Cl)Cl
2-Bromo-5-chlorotoluene,CC1=C(C=CC(=C1)Cl)Br,6.454,CHCl3,1,ClC(Cl)Cl
2-Bromoanthraquinone,C1=CC=C2C(=C1)C(=O)C3=C(C2=O)C=C(C=C3)Br,6.445,CHCl3,1,ClC(Cl)Cl
2-Bromonaphthalen-1-ol,C1=CC=C2C(=C1)C=CC(=C2O)Br,5.757,CHCl3,1,ClC(Cl)Cl
2-Bromophenethylamine,C1=CC=C(C(=C1)CCN)Br,3.473,CHCl3,1,ClC(Cl)Cl
2-Bromotoluene,CC1=CC=CC=C1Br,6.157,CHCl3,1,ClC(Cl)Cl
2-Hydroxy-4-(trifluoromethyl)aniline,C1=CC(=C(C=C1C(F)(F)F)O)N,4.993,CHCl3,0,ClC(Cl)Cl
2-Iodobenzaldehyde,C1=CC=C(C(=C1)C=O)I,5.631,CHCl3,1,ClC(Cl)Cl
2-Iodobenzyl_bromide,C1=CC=C(C(=C1)CBr)I,6.206,CHCl3,1,ClC(Cl)Cl
2-Iodopyridine,C1=CC=NC(=C1)I,4.783,CHCl3,1,ClC(Cl)Cl
2-Isopropylthioxanthone,CC(C)C1=CC2=C(C=C1)SC3=CC=CC=C3C2=O,6.677,CHCl3,1,ClC(Cl)Cl
"2-Methyl-5-(trifluoromethyl)-1,3-benzoxazole",CC1=NC2=C(O1)C=CC(=C2)C(F)(F)F,5.479,CHCl3,1,ClC(Cl)Cl
"3,3-Dimethyl-1-indanone",CC1(CC(=O)C2=CC=CC=C21)C,5.38,CHCl3,1,ClC(Cl)Cl
"3,4,5-TRIBROMO-1H-PYRAZOLE",C1(=C(NN=C1Br)Br)Br,5.283,CHCl3,0,ClC(Cl)Cl
"3,4,7,8-Tetramethyl-1,10-phenanthroline",CC1=CN=C2C(=C1C)C=CC3=C(C(=CN=C32)C)C,4.057,CHCl3,1,ClC(Cl)Cl
"3,5-Di-tert-butylbenzoic acid",CC(C)(C)C1=CC(=CC(=C1)C(=O)O)C(C)(C)C,6.11,CHCl3,1,ClC(Cl)Cl
"3,5-Dibromotoluene",CC1=CC(=CC(=C1)Br)Br,6.552,CHCl3,0,ClC(Cl)Cl
"3,5-Dimethylbenzoyl_chloride",CC1=CC(=CC(=C1)C(=O)Cl)C,5.091,CHCl3,1,ClC(Cl)Cl
"3,6-Dimethoxy-9H-carbazole",COC1=CC2=C(C=C1)NC3=C2C=C(C=C3)OC,5.577,CHCl3,1,ClC(Cl)Cl
3-(2-Naphthyl)acrylic_acid,C1=CC=C2C=C(C=CC2=C1)/C=C/C(=O)O,5.297,CHCl3,0,ClC(Cl)Cl
3-(Phenylthio)propanoic-acid,C1=CC=C(C=C1)SCCC(=O)O,5.054,CHCl3,1,ClC(Cl)Cl
3-(tert-Butoxycarbonyl)benzoic_acid,CC(C)(C)OC(=O)C1=CC=CC(=C1)C(=O)O,5.33,CHCl3,1,ClC(Cl)Cl
3-Bromobenzoyl_chloride,C1=CC(=CC(=C1)Br)C(=O)Cl,6.177,CHCl3,1,ClC(Cl)Cl
3-Bromopropionyl_chloride,C(CBr)C(=O)Cl,3.625,CHCl3,1,ClC(Cl)Cl
3-Chloro-4-methoxyaniline,COC1=C(C=C(C=C1)N)Cl,3.884,CHCl3,1,ClC(Cl)Cl
3-[[(9H-Fluoren-9-ylmethoxy)carbonyl]amino]-2-naphthalenecarboxylic acid,C1=CC=C2C=C(C(=CC2=C1)C(=O)O)NC(=O)OCC3C4=CC=CC=C4C5=CC=CC=C35,6.389,CHCl3,0,ClC(Cl)Cl
"4,4',4''-Trimethoxytrityl chloride",COC1=CC=C(C=C1)C(C2=CC=C(C=C2)OC)(C3=CC=C(C=C3)OC)Cl,6.063,CHCl3,1,ClC(Cl)Cl
"4,4'-Dihydroxybiphenyl",C1=CC(=CC=C1C2=CC=C(C=C2)O)O,4.669,CHCl3,0,ClC(Cl)Cl
"4,4'-Dimethoxybenzophenone",COC1=CC=C(C=C1)C(=O)C2=CC=C(C=C2)OC,5.783,CHCl3,1,ClC(Cl)Cl
"4,4?,4??-(1,3,5-TRIAZINE-2,4,6-TRIYL)TRIBENZALDEHYDE",C1=CC(=CC=C1C=O)C2=NC(=NC(=N2)C3=CC=C(C=C3)C=O)C4=CC=C(C=C4)C=O,5.449,CHCl3,0,ClC(Cl)Cl
4-(Bromomethyl)benzoic_acid,C1=CC(=CC=C1CBr)C(=O)O,4.98,CHCl3,0,ClC(Cl)Cl
4-(Hydroxymethyl)phenylacetic-acid,C1=CC(=CC=C1CC(=O)O)CO,3.718,CHCl3,0,ClC(Cl)Cl
4-(Trifluoroacetyl)phenacyl-bromide,C1=CC(=CC=C1C(=O)CBr)C(=O)C(F)(F)F,5.142,CHCl3,0,ClC(Cl)Cl
4-(Trifluoromethyl)benzylamine,C1=CC(=CC=C1CN)C(F)(F)F,3.509,CHCl3,1,ClC(Cl)Cl
"4-Bromo-3,5-dimethoxybenzoic acid",COC1=CC(=CC(=C1Br)OC)C(=O)O,5.027,CHCl3,0,ClC(Cl)Cl
4-Bromo-L-phenylalanine,C1=CC(=CC=C1C[C@@H](C(=O)O)N)Br,3.622,CHCl3,0,ClC(Cl)Cl
4-Chlorobenzenesulfonic_acid,C1=CC(=CC=C1S(=O)(=O)O)Cl,3.882,CHCl3,1,ClC(Cl)Cl
4-Chloropyridine-3-carboxylic_acid,C1=CN=CC(=C1Cl)C(=O)O,1.818,CHCl3,0,ClC(Cl)Cl
"4-Hydroxy-3,5-diiodobenzoic acid",C1=C(C=C(C(=C1I)O)I)C(=O)O,4.922,CHCl3,0,ClC(Cl)Cl
4-Hydroxyphthalic_acid,C1=CC(=C(C=C1O)C(=O)O)C(=O)O,3.237,CHCl3,0,ClC(Cl)Cl
4-Methoxybiphenyl,COC1=CC=C(C=C1)C2=CC=CC=C2,6.123,CHCl3,1,ClC(Cl)Cl
4-Methoxytriphenylamine,COC1=CC=C(C=C1)N(C2=CC=CC=C2)C3=CC=CC=C3,6.766,CHCl3,1,ClC(Cl)Cl
4-tert-Butylbenzoyl_chloride,CC(C)(C)C1=CC=C(C=C1)C(=O)Cl,5.431,CHCl3,1,ClC(Cl)Cl
"5,7-Dimethyl-[1,2,4]triazolo[1,5-a]pyrimidine-2-carboxylic acid",CC1=CC(=NC2=NC(=NN12)C(=O)O)C,3.073,CHCl3,0,ClC(Cl)Cl
5-(Trifluoromethyl)indole,C1=CC2=C(C=CN2)C=C1C(F)(F)F,5.722,CHCl3,1,ClC(Cl)Cl
5-(Trifluoromethyl)pyridine-2-carboxaldehyde,C1=CC(=NC=C1C(F)(F)F)C=O,3.976,CHCl3,1,ClC(Cl)Cl
5-Bromo-2-furoic_acid,C1=C(OC(=C1)Br)C(=O)O,4.056,CHCl3,0,ClC(Cl)Cl
5-Bromo-2-phenylpyridine,C1=CC=C(C=C1)C2=NC=C(C=C2)Br,6.116,CHCl3,1,ClC(Cl)Cl
"6,6'-Dibromo-1,1'-bi-2-naphthol",C1=CC2=C(C=CC(=C2C3=C(C=CC4=C3C=CC(=C4)Br)O)O)C=C1Br,6.489,CHCl3,0,ClC(Cl)Cl
8-Isoquinolinecarboxaldehyde,C1=CC2=C(C=NC=C2)C(=C1)C=O,3.547,CHCl3,1,ClC(Cl)Cl
Allyl-alpha-D-glucopyranoside,C=CCO[C@@H]1[C@@H]([C@H]([C@@H]([C@H](O1)CO)O)O)O,1.36,CHCl3,0,ClC(Cl)Cl
Aniline-2-sulfonic_acid,C1=CC=C(C(=C1)N)S(=O)(=O)O,2.292,CHCl3,0,ClC(Cl)Cl
Bis(diphenylphosphino)methane,C1=CC=C(C=C1)P(CP(C2=CC=CC=C2)C3=CC=CC=C3)C4=CC=CC=C4,0.0,CHCl3,1,ClC(Cl)Cl
DL-beta-Phenylalanine,C1=CC=C(C=C1)C(CC(=O)O)N,1.918,CHCl3,0,ClC(Cl)Cl
Di-tert-butylcyclopentadiene,CC(C)(C)C1C=CC(=C1)C(C)(C)C,0.0,CHCl3,1,ClC(Cl)Cl
Dibenzyl-malonate,C1=CC=C(C=C1)COC(=O)CC(=O)OCC2=CC=CC=C2,5.989,CHCl3,1,ClC(Cl)Cl
Dibromomaleic-acid,C(=C(\C(=O)O)/Br)(\C(=O)O)/Br,3.974,CHCl3,0,ClC(Cl)Cl
Diethyl 4-Methoxyphenylphosphonate,CCOP(=O)(C1=CC=C(C=C1)OC)OCC,4.937,CHCl3,1,ClC(Cl)Cl
Diethyl_dibutylmalonate,CCCCC(CCCC)(C(=O)OCC)C(=O)OCC,0.0,CHCl3,1,ClC(Cl)Cl
Diethyl_phenylmalonate,CCOC(=O)C(C1=CC=CC=C1)C(=O)OCC,5.761,CHCl3,1,ClC(Cl)Cl
"Dimethyl 1,3-cyclohexadiene-1,4-dicarboxylate",COC(=O)C1=CC=C(CC1)C(=O)OC,5.27,CHCl3,1,ClC(Cl)Cl
"Dimethyl 2,2'-bipyridine-4,4'-dicarboxylate",COC(=O)C1=CC(=NC=C1)C2=NC=CC(=C2)C(=O)OC,5.562,CHCl3,1,ClC(Cl)Cl
Dimethyl-propargylmalonate,COC(=O)C(CC#C)C(=O)OC,0.0,CHCl3,1,ClC(Cl)Cl
Ethyl 2-cyclohexanoneacetate,CCOC(=O)CC1CCCCC1=O,5.103,CHCl3,1,ClC(Cl)Cl
Ethyl 3-thiopheneacetate,CCOC(=O)CC1=CSC=C1,5.496,CHCl3,1,ClC(Cl)Cl
"Ethyl 4,4,4-trifluoroacetoacetate",CCOC(=O)CC(=O)C(F)(F)F,4.313,CHCl3,1,ClC(Cl)Cl
Ethyl mesitylglyoxylate,CCOC(=O)C(=O)C1=C(C=C(C=C1C)C)C,6.088,CHCl3,1,ClC(Cl)Cl
Ethyl-3-oxohexanoate,CCCC(=O)CC(=O)OCC,5.04,CHCl3,1,ClC(Cl)Cl
Ethyl-4-bromocrotonate,CCOC(=O)/C=C/CBr,5.433,CHCl3,1,ClC(Cl)Cl
Ethyl-4-iodobenzoate,CCOC(=O)C1=CC=C(C=C1)I,6.153,CHCl3,1,ClC(Cl)Cl
FMOC-D-ORN(ALOC)-OH,C=CCOC(=O)NCCC[C@H](C(=O)O)NC(=O)OCC1C2=CC=CC=C2C3=CC=CC=C13,5.469,CHCl3,1,ClC(Cl)Cl
Flavanone,C1C(OC2=CC=CC=C2C1=O)C3=CC=CC=C3,5.939,CHCl3,1,ClC(Cl)Cl
Flufenamic-acid,C1=CC=C(C(=C1)C(=O)O)NC2=CC=CC(=C2)C(F)(F)F,6.025,CHCl3,1,ClC(Cl)Cl
Hematein,C1C2=CC(=C(C=C2C3=C4C=CC(=O)C(=C4OCC31O)O)O)O,4.919,CHCl3,0,ClC(Cl)Cl
METHYL 2-PHTHALIMIDOACETATE,COC(=O)CN1C(=O)C2=CC=CC=C2C1=O,5.022,CHCl3,1,ClC(Cl)Cl
"Methyl 6-oxo-1,6-dihydropyridine-2-carboxylate",COC(=O)C1=CC=CC(=O)N1,3.413,CHCl3,1,ClC(Cl)Cl
"Methyl-2,6-dimethoxybenzoate",COC1=C(C(=CC=C1)OC)C(=O)OC,5.138,CHCl3,1,ClC(Cl)Cl
Methyl-3-bromo-4-iodobenzoate,COC(=O)C1=CC(=C(C=C1)I)Br,6.256,CHCl3,1,ClC(Cl)Cl
"Methyl-6-Oxo-1,6-dihydropyridazine-3-carboxylate",COC(=O)C1=NNC(=O)C=C1,3.235,CHCl3,0,ClC(Cl)Cl
Methyl-diethylphosphonoacetate,CCOP(=O)(CC(=O)OC)OCC,4.05,CHCl3,1,ClC(Cl)Cl
N(im)-Trityl-L-histidine,C1=CC=C(C=C1)C(C2=CC=CC=C2)(C3=CC=CC=C3)N4C=C(N=C4)C[C@@H](C(=O)O)N,4.361,CHCl3,0,ClC(Cl)Cl
"N,N-Dimethyl-L-phenylalanine",CN(C)[C@@H](CC1=CC=CC=C1)C(=O)O,3.197,CHCl3,0,ClC(Cl)Cl
N-Acetyl-L-tryptophan,CC(=O)N[C@@H](CC1=CNC2=CC=CC=C21)C(=O)O,4.141,CHCl3,0,ClC(Cl)Cl
N-Benzylidenebenzylamine,C1=CC=C(C=C1)CN=CC2=CC=CC=C2,4.85,CHCl3,1,ClC(Cl)Cl
N-Phthaloylglycine,C1=CC=C2C(=C1)C(=O)N(C2=O)CC(=O)O,4.125,CHCl3,1,ClC(Cl)Cl
"N-[(1,1-Dimethylethoxy)carbonyl]-L-histidine methyl_ester",CC(C)(C)OC(=O)N[C@@H](CC1=CN=CN1)C(=O)OC,3.445,CHCl3,1,ClC(Cl)Cl
N-[(Phenylmethoxy)carbonyl]-O-(phenylmethyl)-L-serine_,C1=CC=C(C=C1)COC[C@@H](C(=O)O)NC(=O)OCC2=CC=CC=C2,5.432,CHCl3,1,ClC(Cl)Cl
"N6-[(1,1-Dimethylethoxy)carbonyl]-N2-[(9H-fluoren-9-ylmethoxy)carbonyl]-2-methyl-D-lysine",C[C@@](CCCCNC(=O)OC(C)(C)C)(C(=O)O)NC(=O)OCC1C2=CC=CC=C2C3=CC=CC=C13,5.893,CHCl3,1,ClC(Cl)Cl
"N6-[(1,1-Dimethylethoxy)carbonyl]-N2-[(phenylmethoxy)carbonyl]-L-lysine",CC(C)(C)OC(=O)NCCCC[C@@H](C(=O)O)NC(=O)OCC1=CC=CC=C1,5.311,CHCl3,1,ClC(Cl)Cl
Nalpha-[(9H-Fluoren-9-ylmethoxy)carbonyl]-L-threonine tert-Butyl-Ester,C[C@H]([C@@H](C(=O)OC(C)(C)C)NC(=O)OCC1C2=CC=CC=C2C3=CC=CC=C13)O,6.036,CHCl3,1,ClC(Cl)Cl
Phenyl-benzoate,C1=CC=C(C=C1)C(=O)OC2=CC=CC=C2,6.089,CHCl3,1,ClC(Cl)Cl
Pindolol,CC(C)NCC(COC1=CC=CC2=C1C=CN2)O,3.486,CHCl3,1,ClC(Cl)Cl
Protocatechuic_acid,C1=CC(=C(C=C1C(=O)O)O)O,3.331,CHCl3,0,ClC(Cl)Cl
Suberic_acid_monomethyl_ester,COC(=O)CCCCCCC(=O)O,4.605,CHCl3,1,ClC(Cl)Cl
Z-D-Glu-OBzl,C1=CC=C(C=C1)COC(=O)[C@@H](CCC(=O)O)NC(=O)OCC2=CC=CC=C2,5.408,CHCl3,1,ClC(Cl)Cl
Z-D-Phg-OH,C1=CC=C(C=C1)COC(=O)N[C@H](C2=CC=CC=C2)C(=O)O,5.194,CHCl3,1,ClC(Cl)Cl
"meso-1,2-Dibromo-1,2-diphenylethane",C1=CC=C(C=C1)C(C(C2=CC=CC=C2)Br)Br,6.367,CHCl3,0,ClC(Cl)Cl
mono-tert-Butyl_succinate,CC(C)(C)OC(=O)CCC(=O)O,4.527,CHCl3,0,ClC(Cl)Cl
pentafluorobenzyl-bromide,C(C1=C(C(=C(C(=C1F)F)F)F)F)Br,6.171,CHCl3,1,ClC(Cl)Cl
"trans-1,2-Bis(phenylsulfonyl)ethylene",C1=CC=C(C=C1)S(=O)(=O)/C=C/S(=O)(=O)C2=CC=CC=C2,5.559,CHCl3,0,ClC(Cl)Cl
trans-4-(9-Fluorenylmethyloxycarbonylaminomethyl)-cyclohexanoic_acid,C1CC(CCC1CNC(=O)OCC2C3=CC=CC=C3C4=CC=CC=C24)C(=O)O,5.583,CHCl3,0,ClC(Cl)Cl
trans-Aconitic-acid,C(/C(=C\C(=O)O)/C(=O)O)C(=O)O,1.35,CHCl3,0,ClC(Cl)Cl
(1-BROMOETHYL)BENZENE,CC(C1=CC=CC=C1)Br,5.967,CHCl3,1,ClC(Cl)Cl
"(2,6-Dioxo-piperidin-4-yl)-acetic_acid",C1C(CC(=O)NC1=O)CC(=O)O,0.0,CHCl3,0,ClC(Cl)Cl
(2-BENZYLOXYCARBONYLAMINO-ACETYLAMINO)-ACETIC_ACID,C1=CC=C(C=C1)COC(=O)NCC(=O)NCC(=O)O,4.144,CHCl3,0,ClC(Cl)Cl
(2S)-2-{[(9H-fluoren-9-ylmethoxy)carbonyl]amino}-4-hydroxybutanoic acid,C1=CC=C2C(=C1)C(C3=CC=CC=C32)COC(=O)N[C@@H](CCO)C(=O)O,3.558,CHCl3,0,ClC(Cl)Cl
"(2S,5S)-1-Hydroxy-2,5-diphenylphospholane 1-oxide",C1C[C@H](P(=O)([C@@H]1C2=CC=CC=C2)O)C3=CC=CC=C3,2.549,CHCl3,1,ClC(Cl)Cl
"(?S)-4-(1,1-Dimethylethoxy)-?-[[(9H-fluoren-9-ylmethoxy)carbonyl]amino]benzenebutanoic_acid",CC(C)(C)OC1=CC=C(C=C1)CC[C@@H](C(=O)O)NC(=O)OCC2C3=CC=CC=C3C4=CC=CC=C24,3.933,CHCl3,1,ClC(Cl)Cl
(R)-(-)-2-Methoxy-2-phenylethanol,CO[C@@H](CO)C1=CC=CC=C1,4.342,CHCl3,1,ClC(Cl)Cl
"(S)-(-)-2-Amino-3-methyl-1,1-diphenyl-1-butanol",CC(C)[C@@H](C(C1=CC=CC=C1)(C2=CC=CC=C2)O)N,6.79,CHCl3,1,ClC(Cl)Cl
(S)-Benzyl 2-(((S)-1-methoxy-4-methyl-1-oxopentan-2-yl)carbamoyl)pyrrolidine-1-carboxylate,CC(C)C[C@@H](C(=O)OC)NC(=O)[C@@H]1CCCN1C(=O)OCC2=CC=CC=C2,5.557,CHCl3,1,ClC(Cl)Cl
"1,1,1-Tris(4-hydroxyphenyl)ethane",CC(C1=CC=C(C=C1)O)(C2=CC=C(C=C2)O)C3=CC=C(C=C3)O,4.966,CHCl3,0,ClC(Cl)Cl
"1,1,3-Triphenylpropargyl alcohol",C1=CC=C(C=C1)C#CC(C2=CC=CC=C2)(C3=CC=CC=C3)O,6.219,CHCl3,1,ClC(Cl)Cl
"1,2-Bis(4-hydroxyphenyl)ethane-1,2-dione",C1=CC(=CC=C1C(=O)C(=O)C2=CC=C(C=C2)O)O,0.0,CHCl3,0,ClC(Cl)Cl
"1,3-Bis(trifluoromethyl)-5-bromobenzene",C1=C(C=C(C=C1C(F)(F)F)Br)C(F)(F)F,6.352,CHCl3,1,ClC(Cl)Cl
"1,3-Butanediol-diacrylate",CC(CCOC(=O)C=C)OC(=O)C=C,5.342,CHCl3,1,ClC(Cl)Cl
"1,3-Dimethyl 2-[(4-methoxyphenyl)methylene]propanedioate",COC1=CC=C(C=C1)C=C(C(=O)OC)C(=O)OC,5.492,CHCl3,1,ClC(Cl)Cl
"1,3-Diphenylacetone_p-tosylhydrazone",CC1=CC=C(C=C1)S(=O)(=O)NN=C(CC2=CC=CC=C2)CC3=CC=CC=C3,6.124,CHCl3,1,ClC(Cl)Cl
"1,4-Bis(bromomethyl)-2,3,5,6-tetrafluorobenzene_",C(C1=C(C(=C(C(=C1F)F)CBr)F)F)Br,6.298,CHCl3,1,ClC(Cl)Cl
"1,4-Cyclohexanedicarboxylic-acid",C1CC(CCC1C(=O)O)C(=O)O,0.0,CHCl3,1,ClC(Cl)Cl
"1,4-Dibromo-2,3-butanedione",C(C(=O)C(=O)CBr)Br,3.62,CHCl3,0,ClC(Cl)Cl
1-(4-Biphenyl)-1-ethanol,CC(C1=CC=C(C=C1)C2=CC=CC=C2)O,5.558,CHCl3,0,ClC(Cl)Cl
"1-(9H-Fluoren-9-ylmethyl) (2S,4S)-4-[[(1,1-dimethylethoxy)carbonyl]amino]-1,2-pyrrolidinedicarboxylate_",CC(C)(C)OC(=O)N[C@H]1C[C@H](N(C1)C(=O)OCC2C3=CC=CC=C3C4=CC=CC=C24)C(=O)O,3.658,CHCl3,1,ClC(Cl)Cl
1-(tert-Butoxycarbonyl)-4-[(9H-fluoren-9-ylmethoxy)carbonyl]-2-piperazinecarboxylic_acid,CC(C)(C)OC(=O)N1CCN(CC1C(=O)O)C(=O)OCC2C3=CC=CC=C3C4=CC=CC=C24,3.705,CHCl3,1,ClC(Cl)Cl
1-BROMO-3-METHYLBUTANE,CC(C)CCBr,0.0,CHCl3,1,ClC(Cl)Cl
1-Benzofuran-5-carboxylic_acid,C1=CC2=C(C=CO2)C=C1C(=O)O,0.0,CHCl3,0,ClC(Cl)Cl
1-Benzylpiperidine,C1CCN(CC1)CC2=CC=CC=C2,0.0,CHCl3,1,ClC(Cl)Cl
1-Bromo-4-(trifluoromethoxy)benzene,C1=CC(=CC=C1OC(F)(F)F)Br,0.0,CHCl3,1,ClC(Cl)Cl
1-Bromopentanemethylbenzene,CC1=C(C(=C(C(=C1C)C)Br)C)C,0.0,CHCl3,1,ClC(Cl)Cl
1-Phenyl-5-(trifluoromethyl)-1H-pyrazole-4-carboxylic_acid,C1=CC=C(C=C1)N2C(=C(C=N2)C(=O)O)C(F)(F)F,1.555,CHCl3,1,ClC(Cl)Cl
1-Pyrenemethanol,C1=CC2=C3C(=C1)C=CC4=C(C=CC(=C43)C=C2)CO,5.63,CHCl3,1,ClC(Cl)Cl
"1-Tosyl-2,5-dihydro-1H-pyrrole",CC1=CC=C(C=C1)S(=O)(=O)N2CC=CC2,5.568,CHCl3,1,ClC(Cl)Cl
"2,2"",4,4""-Tetramethylbenzophenone",CC1=CC(=C(C=C1)C(=O)C2=C(C=C(C=C2)C)C)C,6.718,CHCl3,1,ClC(Cl)Cl
"2,2,2-TRIFLUOROACETOPHENONE",C1=CC=C(C=C1)C(=O)C(F)(F)F,4.757,CHCl3,1,ClC(Cl)Cl
"2,3,4-Trifluorobenzoic acid",C1=CC(=C(C(=C1C(=O)O)F)F)F,0.0,CHCl3,1,ClC(Cl)Cl
"2,3,6,7,10,11-Hexamethoxytriphenylene",COC1=C(C=C2C(=C1)C3=CC(=C(C=C3C4=CC(=C(C=C24)OC)OC)OC)OC)OC,5.892,CHCl3,0,ClC(Cl)Cl
"2,4,6-Tris(bromomethyl)mesitylene",CC1=C(C(=C(C(=C1CBr)C)CBr)C)CBr,6.604,CHCl3,0,ClC(Cl)Cl
"2,4-Dichlorophenol",C1=CC(=C(C=C1Cl)Cl)O,5.219,CHCl3,1,ClC(Cl)Cl
"2,6-Bis[(4S)-4-phenyl-2-oxazolinyl]pyridine",C1[C@@H](N=C(O1)C2=NC(=CC=C2)C3=N[C@H](CO3)C4=CC=CC=C4)C5=CC=CC=C5,5.83,CHCl3,1,ClC(Cl)Cl
"2,6-Dichloroiodobenzene",C1=CC(=C(C(=C1)Cl)I)Cl,5.546,CHCl3,1,ClC(Cl)Cl
"2,6-Diisopropylphenol",CC(C)C1=C(C(=CC=C1)C(C)C)O,6.125,CHCl3,1,ClC(Cl)Cl
"2,6-Dimethoxy-1,4-benzoquinone",COC1=CC(=O)C=C(C1=O)OC,3.926,CHCl3,1,ClC(Cl)Cl
"2,6-Dimethoxybenzoyl_chloride",COC1=C(C(=CC=C1)OC)C(=O)Cl,0.0,CHCl3,1,ClC(Cl)Cl
2-(3-Chlorophenoxy)propionic-acid,CC(C(=O)O)OC1=CC(=CC=C1)Cl,0.0,CHCl3,1,ClC(Cl)Cl
2-(4-Chlorobenzoyl)benzoic_acid,C1=CC=C(C(=C1)C(=O)C2=CC=C(C=C2)Cl)C(=O)O,3.145,CHCl3,1,ClC(Cl)Cl
2-(Diphenylphosphino)benzoic-acid,C1=CC=C(C=C1)P(C2=CC=CC=C2)C3=CC=CC=C3C(=O)O,4.301,CHCl3,1,ClC(Cl)Cl
2-(Trifluoromethyl)pyridine-4-carboxylic_acid,C1=CN=C(C=C1C(=O)O)C(F)(F)F,0.0,CHCl3,0,ClC(Cl)Cl
2-Amino-4-phenylphenol,C1=CC=C(C=C1)C2=CC(=C(C=C2)O)N,4.993,CHCl3,0,ClC(Cl)Cl
2-Amino-6-bromopyridine,C1=CC(=NC(=C1)Br)N,4.539,CHCl3,1,ClC(Cl)Cl
2-Benzyloxybenzoic_acid ,C1=CC=C(C=C1)COC2=CC=CC=C2C(=O)O,1.02,CHCl3,1,ClC(Cl)Cl
"2-Bromo-2',6'-diisopropoxy-1,1'-biphenyl",CC(C)OC1=C(C(=CC=C1)OC(C)C)C2=CC=CC=C2Br,6.718,CHCl3,1,ClC(Cl)Cl
2-Bromo-5-(trifluoromethyl)benzaldehyde,C1=CC(=C(C=C1C(F)(F)F)C=O)Br,5.909,CHCl3,1,ClC(Cl)Cl
2-Bromo-5-chlorotoluene,CC1=C(C=CC(=C1)Cl)Br,6.34,CHCl3,1,ClC(Cl)Cl
2-Bromoanthraquinone,C1=CC=C2C(=C1)C(=O)C3=C(C2=O)C=C(C=C3)Br,6.448,CHCl3,1,ClC(Cl)Cl
2-Bromonaphthalen-1-ol,C1=CC=C2C(=C1)C=CC(=C2O)Br,5.471,CHCl3,1,ClC(Cl)Cl
2-Bromophenethylamine,C1=CC=C(C(=C1)CCN)Br,4.843,CHCl3,1,ClC(Cl)Cl
2-Bromotoluene,CC1=CC=CC=C1Br,6.192,CHCl3,1,ClC(Cl)Cl
2-Hydroxy-4-(trifluoromethyl)aniline,C1=CC(=C(C=C1C(F)(F)F)O)N,5.006,CHCl3,0,ClC(Cl)Cl
2-Iodobenzaldehyde,C1=CC=C(C(=C1)C=O)I,5.649,CHCl3,1,ClC(Cl)Cl
2-Iodobenzyl_bromide,C1=CC=C(C(=C1)CBr)I,6.106,CHCl3,1,ClC(Cl)Cl
2-Iodopyridine,C1=CC=NC(=C1)I,4.791,CHCl3,1,ClC(Cl)Cl
2-Isopropylthioxanthone,CC(C)C1=CC2=C(C=C1)SC3=CC=CC=C3C2=O,6.709,CHCl3,1,ClC(Cl)Cl
"2-Methyl-5-(trifluoromethyl)-1,3-benzoxazole",CC1=NC2=C(O1)C=CC(=C2)C(F)(F)F,5.487,CHCl3,1,ClC(Cl)Cl
"3,3-Dimethyl-1-indanone",CC1(CC(=O)C2=CC=CC=C21)C,5.403,CHCl3,1,ClC(Cl)Cl
"3,4,5-TRIBROMO-1H-PYRAZOLE",C1(=C(NN=C1Br)Br)Br,4.016,CHCl3,0,ClC(Cl)Cl
"3,4,7,8-Tetramethyl-1,10-phenanthroline",CC1=CN=C2C(=C1C)C=CC3=C(C(=CN=C32)C)C,0.0,CHCl3,1,ClC(Cl)Cl
"3,5-Di-tert-butylbenzoic acid",CC(C)(C)C1=CC(=CC(=C1)C(=O)O)C(C)(C)C,3.58,CHCl3,1,ClC(Cl)Cl
"3,5-Dibromotoluene",CC1=CC(=CC(=C1)Br)Br,6.456,CHCl3,0,ClC(Cl)Cl
"3,5-Dimethylbenzoyl_chloride",CC1=CC(=CC(=C1)C(=O)Cl)C,0.0,CHCl3,1,ClC(Cl)Cl
"3,6-Dimethoxy-9H-carbazole",COC1=CC2=C(C=C1)NC3=C2C=C(C=C3)OC,5.577,CHCl3,1,ClC(Cl)Cl
3-(2-Naphthyl)acrylic_acid,C1=CC=C2C=C(C=CC2=C1)/C=C/C(=O)O,1.842,CHCl3,0,ClC(Cl)Cl
3-(Phenylthio)propanoic-acid,C1=CC=C(C=C1)SCCC(=O)O,0.0,CHCl3,1,ClC(Cl)Cl
3-(tert-Butoxycarbonyl)benzoic_acid,CC(C)(C)OC(=O)C1=CC=CC(=C1)C(=O)O,2.692,CHCl3,1,ClC(Cl)Cl
3-Bromobenzoyl_chloride,C1=CC(=CC(=C1)Br)C(=O)Cl,6.192,CHCl3,1,ClC(Cl)Cl
3-Bromopropionyl_chloride,C(CBr)C(=O)Cl,0.0,CHCl3,1,ClC(Cl)Cl
3-Chloro-4-methoxyaniline,COC1=C(C=C(C=C1)N)Cl,4.796,CHCl3,1,ClC(Cl)Cl
3-[[(9H-Fluoren-9-ylmethoxy)carbonyl]amino]-2-naphthalenecarboxylic acid,C1=CC=C2C=C(C(=CC2=C1)C(=O)O)NC(=O)OCC3C4=CC=CC=C4C5=CC=CC=C35,4.224,CHCl3,0,ClC(Cl)Cl
"4,4',4''-Trimethoxytrityl chloride",COC1=CC=C(C=C1)C(C2=CC=C(C=C2)OC)(C3=CC=C(C=C3)OC)Cl,5.956,CHCl3,1,ClC(Cl)Cl
"4,4'-Dihydroxybiphenyl",C1=CC(=CC=C1C2=CC=C(C=C2)O)O,4.662,CHCl3,0,ClC(Cl)Cl
"4,4'-Dimethoxybenzophenone",COC1=CC=C(C=C1)C(=O)C2=CC=C(C=C2)OC,5.813,CHCl3,1,ClC(Cl)Cl
"4,4?,4??-(1,3,5-TRIAZINE-2,4,6-TRIYL)TRIBENZALDEHYDE",C1=CC(=CC=C1C=O)C2=NC(=NC(=N2)C3=CC=C(C=C3)C=O)C4=CC=C(C=C4)C=O,5.452,CHCl3,0,ClC(Cl)Cl
4-(Bromomethyl)benzoic_acid,C1=CC(=CC=C1CBr)C(=O)O,0.0,CHCl3,0,ClC(Cl)Cl
4-(Hydroxymethyl)phenylacetic-acid,C1=CC(=CC=C1CC(=O)O)CO,0.0,CHCl3,0,ClC(Cl)Cl
4-(Trifluoroacetyl)phenacyl-bromide,C1=CC(=CC=C1C(=O)CBr)C(=O)C(F)(F)F,5.13,CHCl3,0,ClC(Cl)Cl
4-(Trifluoromethyl)benzylamine,C1=CC(=CC=C1CN)C(F)(F)F,6.592,CHCl3,1,ClC(Cl)Cl
"4-Bromo-3,5-dimethoxybenzoic acid",COC1=CC(=CC(=C1Br)OC)C(=O)O,1.023,CHCl3,0,ClC(Cl)Cl
4-Bromo-L-phenylalanine,C1=CC(=CC=C1C[C@@H](C(=O)O)N)Br,3.402,CHCl3,0,ClC(Cl)Cl
4-Chlorobenzenesulfonic_acid,C1=CC(=CC=C1S(=O)(=O)O)Cl,0.0,CHCl3,1,ClC(Cl)Cl
4-Chloropyridine-3-carboxylic_acid,C1=CN=CC(=C1Cl)C(=O)O,0.0,CHCl3,0,ClC(Cl)Cl
"4-Hydroxy-3,5-diiodobenzoic acid",C1=C(C=C(C(=C1I)O)I)C(=O)O,0.0,CHCl3,0,ClC(Cl)Cl
4-Hydroxyphthalic_acid,C1=CC(=C(C=C1O)C(=O)O)C(=O)O,0.0,CHCl3,0,ClC(Cl)Cl
4-Methoxybiphenyl,COC1=CC=C(C=C1)C2=CC=CC=C2,6.133,CHCl3,1,ClC(Cl)Cl
4-Methoxytriphenylamine,COC1=CC=C(C=C1)N(C2=CC=CC=C2)C3=CC=CC=C3,0.0,CHCl3,1,ClC(Cl)Cl
4-tert-Butylbenzoyl_chloride,CC(C)(C)C1=CC=C(C=C1)C(=O)Cl,1.757,CHCl3,1,ClC(Cl)Cl
"5,7-Dimethyl-[1,2,4]triazolo[1,5-a]pyrimidine-2-carboxylic acid",CC1=CC(=NC2=NC(=NN12)C(=O)O)C,0.0,CHCl3,0,ClC(Cl)Cl
5-(Trifluoromethyl)indole,C1=CC2=C(C=CN2)C=C1C(F)(F)F,5.736,CHCl3,1,ClC(Cl)Cl
5-(Trifluoromethyl)pyridine-2-carboxaldehyde,C1=CC(=NC=C1C(F)(F)F)C=O,4.096,CHCl3,1,ClC(Cl)Cl
5-Bromo-2-furoic_acid,C1=C(OC(=C1)Br)C(=O)O,0.0,CHCl3,0,ClC(Cl)Cl
5-Bromo-2-phenylpyridine,C1=CC=C(C=C1)C2=NC=C(C=C2)Br,6.024,CHCl3,1,ClC(Cl)Cl
"6,6'-Dibromo-1,1'-bi-2-naphthol",C1=CC2=C(C=CC(=C2C3=C(C=CC4=C3C=CC(=C4)Br)O)O)C=C1Br,6.48,CHCl3,0,ClC(Cl)Cl
8-Isoquinolinecarboxaldehyde,C1=CC2=C(C=NC=C2)C(=C1)C=O,4.445,CHCl3,1,ClC(Cl)Cl
Allyl-alpha-D-glucopyranoside,C=CCO[C@@H]1[C@@H]([C@H]([C@@H]([C@H](O1)CO)O)O)O,1.351,CHCl3,0,ClC(Cl)Cl
Aniline-2-sulfonic_acid,C1=CC=C(C(=C1)N)S(=O)(=O)O,0.0,CHCl3,0,ClC(Cl)Cl
Bis(diphenylphosphino)methane,C1=CC=C(C=C1)P(CP(C2=CC=CC=C2)C3=CC=CC=C3)C4=CC=CC=C4,0.0,CHCl3,1,ClC(Cl)Cl
DL-beta-Phenylalanine,C1=CC=C(C=C1)C(CC(=O)O)N,1.803,CHCl3,0,ClC(Cl)Cl
Di-tert-butylcyclopentadiene,CC(C)(C)C1C=CC(=C1)C(C)(C)C,0.0,CHCl3,1,ClC(Cl)Cl
Dibenzyl-malonate,C1=CC=C(C=C1)COC(=O)CC(=O)OCC2=CC=CC=C2,6.014,CHCl3,1,ClC(Cl)Cl
Dibromomaleic-acid,C(=C(\C(=O)O)/Br)(\C(=O)O)/Br,0.0,CHCl3,0,ClC(Cl)Cl
Diethyl 4-Methoxyphenylphosphonate,CCOP(=O)(C1=CC=C(C=C1)OC)OCC,4.883,CHCl3,1,ClC(Cl)Cl
Diethyl_dibutylmalonate,CCCCC(CCCC)(C(=O)OCC)C(=O)OCC,6.745,CHCl3,1,ClC(Cl)Cl
Diethyl_phenylmalonate,CCOC(=O)C(C1=CC=CC=C1)C(=O)OCC,5.776,CHCl3,1,ClC(Cl)Cl
"Dimethyl 1,3-cyclohexadiene-1,4-dicarboxylate",COC(=O)C1=CC=C(CC1)C(=O)OC,5.209,CHCl3,1,ClC(Cl)Cl
"Dimethyl 2,2'-bipyridine-4,4'-dicarboxylate",COC(=O)C1=CC(=NC=C1)C2=NC=CC(=C2)C(=O)OC,5.588,CHCl3,1,ClC(Cl)Cl
Dimethyl-propargylmalonate,COC(=O)C(CC#C)C(=O)OC,0.0,CHCl3,1,ClC(Cl)Cl
Ethyl 2-cyclohexanoneacetate,CCOC(=O)CC1CCCCC1=O,0.0,CHCl3,1,ClC(Cl)Cl
Ethyl 3-thiopheneacetate,CCOC(=O)CC1=CSC=C1,5.513,CHCl3,1,ClC(Cl)Cl
"Ethyl 4,4,4-trifluoroacetoacetate",CCOC(=O)CC(=O)C(F)(F)F,4.264,CHCl3,1,ClC(Cl)Cl
Ethyl mesitylglyoxylate,CCOC(=O)C(=O)C1=C(C=C(C=C1C)C)C,5.994,CHCl3,1,ClC(Cl)Cl
Ethyl-3-oxohexanoate,CCCC(=O)CC(=O)OCC,5.922,CHCl3,1,ClC(Cl)Cl
Ethyl-4-bromocrotonate,CCOC(=O)/C=C/CBr,5.447,CHCl3,1,ClC(Cl)Cl
Ethyl-4-iodobenzoate,CCOC(=O)C1=CC=C(C=C1)I,6.168,CHCl3,1,ClC(Cl)Cl
FMOC-D-ORN(ALOC)-OH,C=CCOC(=O)NCCC[C@H](C(=O)O)NC(=O)OCC1C2=CC=CC=C2C3=CC=CC=C13,3.596,CHCl3,1,ClC(Cl)Cl
Flavanone,C1C(OC2=CC=CC=C2C1=O)C3=CC=CC=C3,5.964,CHCl3,1,ClC(Cl)Cl
Flufenamic-acid,C1=CC=C(C(=C1)C(=O)O)NC2=CC=CC(=C2)C(F)(F)F,3.789,CHCl3,1,ClC(Cl)Cl
Hematein,C1C2=CC(=C(C=C2C3=C4C=CC(=O)C(=C4OCC31O)O)O)O,3.47,CHCl3,0,ClC(Cl)Cl
METHYL 2-PHTHALIMIDOACETATE,COC(=O)CN1C(=O)C2=CC=CC=C2C1=O,5.027,CHCl3,1,ClC(Cl)Cl
"Methyl 6-oxo-1,6-dihydropyridine-2-carboxylate",COC(=O)C1=CC=CC(=O)N1,3.345,CHCl3,1,ClC(Cl)Cl
"Methyl-2,6-dimethoxybenzoate",COC1=C(C(=CC=C1)OC)C(=O)OC,5.156,CHCl3,1,ClC(Cl)Cl
Methyl-3-bromo-4-iodobenzoate,COC(=O)C1=CC(=C(C=C1)I)Br,6.276,CHCl3,1,ClC(Cl)Cl
"Methyl-6-Oxo-1,6-dihydropyridazine-3-carboxylate",COC(=O)C1=NNC(=O)C=C1,1.933,CHCl3,0,ClC(Cl)Cl
Methyl-diethylphosphonoacetate,CCOP(=O)(CC(=O)OC)OCC,4.075,CHCl3,1,ClC(Cl)Cl
N(im)-Trityl-L-histidine,C1=CC=C(C=C1)C(C2=CC=CC=C2)(C3=CC=CC=C3)N4C=C(N=C4)C[C@@H](C(=O)O)N,0.0,CHCl3,0,ClC(Cl)Cl
"N,N-Dimethyl-L-phenylalanine",CN(C)[C@@H](CC1=CC=CC=C1)C(=O)O,2.23,CHCl3,0,ClC(Cl)Cl
N-Acetyl-L-tryptophan,CC(=O)N[C@@H](CC1=CNC2=CC=CC=C21)C(=O)O,0.0,CHCl3,0,ClC(Cl)Cl
N-Benzylidenebenzylamine,C1=CC=C(C=C1)CN=CC2=CC=CC=C2,6.028,CHCl3,1,ClC(Cl)Cl
N-Phthaloylglycine,C1=CC=C2C(=C1)C(=O)N(C2=O)CC(=O)O,0.0,CHCl3,1,ClC(Cl)Cl
"N-[(1,1-Dimethylethoxy)carbonyl]-L-histidine methyl_ester",CC(C)(C)OC(=O)N[C@@H](CC1=CN=CN1)C(=O)OC,4.47,CHCl3,1,ClC(Cl)Cl
N-[(Phenylmethoxy)carbonyl]-O-(phenylmethyl)-L-serine_,C1=CC=C(C=C1)COC[C@@H](C(=O)O)NC(=O)OCC2=CC=CC=C2,3.575,CHCl3,1,ClC(Cl)Cl
"N6-[(1,1-Dimethylethoxy)carbonyl]-N2-[(9H-fluoren-9-ylmethoxy)carbonyl]-2-methyl-D-lysine",C[C@@](CCCCNC(=O)OC(C)(C)C)(C(=O)O)NC(=O)OCC1C2=CC=CC=C2C3=CC=CC=C13,3.778,CHCl3,1,ClC(Cl)Cl
"N6-[(1,1-Dimethylethoxy)carbonyl]-N2-[(phenylmethoxy)carbonyl]-L-lysine",CC(C)(C)OC(=O)NCCCC[C@@H](C(=O)O)NC(=O)OCC1=CC=CC=C1,3.45,CHCl3,1,ClC(Cl)Cl
Nalpha-[(9H-Fluoren-9-ylmethoxy)carbonyl]-L-threonine tert-Butyl-Ester,C[C@H]([C@@H](C(=O)OC(C)(C)C)NC(=O)OCC1C2=CC=CC=C2C3=CC=CC=C13)O,6.055,CHCl3,1,ClC(Cl)Cl
Phenyl-benzoate,C1=CC=C(C=C1)C(=O)OC2=CC=CC=C2,6.025,CHCl3,1,ClC(Cl)Cl
Pindolol,CC(C)NCC(COC1=CC=CC2=C1C=CN2)O,0.0,CHCl3,1,ClC(Cl)Cl
Protocatechuic_acid,C1=CC(=C(C=C1C(=O)O)O)O,0.0,CHCl3,0,ClC(Cl)Cl
Suberic_acid_monomethyl_ester,COC(=O)CCCCCCC(=O)O,0.0,CHCl3,1,ClC(Cl)Cl
Z-D-Glu-OBzl,C1=CC=C(C=C1)COC(=O)[C@@H](CCC(=O)O)NC(=O)OCC2=CC=CC=C2,3.553,CHCl3,1,ClC(Cl)Cl
Z-D-Phg-OH,C1=CC=C(C=C1)COC(=O)N[C@H](C2=CC=CC=C2)C(=O)O,3.297,CHCl3,1,ClC(Cl)Cl
"meso-1,2-Dibromo-1,2-diphenylethane",Did not work,6.381,CHCl3,0,ClC(Cl)Cl
mono-tert-Butyl_succinate,CC(C)(C)OC(=O)CCC(=O)O,0.0,CHCl3,0,ClC(Cl)Cl
pentafluorobenzyl-bromide,C(C1=C(C(=C(C(=C1F)F)F)F)F)Br,6.066,CHCl3,1,ClC(Cl)Cl
"trans-1,2-Bis(phenylsulfonyl)ethylene",C1=CC=C(C=C1)S(=O)(=O)/C=C/S(=O)(=O)C2=CC=CC=C2,5.567,CHCl3,0,ClC(Cl)Cl
trans-4-(9-Fluorenylmethyloxycarbonylaminomethyl)-cyclohexanoic_acid,C1CC(CCC1CNC(=O)OCC2C3=CC=CC=C3C4=CC=CC=C24)C(=O)O,3.542,CHCl3,0,ClC(Cl)Cl
trans-Aconitic-acid,C(/C(=C\C(=O)O)/C(=O)O)C(=O)O,0.0,CHCl3,0,ClC(Cl)Cl
